experiment,tool,op,file,service,status,elapsed_s,actual_changed_lines,collateral_preserved
modification,composemorph,image,0kkun__tennis-track__.openapi_docker-compose.yml.yml,swagger-api,OK,0.0054,4,True
modification,yamlcpp-careful,image,0kkun__tennis-track__.openapi_docker-compose.yml.yml,swagger-api,OK,0.0033,5,True
modification,yamlcpp-naive,image,0kkun__tennis-track__.openapi_docker-compose.yml.yml,swagger-api,OK,0.003,11,False
modification,composemorph,image,1qzxc__infra__shared-files_docker_gitlabci_docker-compose.yml.yml,web,OK,0.0033,13,True
modification,yamlcpp-careful,image,1qzxc__infra__shared-files_docker_gitlabci_docker-compose.yml.yml,web,OK,0.003,13,False
modification,yamlcpp-naive,image,1qzxc__infra__shared-files_docker_gitlabci_docker-compose.yml.yml,web,OK,0.0029,17,False
modification,composemorph,image,3PillarGlobal__engineering-playbook__dockerized-automation_docker-compose.yml.yml,chromedriver,OK,0.0043,9,True
modification,yamlcpp-careful,image,3PillarGlobal__engineering-playbook__dockerized-automation_docker-compose.yml.yml,chromedriver,OK,0.0033,9,True
modification,yamlcpp-naive,image,3PillarGlobal__engineering-playbook__dockerized-automation_docker-compose.yml.yml,chromedriver,OK,0.0031,12,False
modification,composemorph,image,3bsolutionsltd__transconnect-app__docker-compose.yml.yml,postgres,OK,0.0071,13,True
modification,yamlcpp-careful,image,3bsolutionsltd__transconnect-app__docker-compose.yml.yml,postgres,OK,0.0049,19,True
modification,yamlcpp-naive,image,3bsolutionsltd__transconnect-app__docker-compose.yml.yml,postgres,OK,0.0049,30,False
modification,composemorph,image,4linux__540__mentoria_compose_frontend2_docker-compose.yml.yml,app-frontend2,OK,0.0057,8,True
modification,yamlcpp-careful,image,4linux__540__mentoria_compose_frontend2_docker-compose.yml.yml,app-frontend2,OK,0.0039,8,True
modification,yamlcpp-naive,image,4linux__540__mentoria_compose_frontend2_docker-compose.yml.yml,app-frontend2,OK,0.0036,29,False
modification,composemorph,image,97jsantos__atividade-pratica-modulo-14__docker-compose.yml.yml,backend,OK,0.0041,24,True
modification,yamlcpp-careful,image,97jsantos__atividade-pratica-modulo-14__docker-compose.yml.yml,backend,OK,0.0038,26,True
modification,yamlcpp-naive,image,97jsantos__atividade-pratica-modulo-14__docker-compose.yml.yml,backend,OK,0.0033,39,False
modification,composemorph,image,9Roflander__BigData-Labs-UNIME__Lab3_docker-compose.yml.yml,kafka,OK,0.0065,48,True
modification,yamlcpp-careful,image,9Roflander__BigData-Labs-UNIME__Lab3_docker-compose.yml.yml,kafka,OK,0.0045,64,False
modification,yamlcpp-naive,image,9Roflander__BigData-Labs-UNIME__Lab3_docker-compose.yml.yml,kafka,OK,0.0036,82,False
modification,composemorph,image,AAARRRCCC__richmond-walk-roulette__valhalla_docker-compose.yml.yml,valhalla,OK,0.0054,31,True
modification,yamlcpp-careful,image,AAARRRCCC__richmond-walk-roulette__valhalla_docker-compose.yml.yml,valhalla,OK,0.0035,32,True
modification,yamlcpp-naive,image,AAARRRCCC__richmond-walk-roulette__valhalla_docker-compose.yml.yml,valhalla,OK,0.0043,43,False
modification,composemorph,image,AAhmed233__microservice_dxc__sonarqube_docker-compose.yml.yml,sonarqube,OK,0.0055,2,True
modification,yamlcpp-careful,image,AAhmed233__microservice_dxc__sonarqube_docker-compose.yml.yml,sonarqube,OK,0.0037,4,False
modification,yamlcpp-naive,image,AAhmed233__microservice_dxc__sonarqube_docker-compose.yml.yml,sonarqube,OK,0.0031,16,False
modification,composemorph,image,ALipckin__task-flow-backend__auth_docker-compose.yml.yml,auth-db,OK,0.0051,9,True
modification,yamlcpp-careful,image,ALipckin__task-flow-backend__auth_docker-compose.yml.yml,auth-db,OK,0.0034,13,True
modification,yamlcpp-naive,image,ALipckin__task-flow-backend__auth_docker-compose.yml.yml,auth-db,OK,0.0034,28,False
modification,composemorph,image,AP0827__Multi-Threaded-Web-Server__docker-compose.yml.yml,modsecurity,OK,0.0064,4,True
modification,yamlcpp-careful,image,AP0827__Multi-Threaded-Web-Server__docker-compose.yml.yml,modsecurity,OK,0.0044,14,False
modification,yamlcpp-naive,image,AP0827__Multi-Threaded-Web-Server__docker-compose.yml.yml,modsecurity,OK,0.0039,36,False
modification,composemorph,image,AbdullahSholi__DOS_Project_Part1__docker-compose.yml.yml,catalog-server,OK,0.0046,8,True
modification,yamlcpp-careful,image,AbdullahSholi__DOS_Project_Part1__docker-compose.yml.yml,catalog-server,OK,0.004,8,True
modification,yamlcpp-naive,image,AbdullahSholi__DOS_Project_Part1__docker-compose.yml.yml,catalog-server,OK,0.0037,23,False
modification,composemorph,image,AdrienPoupa__docker-compose-nas__docker-compose.yml.yml,autobrr,OK,0.0164,38,True
modification,yamlcpp-careful,image,AdrienPoupa__docker-compose-nas__docker-compose.yml.yml,autobrr,OK,0.0126,55,True
modification,yamlcpp-naive,image,AdrienPoupa__docker-compose-nas__docker-compose.yml.yml,autobrr,OK,0.014,82,False
modification,composemorph,image,Aish2140__movie-recommender-endee__docker-compose.yml.yml,endee,OK,0.0047,5,True
modification,yamlcpp-careful,image,Aish2140__movie-recommender-endee__docker-compose.yml.yml,endee,OK,0.003,9,True
modification,yamlcpp-naive,image,Aish2140__movie-recommender-endee__docker-compose.yml.yml,endee,OK,0.0029,22,False
modification,composemorph,image,Akash112004__ChaiGallery__docker-compose.yml.yml,db,OK,0.0042,4,True
modification,yamlcpp-careful,image,Akash112004__ChaiGallery__docker-compose.yml.yml,db,OK,0.0028,5,True
modification,yamlcpp-naive,image,Akash112004__ChaiGallery__docker-compose.yml.yml,db,OK,0.0028,13,False
modification,composemorph,image,Akin-ctrl__Stock_pipeline__docker-compose.yml.yml,airflow-init,OK,0.0088,50,True
modification,yamlcpp-careful,image,Akin-ctrl__Stock_pipeline__docker-compose.yml.yml,airflow-init,OK,0.0089,59,False
modification,yamlcpp-naive,image,Akin-ctrl__Stock_pipeline__docker-compose.yml.yml,airflow-init,OK,0.0088,88,False
modification,composemorph,image,Alanaktion__artdeck__docker-compose.yml.yml,laravel.test,OK,0.0049,69,True
modification,yamlcpp-careful,image,Alanaktion__artdeck__docker-compose.yml.yml,laravel.test,OK,0.0036,69,True
modification,yamlcpp-naive,image,Alanaktion__artdeck__docker-compose.yml.yml,laravel.test,OK,0.0034,69,False
modification,composemorph,image,Alexandra2888__eShop__docker-compose.yml.yml,mongo,OK,0.0047,7,True
modification,yamlcpp-careful,image,Alexandra2888__eShop__docker-compose.yml.yml,mongo,OK,0.0031,10,True
modification,yamlcpp-naive,image,Alexandra2888__eShop__docker-compose.yml.yml,mongo,OK,0.0041,16,False
modification,composemorph,image,Alexestgrand__RoyalChess__docker-compose.yml.yml,postgres,OK,0.0054,5,True
modification,yamlcpp-careful,image,Alexestgrand__RoyalChess__docker-compose.yml.yml,postgres,OK,0.0034,9,True
modification,yamlcpp-naive,image,Alexestgrand__RoyalChess__docker-compose.yml.yml,postgres,OK,0.003,23,False
modification,composemorph,image,Alijewa25__Eco-Audit-AI-ggc__docker-compose.yml.yml,postgres,OK,0.0048,11,True
modification,yamlcpp-careful,image,Alijewa25__Eco-Audit-AI-ggc__docker-compose.yml.yml,postgres,OK,0.0033,12,True
modification,yamlcpp-naive,image,Alijewa25__Eco-Audit-AI-ggc__docker-compose.yml.yml,postgres,OK,0.0033,23,False
modification,composemorph,image,Amrue320__cicd-demo-app__docker-compose.yml.yml,app,OK,0.0062,17,True
modification,yamlcpp-careful,image,Amrue320__cicd-demo-app__docker-compose.yml.yml,app,OK,0.005,21,True
modification,yamlcpp-naive,image,Amrue320__cicd-demo-app__docker-compose.yml.yml,app,OK,0.0052,44,False
modification,composemorph,image,AndresHardware__Vaultwarden__docker-compose.yml.txt.yml,vaultwarden,OK,0.0089,3,True
modification,yamlcpp-careful,image,AndresHardware__Vaultwarden__docker-compose.yml.txt.yml,vaultwarden,OK,0.0061,3,True
modification,yamlcpp-naive,image,AndresHardware__Vaultwarden__docker-compose.yml.txt.yml,vaultwarden,OK,0.0055,33,False
modification,composemorph,image,AnjaliSamrat__Real-states-risks-scorer__docker-compose.yml.yml,postgres,OK,0.0077,8,True
modification,yamlcpp-careful,image,AnjaliSamrat__Real-states-risks-scorer__docker-compose.yml.yml,postgres,OK,0.0058,13,True
modification,yamlcpp-naive,image,AnjaliSamrat__Real-states-risks-scorer__docker-compose.yml.yml,postgres,OK,0.0053,25,False
modification,composemorph,image,Aram8956__LMSPlatform__docker-compose.yml.yml,rabbitmq,OK,0.0058,7,True
modification,yamlcpp-careful,image,Aram8956__LMSPlatform__docker-compose.yml.yml,rabbitmq,OK,0.0035,15,True
modification,yamlcpp-naive,image,Aram8956__LMSPlatform__docker-compose.yml.yml,rabbitmq,OK,0.0031,19,False
modification,composemorph,image,ArmandoHdzBta__api-spring__docker-compose.yml.yml,db,OK,0.0045,2,True
modification,yamlcpp-careful,image,ArmandoHdzBta__api-spring__docker-compose.yml.yml,db,OK,0.0029,3,True
modification,yamlcpp-naive,image,ArmandoHdzBta__api-spring__docker-compose.yml.yml,db,OK,0.0028,9,False
modification,composemorph,image,ArthurLopes191__Projetos-Ulbra__2022-1_PW_Aula_11_docker-lamp-pw-master_docker-compose.yml.yml,db,OK,0.0058,32,True
modification,yamlcpp-careful,image,ArthurLopes191__Projetos-Ulbra__2022-1_PW_Aula_11_docker-lamp-pw-master_docker-compose.yml.yml,db,OK,0.0036,33,True
modification,yamlcpp-naive,image,ArthurLopes191__Projetos-Ulbra__2022-1_PW_Aula_11_docker-lamp-pw-master_docker-compose.yml.yml,db,OK,0.0036,33,False
modification,composemorph,image,ArturB__RSO__docker-compose.yml.bak.yml,msapp-app,OK,0.0055,23,True
modification,yamlcpp-careful,image,ArturB__RSO__docker-compose.yml.bak.yml,msapp-app,OK,0.0035,24,True
modification,yamlcpp-naive,image,ArturB__RSO__docker-compose.yml.bak.yml,msapp-app,OK,0.0032,28,False
modification,composemorph,image,AryanMarwah7781__FitPub__docker-compose.yml.yml,postgres,OK,0.0059,17,True
modification,yamlcpp-careful,image,AryanMarwah7781__FitPub__docker-compose.yml.yml,postgres,OK,0.0039,22,True
modification,yamlcpp-naive,image,AryanMarwah7781__FitPub__docker-compose.yml.yml,postgres,OK,0.0037,37,False
modification,composemorph,image,AshwinSaklecha__LedgerPay__docker-compose.yml.yml,postgres,OK,0.0044,4,True
modification,yamlcpp-careful,image,AshwinSaklecha__LedgerPay__docker-compose.yml.yml,postgres,OK,0.0029,8,True
modification,yamlcpp-naive,image,AshwinSaklecha__LedgerPay__docker-compose.yml.yml,postgres,OK,0.0029,21,False
modification,composemorph,image,BD2KGenomics__dcc-ops__boardwalk_docker-compose.yml.yml,db,OK,0.0065,12,True
modification,yamlcpp-careful,image,BD2KGenomics__dcc-ops__boardwalk_docker-compose.yml.yml,db,OK,0.0072,57,True
modification,yamlcpp-naive,image,BD2KGenomics__dcc-ops__boardwalk_docker-compose.yml.yml,db,OK,0.0053,62,False
modification,composemorph,image,Baptiste4321__biblioteque-node_express__backend_docker-compose.yml.yml,db,OK,0.0045,27,True
modification,yamlcpp-careful,image,Baptiste4321__biblioteque-node_express__backend_docker-compose.yml.yml,db,OK,0.0032,31,True
modification,yamlcpp-naive,image,Baptiste4321__biblioteque-node_express__backend_docker-compose.yml.yml,db,OK,0.0031,38,False
modification,composemorph,image,Bensmina-Anass__streaming-sales-analytics__clickhouse_docker-compose.yml.yml,clickhouse,OK,0.0042,7,True
modification,yamlcpp-careful,image,Bensmina-Anass__streaming-sales-analytics__clickhouse_docker-compose.yml.yml,clickhouse,OK,0.0032,8,True
modification,yamlcpp-naive,image,Bensmina-Anass__streaming-sales-analytics__clickhouse_docker-compose.yml.yml,clickhouse,OK,0.0035,20,False
modification,composemorph,image,BinhSilver__sentry_Suport_learning_Japanese-Public__docker-compose.yml.yml,mysql,OK,0.0052,7,True
modification,yamlcpp-careful,image,BinhSilver__sentry_Suport_learning_Japanese-Public__docker-compose.yml.yml,mysql,OK,0.0039,12,True
modification,yamlcpp-naive,image,BinhSilver__sentry_Suport_learning_Japanese-Public__docker-compose.yml.yml,mysql,OK,0.0035,29,False
modification,composemorph,image,BlackAntik__service-oriented-architecture-__kafka_clickhouse_postgresql_docker-compose.yml.yml,clickhouse,OK,0.008,24,True
modification,yamlcpp-careful,image,BlackAntik__service-oriented-architecture-__kafka_clickhouse_postgresql_docker-compose.yml.yml,clickhouse,OK,0.0074,56,False
modification,yamlcpp-naive,image,BlackAntik__service-oriented-architecture-__kafka_clickhouse_postgresql_docker-compose.yml.yml,clickhouse,OK,0.006,68,False
modification,composemorph,image,Bleenq-Technology__ai-homelab__docker_ai_compose.ai.yml.yml,bge-m3,OK,0.0115,227,True
modification,yamlcpp-careful,image,Bleenq-Technology__ai-homelab__docker_ai_compose.ai.yml.yml,bge-m3,OK,0.0129,325,False
modification,yamlcpp-naive,image,Bleenq-Technology__ai-homelab__docker_ai_compose.ai.yml.yml,bge-m3,OK,0.0113,337,False
modification,composemorph,image,Bohdan778__quizbot__docker-compose.yml.yml,redis,OK,0.0045,3,True
modification,yamlcpp-careful,image,Bohdan778__quizbot__docker-compose.yml.yml,redis,OK,0.0028,6,True
modification,yamlcpp-naive,image,Bohdan778__quizbot__docker-compose.yml.yml,redis,OK,0.0028,8,False
modification,composemorph,image,Bola-j__SolKey__docker-compose.yml.yml,mailpit,OK,0.0037,1,True
modification,yamlcpp-careful,image,Bola-j__SolKey__docker-compose.yml.yml,mailpit,OK,0.0026,3,True
modification,yamlcpp-naive,image,Bola-j__SolKey__docker-compose.yml.yml,mailpit,OK,0.0026,5,False
modification,composemorph,image,BorowskaNatalia__mini_data_platform__docker-compose.yml.yml,minio,OK,0.0075,58,True
modification,yamlcpp-careful,image,BorowskaNatalia__mini_data_platform__docker-compose.yml.yml,minio,OK,0.0064,65,True
modification,yamlcpp-naive,image,BorowskaNatalia__mini_data_platform__docker-compose.yml.yml,minio,OK,0.0063,76,False
modification,composemorph,image,BrianTz79__Portafolio-Brian__docker-compose.yml.yml,cloudflared,OK,0.0041,2,True
modification,yamlcpp-careful,image,BrianTz79__Portafolio-Brian__docker-compose.yml.yml,cloudflared,OK,0.0027,3,True
modification,yamlcpp-naive,image,BrianTz79__Portafolio-Brian__docker-compose.yml.yml,cloudflared,OK,0.0027,9,False
modification,composemorph,image,ByteMeDirk__semantic-medallion-data-platform__docker-compose.yml.yml,metabase,OK,0.0051,6,True
modification,yamlcpp-careful,image,ByteMeDirk__semantic-medallion-data-platform__docker-compose.yml.yml,metabase,OK,0.0042,10,True
modification,yamlcpp-naive,image,ByteMeDirk__semantic-medallion-data-platform__docker-compose.yml.yml,metabase,OK,0.0035,27,False
modification,composemorph,image,CEIJ-GPSDE__GoTracker__docker-compose.yml.yml,nginx,OK,0.0066,19,True
modification,yamlcpp-careful,image,CEIJ-GPSDE__GoTracker__docker-compose.yml.yml,nginx,OK,0.0042,22,True
modification,yamlcpp-naive,image,CEIJ-GPSDE__GoTracker__docker-compose.yml.yml,nginx,OK,0.0037,34,False
modification,composemorph,image,CJLove__homelab__ArtifactKeeper_docker-compose.yml.yml,backend,OK,0.01,311,True
modification,yamlcpp-careful,image,CJLove__homelab__ArtifactKeeper_docker-compose.yml.yml,backend,OK,0.01,340,False
modification,yamlcpp-naive,image,CJLove__homelab__ArtifactKeeper_docker-compose.yml.yml,backend,OK,0.0089,391,False
modification,composemorph,image,CMU-313__docker-intro__docker-compose.yml_2.txt.yml,db,OK,0.0046,4,
modification,yamlcpp-careful,image,CMU-313__docker-intro__docker-compose.yml_2.txt.yml,db,OK,0.0027,5,
modification,yamlcpp-naive,image,CMU-313__docker-intro__docker-compose.yml_2.txt.yml,db,OK,0.0029,5,
modification,composemorph,image,CNR-ISMAR__iws__docker-compose.yml.old.yml,data-dir-conf,OK,0.008,124,True
modification,yamlcpp-careful,image,CNR-ISMAR__iws__docker-compose.yml.old.yml,data-dir-conf,OK,0.0063,129,True
modification,yamlcpp-naive,image,CNR-ISMAR__iws__docker-compose.yml.old.yml,data-dir-conf,OK,0.0097,135,False
modification,composemorph,image,CarMi0Proggramer__php-erp-challenge__docker-compose.yml.yml,db,OK,0.0071,1,True
modification,yamlcpp-careful,image,CarMi0Proggramer__php-erp-challenge__docker-compose.yml.yml,db,OK,0.0051,1,True
modification,yamlcpp-naive,image,CarMi0Proggramer__php-erp-challenge__docker-compose.yml.yml,db,OK,0.005,8,False
modification,composemorph,image,ChasakisD__MudDataGridEfCore__Api_docker-compose.yml.yml,db,OK,0.006,19,True
modification,yamlcpp-careful,image,ChasakisD__MudDataGridEfCore__Api_docker-compose.yml.yml,db,OK,0.005,19,True
modification,yamlcpp-naive,image,ChasakisD__MudDataGridEfCore__Api_docker-compose.yml.yml,db,OK,0.0049,19,False
modification,composemorph,image,CodesWhat__drydock__test_qa-compose.yml.yml,alpine-latest,OK,0.0156,213,True
modification,yamlcpp-careful,image,CodesWhat__drydock__test_qa-compose.yml.yml,alpine-latest,OK,0.01,244,False
modification,yamlcpp-naive,image,CodesWhat__drydock__test_qa-compose.yml.yml,alpine-latest,OK,0.0108,250,False
modification,composemorph,image,DDS-Solutions__AI-TadPole-OS__docker-compose.yml.yml,grafana,OK,0.006,14,True
modification,yamlcpp-careful,image,DDS-Solutions__AI-TadPole-OS__docker-compose.yml.yml,grafana,OK,0.004,20,True
modification,yamlcpp-naive,image,DDS-Solutions__AI-TadPole-OS__docker-compose.yml.yml,grafana,OK,0.0036,32,False
modification,composemorph,image,DEDSEC-0010__sentiment-serve__docker-compose.yml.yml,grafana,OK,0.0053,14,True
modification,yamlcpp-careful,image,DEDSEC-0010__sentiment-serve__docker-compose.yml.yml,grafana,OK,0.0032,17,True
modification,yamlcpp-naive,image,DEDSEC-0010__sentiment-serve__docker-compose.yml.yml,grafana,OK,0.0037,29,False
modification,composemorph,image,DamienDESSAUX-M2i__M2i_CDSD_TDTP__spark_demos_lab-etl_docker-compose.yml.yml,spark-master,OK,0.0055,12,True
modification,yamlcpp-careful,image,DamienDESSAUX-M2i__M2i_CDSD_TDTP__spark_demos_lab-etl_docker-compose.yml.yml,spark-master,OK,0.0035,16,True
modification,yamlcpp-naive,image,DamienDESSAUX-M2i__M2i_CDSD_TDTP__spark_demos_lab-etl_docker-compose.yml.yml,spark-master,OK,0.0035,29,False
modification,composemorph,image,DaniilK87__BookKeeping__docker-compose.yml.yml,myPostgres,OK,0.0041,9,True
modification,yamlcpp-careful,image,DaniilK87__BookKeeping__docker-compose.yml.yml,myPostgres,OK,0.0029,9,True
modification,yamlcpp-naive,image,DaniilK87__BookKeeping__docker-compose.yml.yml,myPostgres,OK,0.0029,17,False
modification,composemorph,image,DaniilZebzeev__hse-ml-contrast-checker__docker-compose.yml.yml,cli,OK,0.0045,6,True
modification,yamlcpp-careful,image,DaniilZebzeev__hse-ml-contrast-checker__docker-compose.yml.yml,cli,OK,0.003,10,True
modification,yamlcpp-naive,image,DaniilZebzeev__hse-ml-contrast-checker__docker-compose.yml.yml,cli,OK,0.003,19,False
modification,composemorph,image,Darkbuilder646__Task-Gestion__TaskGestion_-_Back_taskgestion_docker-compose.yml.yml,postgres,OK,0.0043,5,True
modification,yamlcpp-careful,image,Darkbuilder646__Task-Gestion__TaskGestion_-_Back_taskgestion_docker-compose.yml.yml,postgres,OK,0.0028,5,True
modification,yamlcpp-naive,image,Darkbuilder646__Task-Gestion__TaskGestion_-_Back_taskgestion_docker-compose.yml.yml,postgres,OK,0.0027,15,False
modification,composemorph,image,Darkcode-Git__CoopDigital__infra_docker-compose.yml.yml,postgres,OK,0.0045,6,True
modification,yamlcpp-careful,image,Darkcode-Git__CoopDigital__infra_docker-compose.yml.yml,postgres,OK,0.0032,6,True
modification,yamlcpp-naive,image,Darkcode-Git__CoopDigital__infra_docker-compose.yml.yml,postgres,OK,0.0029,15,False
modification,composemorph,image,DataChef07__NewsApp__docker-compose.yml.yml,mongo_db,OK,0.0046,12,True
modification,yamlcpp-careful,image,DataChef07__NewsApp__docker-compose.yml.yml,mongo_db,OK,0.0031,14,True
modification,yamlcpp-naive,image,DataChef07__NewsApp__docker-compose.yml.yml,mongo_db,OK,0.003,18,False
modification,composemorph,image,DataScientest-Studio__juin23_continu_mlops_meteo__docker-compose.yml.yml,db,OK,0.0049,22,True
modification,yamlcpp-careful,image,DataScientest-Studio__juin23_continu_mlops_meteo__docker-compose.yml.yml,db,OK,0.0034,22,True
modification,yamlcpp-naive,image,DataScientest-Studio__juin23_continu_mlops_meteo__docker-compose.yml.yml,db,OK,0.0035,34,False
modification,composemorph,image,DataScientest-Studio__juin23_continu_mlops_pompiers__docker-compose.yml.yml,api_admin,OK,0.0049,18,True
modification,yamlcpp-careful,image,DataScientest-Studio__juin23_continu_mlops_pompiers__docker-compose.yml.yml,api_admin,OK,0.0032,20,True
modification,yamlcpp-naive,image,DataScientest-Studio__juin23_continu_mlops_pompiers__docker-compose.yml.yml,api_admin,OK,0.0043,40,False
modification,composemorph,image,Dataman-Cloud__offline-prometheus__docker-compose.yml.tmp.yml,alertmanager,OK,0.0054,7,True
modification,yamlcpp-careful,image,Dataman-Cloud__offline-prometheus__docker-compose.yml.tmp.yml,alertmanager,OK,0.0039,7,True
modification,yamlcpp-naive,image,Dataman-Cloud__offline-prometheus__docker-compose.yml.tmp.yml,alertmanager,OK,0.0035,11,False
modification,composemorph,image,DavideC0__Esercizi__mongodb_docker-compose.yml.yml,mongo,OK,0.0045,21,True
modification,yamlcpp-careful,image,DavideC0__Esercizi__mongodb_docker-compose.yml.yml,mongo,OK,0.003,22,True
modification,yamlcpp-naive,image,DavideC0__Esercizi__mongodb_docker-compose.yml.yml,mongo,OK,0.0029,22,False
modification,composemorph,image,DevModeVivek__book-management-system__docker-compose.yml.yml,postgres,OK,0.0046,10,True
modification,yamlcpp-careful,image,DevModeVivek__book-management-system__docker-compose.yml.yml,postgres,OK,0.0034,15,True
modification,yamlcpp-naive,image,DevModeVivek__book-management-system__docker-compose.yml.yml,postgres,OK,0.0033,32,False
modification,composemorph,image,Diegoalt-dev__esave__docker-compose.yml.yml,mysql,OK,0.0041,4,True
modification,yamlcpp-careful,image,Diegoalt-dev__esave__docker-compose.yml.yml,mysql,OK,0.0026,5,True
modification,yamlcpp-naive,image,Diegoalt-dev__esave__docker-compose.yml.yml,mysql,OK,0.0026,10,False
modification,composemorph,image,DigneZzZ__dwg__docker-compose.yml.CLI.yml,adguardhome,OK,0.0048,10,True
modification,yamlcpp-careful,image,DigneZzZ__dwg__docker-compose.yml.CLI.yml,adguardhome,OK,0.0032,12,True
modification,yamlcpp-naive,image,DigneZzZ__dwg__docker-compose.yml.CLI.yml,adguardhome,OK,0.0034,22,False
modification,composemorph,image,DigneZzZ__dwg__docker-compose.yml.DARK.yml,adwireguard,OK,0.0064,19,True
modification,yamlcpp-careful,image,DigneZzZ__dwg__docker-compose.yml.DARK.yml,adwireguard,OK,0.0039,20,True
modification,yamlcpp-naive,image,DigneZzZ__dwg__docker-compose.yml.DARK.yml,adwireguard,OK,0.0033,40,False
modification,composemorph,image,DimasHernandez__authentication-microservice__local_environment_docker-compose.yml.yml,authentication-msvc,OK,0.0066,19,True
modification,yamlcpp-careful,image,DimasHernandez__authentication-microservice__local_environment_docker-compose.yml.yml,authentication-msvc,OK,0.0048,25,True
modification,yamlcpp-naive,image,DimasHernandez__authentication-microservice__local_environment_docker-compose.yml.yml,authentication-msvc,OK,0.0047,45,False
modification,composemorph,image,Dongdongshe__K-Scheduler__libfuzzer_integration_llvm_11.0.1_libcxx_utils_docker_debian9_buildbot_docker-compose.yml.yml,llvm-buildbot-worker,OK,0.0043,5,True
modification,yamlcpp-careful,image,Dongdongshe__K-Scheduler__libfuzzer_integration_llvm_11.0.1_libcxx_utils_docker_debian9_buildbot_docker-compose.yml.yml,llvm-buildbot-worker,OK,0.0028,7,True
modification,yamlcpp-naive,image,Dongdongshe__K-Scheduler__libfuzzer_integration_llvm_11.0.1_libcxx_utils_docker_debian9_buildbot_docker-compose.yml.yml,llvm-buildbot-worker,OK,0.0027,14,False
modification,composemorph,image,DouglasVolles__financial-transaction-processor__docker_docker-compose.yml.yml,mssql,OK,0.0049,7,True
modification,yamlcpp-careful,image,DouglasVolles__financial-transaction-processor__docker_docker-compose.yml.yml,mssql,OK,0.0033,13,True
modification,yamlcpp-naive,image,DouglasVolles__financial-transaction-processor__docker_docker-compose.yml.yml,mssql,OK,0.0034,19,False
modification,composemorph,image,EBiM-Benchmark__benchmark__task3_isaacsim_docker-compose.yml.yml,position_controller,OK,0.0057,15,True
modification,yamlcpp-careful,image,EBiM-Benchmark__benchmark__task3_isaacsim_docker-compose.yml.yml,position_controller,OK,0.0051,15,True
modification,yamlcpp-naive,image,EBiM-Benchmark__benchmark__task3_isaacsim_docker-compose.yml.yml,position_controller,OK,0.0054,29,False
modification,composemorph,image,EDDI-RobotAcademy__noodle-frontend__docker-compose.yml.yml,nginx,OK,0.0033,2,True
modification,yamlcpp-careful,image,EDDI-RobotAcademy__noodle-frontend__docker-compose.yml.yml,nginx,OK,0.0029,4,True
modification,yamlcpp-naive,image,EDDI-RobotAcademy__noodle-frontend__docker-compose.yml.yml,nginx,OK,0.0029,12,False
modification,composemorph,image,EgeOzdemirr__WebProject__docker-compose.yml.yml,mongodb,OK,0.0049,10,True
modification,yamlcpp-careful,image,EgeOzdemirr__WebProject__docker-compose.yml.yml,mongodb,OK,0.0041,20,True
modification,yamlcpp-naive,image,EgeOzdemirr__WebProject__docker-compose.yml.yml,mongodb,OK,0.0039,25,False
modification,composemorph,image,EldarTechWizard__medication-reminder__docker-compose.yml.yml,db,OK,0.0053,13,True
modification,yamlcpp-careful,image,EldarTechWizard__medication-reminder__docker-compose.yml.yml,db,OK,0.0039,15,True
modification,yamlcpp-naive,image,EldarTechWizard__medication-reminder__docker-compose.yml.yml,db,OK,0.0037,23,False
modification,composemorph,image,ElizaZadura__grafana-gpu-metrics__docker-compose.yml.yml,grafana,OK,0.0045,5,True
modification,yamlcpp-careful,image,ElizaZadura__grafana-gpu-metrics__docker-compose.yml.yml,grafana,OK,0.0033,8,True
modification,yamlcpp-naive,image,ElizaZadura__grafana-gpu-metrics__docker-compose.yml.yml,grafana,OK,0.004,16,False
modification,composemorph,image,EnigmaCurry__d.rymcg.tech__jitsi-meet_docker-compose.yaml.yml,jicofo,OK,0.015,924,True
modification,yamlcpp-careful,image,EnigmaCurry__d.rymcg.tech__jitsi-meet_docker-compose.yaml.yml,jicofo,OK,0.0092,924,True
modification,yamlcpp-naive,image,EnigmaCurry__d.rymcg.tech__jitsi-meet_docker-compose.yaml.yml,jicofo,OK,0.0088,839,False
modification,composemorph,image,EpicMorg__docker__linux_ecosystem_atlassian_fisheye_1_1.6.0.beta1_docker-compose.yml.yml,app,OK,0.0042,1,True
modification,yamlcpp-careful,image,EpicMorg__docker__linux_ecosystem_atlassian_fisheye_1_1.6.0.beta1_docker-compose.yml.yml,app,OK,0.0033,2,True
modification,yamlcpp-naive,image,EpicMorg__docker__linux_ecosystem_atlassian_fisheye_1_1.6.0.beta1_docker-compose.yml.yml,app,OK,0.0031,7,False
modification,composemorph,image,Erfan-ffa__UrlShortner-DistributedSystem-__docker-compose.yml.yml,mongo-replica-container,OK,0.0056,15,True
modification,yamlcpp-careful,image,Erfan-ffa__UrlShortner-DistributedSystem-__docker-compose.yml.yml,mongo-replica-container,OK,0.0043,25,True
modification,yamlcpp-naive,image,Erfan-ffa__UrlShortner-DistributedSystem-__docker-compose.yml.yml,mongo-replica-container,OK,0.0041,32,False
modification,composemorph,image,EviL345__praktika_bot__docker-compose.yml.yml,bot,OK,0.0064,7,True
modification,yamlcpp-careful,image,EviL345__praktika_bot__docker-compose.yml.yml,bot,OK,0.0045,9,True
modification,yamlcpp-naive,image,EviL345__praktika_bot__docker-compose.yml.yml,bot,OK,0.0048,23,False
modification,composemorph,image,EvilFreelancer__docker-nextcloud__docker-compose.yml.dist.yml,certbot,OK,0.0077,32,True
modification,yamlcpp-careful,image,EvilFreelancer__docker-nextcloud__docker-compose.yml.dist.yml,certbot,OK,0.006,32,True
modification,yamlcpp-naive,image,EvilFreelancer__docker-nextcloud__docker-compose.yml.dist.yml,certbot,OK,0.0043,35,False
modification,composemorph,image,Fayer00__metric_proyect__docker-compose.yml.yml,db,OK,0.0071,4,True
modification,yamlcpp-careful,image,Fayer00__metric_proyect__docker-compose.yml.yml,db,OK,0.0042,6,True
modification,yamlcpp-naive,image,Fayer00__metric_proyect__docker-compose.yml.yml,db,OK,0.0041,11,False
modification,composemorph,image,Felix-gg-cloud__ClaudeWorkspace__projects_LinguaLeap_docker-compose.yml.yml,minio,OK,0.0053,5,True
modification,yamlcpp-careful,image,Felix-gg-cloud__ClaudeWorkspace__projects_LinguaLeap_docker-compose.yml.yml,minio,OK,0.0033,9,True
modification,yamlcpp-naive,image,Felix-gg-cloud__ClaudeWorkspace__projects_LinguaLeap_docker-compose.yml.yml,minio,OK,0.0032,17,False
modification,composemorph,image,FtHalima__Smart-Internship-Freelance-Matching-Platform__smart-match-backend_docker-compose.yml.yml,mongo-express,OK,0.0051,5,True
modification,yamlcpp-careful,image,FtHalima__Smart-Internship-Freelance-Matching-Platform__smart-match-backend_docker-compose.yml.yml,mongo-express,OK,0.0036,9,False
modification,yamlcpp-naive,image,FtHalima__Smart-Internship-Freelance-Matching-Platform__smart-match-backend_docker-compose.yml.yml,mongo-express,OK,0.0034,18,False
modification,composemorph,image,GenessyX__open-gallery__docker-compose.yml.yml,minio,OK,0.0051,13,True
modification,yamlcpp-careful,image,GenessyX__open-gallery__docker-compose.yml.yml,minio,OK,0.0033,17,True
modification,yamlcpp-naive,image,GenessyX__open-gallery__docker-compose.yml.yml,minio,OK,0.0031,28,False
modification,composemorph,image,GetxoUdala__decidim-getxo__docker-compose.yml.old.yml,app,OK,0.0059,5,True
modification,yamlcpp-careful,image,GetxoUdala__decidim-getxo__docker-compose.yml.old.yml,app,OK,0.0056,5,True
modification,yamlcpp-naive,image,GetxoUdala__decidim-getxo__docker-compose.yml.old.yml,app,OK,0.004,51,False
modification,composemorph,image,Grazziano__api-adote-um-amigo__docker-compose.yml.yml,db,OK,0.0049,9,True
modification,yamlcpp-careful,image,Grazziano__api-adote-um-amigo__docker-compose.yml.yml,db,OK,0.0039,9,True
modification,yamlcpp-naive,image,Grazziano__api-adote-um-amigo__docker-compose.yml.yml,db,OK,0.0032,20,False
modification,composemorph,image,Guilher0__agro_monitor__docker-compose.yml.yml,app,OK,0.0054,19,True
modification,yamlcpp-careful,image,Guilher0__agro_monitor__docker-compose.yml.yml,app,OK,0.0039,22,True
modification,yamlcpp-naive,image,Guilher0__agro_monitor__docker-compose.yml.yml,app,OK,0.0043,50,False
modification,composemorph,image,Gustav0Prado__trab-seguranca__docker-compose.yml.yml,attacker,OK,0.0048,43,True
modification,yamlcpp-careful,image,Gustav0Prado__trab-seguranca__docker-compose.yml.yml,attacker,OK,0.0032,44,True
modification,yamlcpp-naive,image,Gustav0Prado__trab-seguranca__docker-compose.yml.yml,attacker,OK,0.0028,44,False
modification,composemorph,image,GustavAT__Votor__docker-compose.yml.old.yml,votor,OK,0.0047,3,True
modification,yamlcpp-careful,image,GustavAT__Votor__docker-compose.yml.old.yml,votor,OK,0.0033,3,True
modification,yamlcpp-naive,image,GustavAT__Votor__docker-compose.yml.old.yml,votor,OK,0.0037,6,False
modification,composemorph,image,HachimouAkram__examenQualiteLogiciel__docker-compose.yml.yml,db,OK,0.0049,9,True
modification,yamlcpp-careful,image,HachimouAkram__examenQualiteLogiciel__docker-compose.yml.yml,db,OK,0.0037,12,True
modification,yamlcpp-naive,image,HachimouAkram__examenQualiteLogiciel__docker-compose.yml.yml,db,OK,0.0037,20,False
modification,composemorph,image,Hamada-khairi__Hamada-HomeLab__docker-compose.yml.yml,adguardhome-sync,OK,0.0126,219,True
modification,yamlcpp-careful,image,Hamada-khairi__Hamada-HomeLab__docker-compose.yml.yml,adguardhome-sync,OK,0.0157,366,True
modification,yamlcpp-naive,image,Hamada-khairi__Hamada-HomeLab__docker-compose.yml.yml,adguardhome-sync,OK,0.0132,378,False
modification,composemorph,image,Heretek-AI__heretek-stacks__arcane-repo_templates_chiefonboarding_docker-compose.yml.yml,chiefonboarding,OK,0.0042,4,True
modification,yamlcpp-careful,image,Heretek-AI__heretek-stacks__arcane-repo_templates_chiefonboarding_docker-compose.yml.yml,chiefonboarding,OK,0.0028,6,True
modification,yamlcpp-naive,image,Heretek-AI__heretek-stacks__arcane-repo_templates_chiefonboarding_docker-compose.yml.yml,chiefonboarding,OK,0.0027,17,False
modification,composemorph,image,Hexsia__Fiport-Portfolio__docker-compose.yml.yml,postgres,OK,0.0049,5,True
modification,yamlcpp-careful,image,Hexsia__Fiport-Portfolio__docker-compose.yml.yml,postgres,OK,0.0044,10,True
modification,yamlcpp-naive,image,Hexsia__Fiport-Portfolio__docker-compose.yml.yml,postgres,OK,0.0045,23,False
modification,composemorph,image,HungTruong4689__Docker-and-Kubernetes__Docker_chapter-5-master_example-1_docker-compose.yml.yml,history,OK,0.0062,6,True
modification,yamlcpp-careful,image,HungTruong4689__Docker-and-Kubernetes__Docker_chapter-5-master_example-1_docker-compose.yml.yml,history,OK,0.0045,10,False
modification,yamlcpp-naive,image,HungTruong4689__Docker-and-Kubernetes__Docker_chapter-5-master_example-1_docker-compose.yml.yml,history,OK,0.0042,20,False
modification,composemorph,image,IT22277190__mtit-assignment2-hospital-microservices__docker-compose.yml.yml,mongodb,OK,0.0079,11,True
modification,yamlcpp-careful,image,IT22277190__mtit-assignment2-hospital-microservices__docker-compose.yml.yml,mongodb,OK,0.0059,49,False
modification,yamlcpp-naive,image,IT22277190__mtit-assignment2-hospital-microservices__docker-compose.yml.yml,mongodb,OK,0.006,63,False
modification,composemorph,image,IkigaiLabsETH__ikigAI-Labs__db_docker-compose.yml.md.yml,db,OK,0.0049,15,True
modification,yamlcpp-careful,image,IkigaiLabsETH__ikigAI-Labs__db_docker-compose.yml.md.yml,db,OK,0.0037,31,False
modification,yamlcpp-naive,image,IkigaiLabsETH__ikigAI-Labs__db_docker-compose.yml.md.yml,db,OK,0.0034,35,False
modification,composemorph,image,JJ810__ecommerce-django-react__docker-compose.yml.yml,db,OK,0.0051,6,True
modification,yamlcpp-careful,image,JJ810__ecommerce-django-react__docker-compose.yml.yml,db,OK,0.0035,7,True
modification,yamlcpp-naive,image,JJ810__ecommerce-django-react__docker-compose.yml.yml,db,OK,0.0033,11,False
modification,composemorph,image,JMaynor__Dolores__docker-compose.yml.yml,dolores,OK,0.0047,9,True
modification,yamlcpp-careful,image,JMaynor__Dolores__docker-compose.yml.yml,dolores,OK,0.0038,10,True
modification,yamlcpp-naive,image,JMaynor__Dolores__docker-compose.yml.yml,dolores,OK,0.0034,40,False
modification,composemorph,image,Jasonljy90__RabbitMQ-Project__docker-compose.yml.yml,rabbitmq,OK,0.0048,20,True
modification,yamlcpp-careful,image,Jasonljy90__RabbitMQ-Project__docker-compose.yml.yml,rabbitmq,OK,0.0036,21,True
modification,yamlcpp-naive,image,Jasonljy90__RabbitMQ-Project__docker-compose.yml.yml,rabbitmq,OK,0.0034,24,False
modification,composemorph,image,JeremiahM37__homelab-blueprint__docker-compose.example.yml.yml,audiobookshelf,OK,0.0115,108,True
modification,yamlcpp-careful,image,JeremiahM37__homelab-blueprint__docker-compose.example.yml.yml,audiobookshelf,OK,0.0094,141,True
modification,yamlcpp-naive,image,JeremiahM37__homelab-blueprint__docker-compose.example.yml.yml,audiobookshelf,OK,0.0108,150,False
modification,composemorph,image,JessicaNathany__rinha-de-backend-2025__deploy_docker-compose.yml.yml,backend-api-1,OK,0.0057,11,True
modification,yamlcpp-careful,image,JessicaNathany__rinha-de-backend-2025__deploy_docker-compose.yml.yml,backend-api-1,OK,0.004,21,False
modification,yamlcpp-naive,image,JessicaNathany__rinha-de-backend-2025__deploy_docker-compose.yml.yml,backend-api-1,OK,0.0039,32,False
modification,composemorph,image,Jianxuan-Li__dev-in-docker__python3-nginx_docker-compose.yml.yml,stack-build,OK,0.0047,2,True
modification,yamlcpp-careful,image,Jianxuan-Li__dev-in-docker__python3-nginx_docker-compose.yml.yml,stack-build,OK,0.003,3,True
modification,yamlcpp-naive,image,Jianxuan-Li__dev-in-docker__python3-nginx_docker-compose.yml.yml,stack-build,OK,0.0029,6,False
modification,composemorph,image,Jokerkraft__Sistema-De-Inventarios__docker-compose.yml.yml,mysql,OK,0.0048,3,True
modification,yamlcpp-careful,image,Jokerkraft__Sistema-De-Inventarios__docker-compose.yml.yml,mysql,OK,0.0032,5,True
modification,yamlcpp-naive,image,Jokerkraft__Sistema-De-Inventarios__docker-compose.yml.yml,mysql,OK,0.0029,21,False
modification,composemorph,image,JonasB11__KarteiCard__docker-compose.yml.yml,db,OK,0.0052,4,True
modification,yamlcpp-careful,image,JonasB11__KarteiCard__docker-compose.yml.yml,db,OK,0.0042,7,True
modification,yamlcpp-naive,image,JonasB11__KarteiCard__docker-compose.yml.yml,db,OK,0.0034,20,False
modification,composemorph,image,JoshDunnDev__farmy-fish-fry__docker-compose.yml.yml,db,OK,0.0059,23,True
modification,yamlcpp-careful,image,JoshDunnDev__farmy-fish-fry__docker-compose.yml.yml,db,OK,0.0036,29,True
modification,yamlcpp-naive,image,JoshDunnDev__farmy-fish-fry__docker-compose.yml.yml,db,OK,0.0033,47,False
modification,composemorph,image,JosueCoto2__AgroflexSOA__docker-compose.yml.yml,mysql,OK,0.0074,77,True
modification,yamlcpp-careful,image,JosueCoto2__AgroflexSOA__docker-compose.yml.yml,mysql,OK,0.0058,92,True
modification,yamlcpp-naive,image,JosueCoto2__AgroflexSOA__docker-compose.yml.yml,mysql,OK,0.0057,108,False
modification,composemorph,image,K-Vincetti__autoRUZ__s2_db_hw_by_presentations_influxDb_docker-compose.yml.yml,explorer,OK,0.005,2,True
modification,yamlcpp-careful,image,K-Vincetti__autoRUZ__s2_db_hw_by_presentations_influxDb_docker-compose.yml.yml,explorer,OK,0.0033,6,True
modification,yamlcpp-naive,image,K-Vincetti__autoRUZ__s2_db_hw_by_presentations_influxDb_docker-compose.yml.yml,explorer,OK,0.0034,14,False
modification,composemorph,image,KARTHIK-BATTIPROLU__Agentic-Resume-Tailor__overleaf_services_notifications_docker-compose.yml.yml,mongo,OK,0.0053,11,True
modification,yamlcpp-careful,image,KARTHIK-BATTIPROLU__Agentic-Resume-Tailor__overleaf_services_notifications_docker-compose.yml.yml,mongo,OK,0.0037,13,True
modification,yamlcpp-naive,image,KARTHIK-BATTIPROLU__Agentic-Resume-Tailor__overleaf_services_notifications_docker-compose.yml.yml,mongo,OK,0.0039,22,False
modification,composemorph,image,KamiALK__docker__databases_postgres_graph_docker-compose.yml.yml,music_db,OK,0.0045,12,True
modification,yamlcpp-careful,image,KamiALK__docker__databases_postgres_graph_docker-compose.yml.yml,music_db,OK,0.0032,13,True
modification,yamlcpp-naive,image,KamiALK__docker__databases_postgres_graph_docker-compose.yml.yml,music_db,OK,0.0031,23,False
modification,composemorph,image,Karnemorkon__matrix-dendrite-setup__docker-compose.yml.yml,admin-panel,OK,0.0065,68,True
modification,yamlcpp-careful,image,Karnemorkon__matrix-dendrite-setup__docker-compose.yml.yml,admin-panel,OK,0.0056,80,True
modification,yamlcpp-naive,image,Karnemorkon__matrix-dendrite-setup__docker-compose.yml.yml,admin-panel,OK,0.0065,94,False
modification,composemorph,image,L-rrrr__PapiBank__docker-compose.yml.yml,db,OK,0.0043,4,True
modification,yamlcpp-careful,image,L-rrrr__PapiBank__docker-compose.yml.yml,db,OK,0.0031,7,True
modification,yamlcpp-naive,image,L-rrrr__PapiBank__docker-compose.yml.yml,db,OK,0.0027,19,False
modification,composemorph,image,LegitCamper__homelab__homeserver_docker_compose.yml.yml,audiobookshelf,OK,0.0156,142,True
modification,yamlcpp-careful,image,LegitCamper__homelab__homeserver_docker_compose.yml.yml,audiobookshelf,OK,0.0146,163,True
modification,yamlcpp-naive,image,LegitCamper__homelab__homeserver_docker_compose.yml.yml,audiobookshelf,OK,0.0141,175,False
modification,composemorph,image,LiReyes__todo-api__docker-compose.yml.yml,db,OK,0.0044,23,True
modification,yamlcpp-careful,image,LiReyes__todo-api__docker-compose.yml.yml,db,OK,0.0029,24,True
modification,yamlcpp-naive,image,LiReyes__todo-api__docker-compose.yml.yml,db,OK,0.0028,32,False
modification,composemorph,image,ListerStellar__financial-tracker__docker-compose.yml.yml,db,OK,0.0044,15,True
modification,yamlcpp-careful,image,ListerStellar__financial-tracker__docker-compose.yml.yml,db,OK,0.0029,16,True
modification,yamlcpp-naive,image,ListerStellar__financial-tracker__docker-compose.yml.yml,db,OK,0.003,30,False
modification,composemorph,image,LuchnikKek__Team_Auth_sprint_2__docker-compose.yml.yml,auth_postgres,OK,0.0062,26,True
modification,yamlcpp-careful,image,LuchnikKek__Team_Auth_sprint_2__docker-compose.yml.yml,auth_postgres,OK,0.0046,30,True
modification,yamlcpp-naive,image,LuchnikKek__Team_Auth_sprint_2__docker-compose.yml.yml,auth_postgres,OK,0.0057,45,False
modification,composemorph,image,Lustyn__kats__docker-compose.yml.yml,nats,OK,0.0046,2,True
modification,yamlcpp-careful,image,Lustyn__kats__docker-compose.yml.yml,nats,OK,0.0028,3,True
modification,yamlcpp-naive,image,Lustyn__kats__docker-compose.yml.yml,nats,OK,0.0028,7,False
modification,composemorph,image,MT-TEAM-Org__batch__docker-compose.yml.yml,app,OK,0.0044,37,True
modification,yamlcpp-careful,image,MT-TEAM-Org__batch__docker-compose.yml.yml,app,OK,0.0031,37,True
modification,yamlcpp-naive,image,MT-TEAM-Org__batch__docker-compose.yml.yml,app,OK,0.0031,48,False
modification,composemorph,image,MaHryCT3__whitelist_backend__docker-compose.yml.yml,bot,OK,0.0045,4,True
modification,yamlcpp-careful,image,MaHryCT3__whitelist_backend__docker-compose.yml.yml,bot,OK,0.003,4,True
modification,yamlcpp-naive,image,MaHryCT3__whitelist_backend__docker-compose.yml.yml,bot,OK,0.003,16,False
modification,composemorph,image,MangwaleDev__searchv2__docker-compose.yml.yml,search-adminer,OK,0.008,74,True
modification,yamlcpp-careful,image,MangwaleDev__searchv2__docker-compose.yml.yml,search-adminer,OK,0.0092,103,True
modification,yamlcpp-naive,image,MangwaleDev__searchv2__docker-compose.yml.yml,search-adminer,OK,0.0077,112,False
modification,composemorph,image,MariaNosareva__backend-course__rabbitmq_topic-example_docker-compose.yml.yml,rabbit,OK,0.0039,10,True
modification,yamlcpp-careful,image,MariaNosareva__backend-course__rabbitmq_topic-example_docker-compose.yml.yml,rabbit,OK,0.0036,10,True
modification,yamlcpp-naive,image,MariaNosareva__backend-course__rabbitmq_topic-example_docker-compose.yml.yml,rabbit,OK,0.0036,10,False
modification,composemorph,image,Marukunai__alfresco__Alfresco_Ejercicio1_ejercicio_docker_docker-compose.yml.yml,ejercicio-acs,OK,0.0066,10,True
modification,yamlcpp-careful,image,Marukunai__alfresco__Alfresco_Ejercicio1_ejercicio_docker_docker-compose.yml.yml,ejercicio-acs,OK,0.0046,18,True
modification,yamlcpp-naive,image,Marukunai__alfresco__Alfresco_Ejercicio1_ejercicio_docker_docker-compose.yml.yml,ejercicio-acs,OK,0.0044,27,False
modification,composemorph,image,Marwan051__final-project-database__docker-compose.yml.yml,pgadmin,OK,0.0064,4,True
modification,yamlcpp-careful,image,Marwan051__final-project-database__docker-compose.yml.yml,pgadmin,OK,0.004,8,False
modification,yamlcpp-naive,image,Marwan051__final-project-database__docker-compose.yml.yml,pgadmin,OK,0.0041,20,False
modification,composemorph,image,MateuszRostek__book-store__docker-compose.yml.yml,mysqldb,OK,0.0044,8,True
modification,yamlcpp-careful,image,MateuszRostek__book-store__docker-compose.yml.yml,mysqldb,OK,0.0042,10,True
modification,yamlcpp-naive,image,MateuszRostek__book-store__docker-compose.yml.yml,mysqldb,OK,0.0038,19,False
modification,composemorph,image,MatiasJurgenson__ComfyUI-on-AMD-Linux-running-in-Podman__docker-compose.yml.yml,comfyk,OK,0.0055,22,True
modification,yamlcpp-careful,image,MatiasJurgenson__ComfyUI-on-AMD-Linux-running-in-Podman__docker-compose.yml.yml,comfyk,OK,0.0033,23,True
modification,yamlcpp-naive,image,MatiasJurgenson__ComfyUI-on-AMD-Linux-running-in-Podman__docker-compose.yml.yml,comfyk,OK,0.0032,45,False
modification,composemorph,image,MdMurad-102__nestJsTemplete__docker-compose.yml.yml,db,OK,0.0061,7,True
modification,yamlcpp-careful,image,MdMurad-102__nestJsTemplete__docker-compose.yml.yml,db,OK,0.0036,7,True
modification,yamlcpp-naive,image,MdMurad-102__nestJsTemplete__docker-compose.yml.yml,db,OK,0.004,19,False
modification,composemorph,image,MenkoyS__3PROJ__docker-compose.yml.yml,backend,OK,0.0072,11,True
modification,yamlcpp-careful,image,MenkoyS__3PROJ__docker-compose.yml.yml,backend,OK,0.0043,17,True
modification,yamlcpp-naive,image,MenkoyS__3PROJ__docker-compose.yml.yml,backend,OK,0.0053,48,False
modification,composemorph,image,Mingo07-dev__n8n_workflows__docker-compose.yml.yml,n8n,OK,0.0064,6,True
modification,yamlcpp-careful,image,Mingo07-dev__n8n_workflows__docker-compose.yml.yml,n8n,OK,0.0039,10,False
modification,yamlcpp-naive,image,Mingo07-dev__n8n_workflows__docker-compose.yml.yml,n8n,OK,0.0035,23,False
modification,composemorph,image,Morlock52__psscript-manager__psscript-test-20250731011322_docker-compose.yml.yml,test-db,OK,0.0047,4,True
modification,yamlcpp-careful,image,Morlock52__psscript-manager__psscript-test-20250731011322_docker-compose.yml.yml,test-db,OK,0.0029,7,True
modification,yamlcpp-naive,image,Morlock52__psscript-manager__psscript-test-20250731011322_docker-compose.yml.yml,test-db,OK,0.0038,13,False
modification,composemorph,image,MrTorriz__homelab__docker_compose.yml.yml,adguardhome,OK,0.0197,123,True
modification,yamlcpp-careful,image,MrTorriz__homelab__docker_compose.yml.yml,adguardhome,OK,0.0139,168,True
modification,yamlcpp-naive,image,MrTorriz__homelab__docker_compose.yml.yml,adguardhome,OK,0.0136,176,False
modification,composemorph,image,NikolaiLutsenko__Rhino.OAuth2__docker-compose.yml.yml,db,OK,0.0044,9,True
modification,yamlcpp-careful,image,NikolaiLutsenko__Rhino.OAuth2__docker-compose.yml.yml,db,OK,0.0032,9,True
modification,yamlcpp-naive,image,NikolaiLutsenko__Rhino.OAuth2__docker-compose.yml.yml,db,OK,0.0037,12,False
modification,composemorph,image,NuttyShrimp__bachelor-thesis-poc__benchmark_docker-compose.yml.yml,cadvisor,OK,0.0072,42,True
modification,yamlcpp-careful,image,NuttyShrimp__bachelor-thesis-poc__benchmark_docker-compose.yml.yml,cadvisor,OK,0.0077,67,True
modification,yamlcpp-naive,image,NuttyShrimp__bachelor-thesis-poc__benchmark_docker-compose.yml.yml,cadvisor,OK,0.0065,70,False
modification,composemorph,image,Oliver0804__docker_phpmyadmin__docker-compose.yml.yml,db,OK,0.0043,15,True
modification,yamlcpp-careful,image,Oliver0804__docker_phpmyadmin__docker-compose.yml.yml,db,OK,0.0039,15,True
modification,yamlcpp-naive,image,Oliver0804__docker_phpmyadmin__docker-compose.yml.yml,db,OK,0.0033,20,False
modification,composemorph,image,OneUptime__oneuptime__docker-compose.base.yml.yml,clickhouse,OK,0.0133,162,True
modification,yamlcpp-careful,image,OneUptime__oneuptime__docker-compose.base.yml.yml,clickhouse,OK,0.0123,201,True
modification,yamlcpp-naive,image,OneUptime__oneuptime__docker-compose.base.yml.yml,clickhouse,OK,0.0124,221,False
modification,composemorph,image,PacktPublishing__Building-Smart-Home-Automation-Solutions-with-Home-Assistant__Chapter_08_docker-compose.yml.yml,chronograf,OK,0.0058,82,True
modification,yamlcpp-careful,image,PacktPublishing__Building-Smart-Home-Automation-Solutions-with-Home-Assistant__Chapter_08_docker-compose.yml.yml,chronograf,OK,0.0078,87,True
modification,yamlcpp-naive,image,PacktPublishing__Building-Smart-Home-Automation-Solutions-with-Home-Assistant__Chapter_08_docker-compose.yml.yml,chronograf,OK,0.0068,93,False
modification,composemorph,image,PacktPublishing__PHP-8-Programming-Cookbook__docker-compose.yml.bak.yml,mysql,OK,0.0053,6,True
modification,yamlcpp-careful,image,PacktPublishing__PHP-8-Programming-Cookbook__docker-compose.yml.bak.yml,mysql,OK,0.0035,7,True
modification,yamlcpp-naive,image,PacktPublishing__PHP-8-Programming-Cookbook__docker-compose.yml.bak.yml,mysql,OK,0.0035,18,False
modification,composemorph,image,Payum__PayumServer__docker-compose.yml.dist.yml,mongo,OK,0.0044,4,True
modification,yamlcpp-careful,image,Payum__PayumServer__docker-compose.yml.dist.yml,mongo,OK,0.0029,4,True
modification,yamlcpp-naive,image,Payum__PayumServer__docker-compose.yml.dist.yml,mongo,OK,0.0029,5,False
modification,composemorph,image,PelionIoT__pelion-edge-provisioner__docker-compose.yml.yml,mongo,OK,0.0048,8,True
modification,yamlcpp-careful,image,PelionIoT__pelion-edge-provisioner__docker-compose.yml.yml,mongo,OK,0.003,10,True
modification,yamlcpp-naive,image,PelionIoT__pelion-edge-provisioner__docker-compose.yml.yml,mongo,OK,0.0037,17,False
modification,composemorph,image,PeterNguyenX__AI-ActivEdu-thesis__Others_docker-compose.yml.yml,mysql,OK,0.0067,13,True
modification,yamlcpp-careful,image,PeterNguyenX__AI-ActivEdu-thesis__Others_docker-compose.yml.yml,mysql,OK,0.0041,17,True
modification,yamlcpp-naive,image,PeterNguyenX__AI-ActivEdu-thesis__Others_docker-compose.yml.yml,mysql,OK,0.0039,28,False
modification,composemorph,image,PhuongDongIOT__restaurant__containers_kong_3_debian-12_docker-compose.yml.yml,kong,OK,0.0045,4,True
modification,yamlcpp-careful,image,PhuongDongIOT__restaurant__containers_kong_3_debian-12_docker-compose.yml.yml,kong,OK,0.0033,4,True
modification,yamlcpp-naive,image,PhuongDongIOT__restaurant__containers_kong_3_debian-12_docker-compose.yml.yml,kong,OK,0.0035,11,False
modification,composemorph,image,PoeenCy__NFStream-CIC-IDS-Pipeline__docker-compose.yml.yml,extractor,OK,0.0048,7,True
modification,yamlcpp-careful,image,PoeenCy__NFStream-CIC-IDS-Pipeline__docker-compose.yml.yml,extractor,OK,0.0031,7,True
modification,yamlcpp-naive,image,PoeenCy__NFStream-CIC-IDS-Pipeline__docker-compose.yml.yml,extractor,OK,0.003,11,False
modification,composemorph,image,ProjektZespolowyMetro__METRO__docker-compose.yml.yml,backend,OK,0.0054,25,True
modification,yamlcpp-careful,image,ProjektZespolowyMetro__METRO__docker-compose.yml.yml,backend,OK,0.0035,38,False
modification,yamlcpp-naive,image,ProjektZespolowyMetro__METRO__docker-compose.yml.yml,backend,OK,0.0039,59,False
modification,composemorph,image,ProtocolONE__s3-proxy__docker_docker-compose.yml.yml,s3-minio,OK,0.0029,2,True
modification,yamlcpp-careful,image,ProtocolONE__s3-proxy__docker_docker-compose.yml.yml,s3-minio,OK,0.003,2,True
modification,yamlcpp-naive,image,ProtocolONE__s3-proxy__docker_docker-compose.yml.yml,s3-minio,OK,0.0035,5,False
modification,composemorph,image,ProudRykar__MTUCI-Course_3-Fullstack__docker-compose.yml.yml,frontend-dev,OK,0.0074,29,True
modification,yamlcpp-careful,image,ProudRykar__MTUCI-Course_3-Fullstack__docker-compose.yml.yml,frontend-dev,OK,0.0048,39,True
modification,yamlcpp-naive,image,ProudRykar__MTUCI-Course_3-Fullstack__docker-compose.yml.yml,frontend-dev,OK,0.0043,60,False
modification,composemorph,image,Prushka__Recipe-Fullstack__docker-compose.yml.yml,backend,OK,0.005,7,True
modification,yamlcpp-careful,image,Prushka__Recipe-Fullstack__docker-compose.yml.yml,backend,OK,0.0039,15,True
modification,yamlcpp-naive,image,Prushka__Recipe-Fullstack__docker-compose.yml.yml,backend,OK,0.0035,18,False
modification,composemorph,image,Qauttrolab__paperless-ngx-synology-setup__docker-compose-ds723.yml.yml,backup-runner,OK,0.0103,426,True
modification,yamlcpp-careful,image,Qauttrolab__paperless-ngx-synology-setup__docker-compose-ds723.yml.yml,backup-runner,OK,0.0075,431,False
modification,yamlcpp-naive,image,Qauttrolab__paperless-ngx-synology-setup__docker-compose-ds723.yml.yml,backup-runner,OK,0.0074,439,False
modification,composemorph,image,RJWALICZEK__iot-monitor__docker-compose.yml.yml,pgadmin,OK,0.0046,12,True
modification,yamlcpp-careful,image,RJWALICZEK__iot-monitor__docker-compose.yml.yml,pgadmin,OK,0.0031,14,True
modification,yamlcpp-naive,image,RJWALICZEK__iot-monitor__docker-compose.yml.yml,pgadmin,OK,0.0031,23,False
modification,composemorph,image,RadovanBulla1304__DP_OtazkovySystem_v2__docker-compose.yml.yml,mongo,OK,0.0034,1,True
modification,yamlcpp-careful,image,RadovanBulla1304__DP_OtazkovySystem_v2__docker-compose.yml.yml,mongo,OK,0.0034,2,True
modification,yamlcpp-naive,image,RadovanBulla1304__DP_OtazkovySystem_v2__docker-compose.yml.yml,mongo,OK,0.0034,12,False
modification,composemorph,image,Ragdata__labstacks__src_svc_wallos_docker-compose.yml.yml,wallos,OK,0.0041,7,True
modification,yamlcpp-careful,image,Ragdata__labstacks__src_svc_wallos_docker-compose.yml.yml,wallos,OK,0.0027,7,False
modification,yamlcpp-naive,image,Ragdata__labstacks__src_svc_wallos_docker-compose.yml.yml,wallos,OK,0.0028,13,False
modification,composemorph,image,Rahul-jooluru__AgentChain__docker-compose.yml.yml,postgres,OK,0.0038,4,True
modification,yamlcpp-careful,image,Rahul-jooluru__AgentChain__docker-compose.yml.yml,postgres,OK,0.003,7,True
modification,yamlcpp-naive,image,Rahul-jooluru__AgentChain__docker-compose.yml.yml,postgres,OK,0.0028,19,False
modification,composemorph,image,Reggy501__edutrack__attendance-service_docker-compose.yml.yml,db,OK,0.0057,4,True
modification,yamlcpp-careful,image,Reggy501__edutrack__attendance-service_docker-compose.yml.yml,db,OK,0.0041,7,True
modification,yamlcpp-naive,image,Reggy501__edutrack__attendance-service_docker-compose.yml.yml,db,OK,0.0035,19,False
modification,composemorph,image,RichardUchotski__spring-boot-fullstack__docker-compose.yml.yml,amigoscode-rsu-api,OK,0.0047,7,True
modification,yamlcpp-careful,image,RichardUchotski__spring-boot-fullstack__docker-compose.yml.yml,amigoscode-rsu-api,OK,0.003,9,True
modification,yamlcpp-naive,image,RichardUchotski__spring-boot-fullstack__docker-compose.yml.yml,amigoscode-rsu-api,OK,0.0031,18,False
modification,composemorph,image,Rishabhmannu__banking-observability-platform__backups_20250623_174521_docker-compose.yml.yml,cadvisor,OK,0.0067,40,True
modification,yamlcpp-careful,image,Rishabhmannu__banking-observability-platform__backups_20250623_174521_docker-compose.yml.yml,cadvisor,OK,0.0065,60,True
modification,yamlcpp-naive,image,Rishabhmannu__banking-observability-platform__backups_20250623_174521_docker-compose.yml.yml,cadvisor,OK,0.0055,69,False
modification,composemorph,image,RitwikRishRaj__CN-SUMMER__docker-compose.yml.yml,db,OK,0.0068,12,True
modification,yamlcpp-careful,image,RitwikRishRaj__CN-SUMMER__docker-compose.yml.yml,db,OK,0.0043,17,True
modification,yamlcpp-naive,image,RitwikRishRaj__CN-SUMMER__docker-compose.yml.yml,db,OK,0.0037,26,False
modification,composemorph,image,RobertoLangarica__udg-vivo__VIVO_docker-compose.yml.yml,solr,OK,0.0047,7,True
modification,yamlcpp-careful,image,RobertoLangarica__udg-vivo__VIVO_docker-compose.yml.yml,solr,OK,0.0035,7,True
modification,yamlcpp-naive,image,RobertoLangarica__udg-vivo__VIVO_docker-compose.yml.yml,solr,OK,0.0031,14,False
modification,composemorph,hostname,1qzxc__infra__shared-files_docker_gitlabci_docker-compose.yml.yml,web,OK,0.0033,13,True
modification,yamlcpp-careful,hostname,1qzxc__infra__shared-files_docker_gitlabci_docker-compose.yml.yml,web,OK,0.0028,13,False
modification,yamlcpp-naive,hostname,1qzxc__infra__shared-files_docker_gitlabci_docker-compose.yml.yml,web,OK,0.0028,17,False
modification,composemorph,hostname,4linux__540__mentoria_compose_frontend2_docker-compose.yml.yml,app-frontend2,OK,0.0046,8,True
modification,yamlcpp-careful,hostname,4linux__540__mentoria_compose_frontend2_docker-compose.yml.yml,app-frontend2,OK,0.003,8,True
modification,yamlcpp-naive,hostname,4linux__540__mentoria_compose_frontend2_docker-compose.yml.yml,app-frontend2,OK,0.0029,29,False
modification,composemorph,hostname,DamienDESSAUX-M2i__M2i_CDSD_TDTP__spark_demos_lab-etl_docker-compose.yml.yml,spark-master,OK,0.0052,12,True
modification,yamlcpp-careful,hostname,DamienDESSAUX-M2i__M2i_CDSD_TDTP__spark_demos_lab-etl_docker-compose.yml.yml,spark-master,OK,0.0036,16,True
modification,yamlcpp-naive,hostname,DamienDESSAUX-M2i__M2i_CDSD_TDTP__spark_demos_lab-etl_docker-compose.yml.yml,spark-master,OK,0.0035,29,False
modification,composemorph,hostname,Erfan-ffa__UrlShortner-DistributedSystem-__docker-compose.yml.yml,rabbitmq-container,OK,0.0046,15,True
modification,yamlcpp-careful,hostname,Erfan-ffa__UrlShortner-DistributedSystem-__docker-compose.yml.yml,rabbitmq-container,OK,0.0034,25,True
modification,yamlcpp-naive,hostname,Erfan-ffa__UrlShortner-DistributedSystem-__docker-compose.yml.yml,rabbitmq-container,OK,0.0039,35,False
modification,composemorph,hostname,Hamada-khairi__Hamada-HomeLab__docker-compose.yml.yml,timescaledb,OK,0.0133,219,True
modification,yamlcpp-careful,hostname,Hamada-khairi__Hamada-HomeLab__docker-compose.yml.yml,timescaledb,OK,0.0121,366,True
modification,yamlcpp-naive,hostname,Hamada-khairi__Hamada-HomeLab__docker-compose.yml.yml,timescaledb,OK,0.0152,380,False
modification,composemorph,hostname,HassanTariqAlvi__React-NodeAPI-MySQL__docker-compose.yml.yml,db,OK,0.0047,18,True
modification,yamlcpp-careful,hostname,HassanTariqAlvi__React-NodeAPI-MySQL__docker-compose.yml.yml,db,OK,0.0032,20,True
modification,yamlcpp-naive,hostname,HassanTariqAlvi__React-NodeAPI-MySQL__docker-compose.yml.yml,db,OK,0.0037,23,False
modification,composemorph,hostname,Heretek-AI__heretek-stacks__arcane-repo_templates_chiefonboarding_docker-compose.yml.yml,chiefonboarding,OK,0.0052,4,True
modification,yamlcpp-careful,hostname,Heretek-AI__heretek-stacks__arcane-repo_templates_chiefonboarding_docker-compose.yml.yml,chiefonboarding,OK,0.0036,6,True
modification,yamlcpp-naive,hostname,Heretek-AI__heretek-stacks__arcane-repo_templates_chiefonboarding_docker-compose.yml.yml,chiefonboarding,OK,0.0032,17,False
modification,composemorph,hostname,LegitCamper__homelab__homeserver_docker_compose.yml.yml,backup,OK,0.0216,142,True
modification,yamlcpp-careful,hostname,LegitCamper__homelab__homeserver_docker_compose.yml.yml,backup,OK,0.0165,163,False
modification,yamlcpp-naive,hostname,LegitCamper__homelab__homeserver_docker_compose.yml.yml,backup,OK,0.0182,174,False
modification,composemorph,hostname,MHS-20__Raft__docker-compose.yml.yml,node-0,OK,0.0055,5,True
modification,yamlcpp-careful,hostname,MHS-20__Raft__docker-compose.yml.yml,node-0,OK,0.0032,11,False
modification,yamlcpp-naive,hostname,MHS-20__Raft__docker-compose.yml.yml,node-0,OK,0.0032,15,False
modification,composemorph,hostname,PacktPublishing__PHP-8-Programming-Cookbook__docker-compose.yml.bak.yml,mysql,OK,0.0051,6,True
modification,yamlcpp-careful,hostname,PacktPublishing__PHP-8-Programming-Cookbook__docker-compose.yml.bak.yml,mysql,OK,0.0044,7,True
modification,yamlcpp-naive,hostname,PacktPublishing__PHP-8-Programming-Cookbook__docker-compose.yml.bak.yml,mysql,OK,0.005,18,False
modification,composemorph,hostname,RobertoLangarica__udg-vivo__VIVO_docker-compose.yml.yml,tomcat,OK,0.0049,7,True
modification,yamlcpp-careful,hostname,RobertoLangarica__udg-vivo__VIVO_docker-compose.yml.yml,tomcat,OK,0.0033,7,True
modification,yamlcpp-naive,hostname,RobertoLangarica__udg-vivo__VIVO_docker-compose.yml.yml,tomcat,OK,0.0031,24,False
modification,composemorph,hostname,ShanelReyes__rory__docker-compose.yml.bak.yml,rory-client-0,OK,0.0074,66,True
modification,yamlcpp-careful,hostname,ShanelReyes__rory__docker-compose.yml.bak.yml,rory-client-0,OK,0.0057,68,True
modification,yamlcpp-naive,hostname,ShanelReyes__rory__docker-compose.yml.bak.yml,rory-client-0,OK,0.0053,108,False
modification,composemorph,hostname,SimpleHomelab__Docker-Traefik__archives_traefik_v1_docker-compose-t1-swarm.yml.yml,bazarr,OK,0.0196,158,True
modification,yamlcpp-careful,hostname,SimpleHomelab__Docker-Traefik__archives_traefik_v1_docker-compose-t1-swarm.yml.yml,bazarr,OK,0.0172,380,False
modification,yamlcpp-naive,hostname,SimpleHomelab__Docker-Traefik__archives_traefik_v1_docker-compose-t1-swarm.yml.yml,bazarr,OK,0.0202,413,False
modification,composemorph,hostname,ToolboxAid__Docker-Assistant__templates_portainer_docker-compose.yml.yml,agent,OK,0.0052,45,True
modification,yamlcpp-careful,hostname,ToolboxAid__Docker-Assistant__templates_portainer_docker-compose.yml.yml,agent,OK,0.0038,62,True
modification,yamlcpp-naive,hostname,ToolboxAid__Docker-Assistant__templates_portainer_docker-compose.yml.yml,agent,OK,0.0036,79,False
modification,composemorph,hostname,andycmaj__Bootstrapp__content_docker-compose.yml.yml,api,OK,0.0038,3,True
modification,yamlcpp-careful,hostname,andycmaj__Bootstrapp__content_docker-compose.yml.yml,api,OK,0.0027,6,False
modification,yamlcpp-naive,hostname,andycmaj__Bootstrapp__content_docker-compose.yml.yml,api,OK,0.0028,17,False
modification,composemorph,hostname,appwrite__appwrite__docker-compose.yml.yml,openruntimes-executor,OK,0.0279,67,True
modification,yamlcpp-careful,hostname,appwrite__appwrite__docker-compose.yml.yml,openruntimes-executor,OK,0.0261,100,False
modification,yamlcpp-naive,hostname,appwrite__appwrite__docker-compose.yml.yml,openruntimes-executor,OK,0.0259,138,False
modification,composemorph,hostname,blaineventurine__home-automation-docker__docker-compose.yml.yml,mariadb,OK,0.0133,241,True
modification,yamlcpp-careful,hostname,blaineventurine__home-automation-docker__docker-compose.yml.yml,mariadb,OK,0.0127,404,True
modification,yamlcpp-naive,hostname,blaineventurine__home-automation-docker__docker-compose.yml.yml,mariadb,OK,0.0124,420,False
modification,composemorph,hostname,cescalada-lab__Diplomatura-CloudDataEngineering-ITBA__1_Foundations_Trabajo_Practico_Final_Foundations_Punto_5_docker-compose.yml.yml,adminer,OK,0.0051,10,True
modification,yamlcpp-careful,hostname,cescalada-lab__Diplomatura-CloudDataEngineering-ITBA__1_Foundations_Trabajo_Practico_Final_Foundations_Punto_5_docker-compose.yml.yml,adminer,OK,0.0032,11,True
modification,yamlcpp-naive,hostname,cescalada-lab__Diplomatura-CloudDataEngineering-ITBA__1_Foundations_Trabajo_Practico_Final_Foundations_Punto_5_docker-compose.yml.yml,adminer,OK,0.0032,16,False
modification,composemorph,hostname,codename-co__stack__hub_appwrite_compose.yaml.yml,openruntimes-executor,OK,0.0162,89,True
modification,yamlcpp-careful,hostname,codename-co__stack__hub_appwrite_compose.yaml.yml,openruntimes-executor,OK,0.0145,101,False
modification,yamlcpp-naive,hostname,codename-co__stack__hub_appwrite_compose.yaml.yml,openruntimes-executor,OK,0.013,144,False
modification,composemorph,hostname,codename-co__stack__hub_dify_compose.yaml.yml,couchbase-server,OK,0.0128,151,True
modification,yamlcpp-careful,hostname,codename-co__stack__hub_dify_compose.yaml.yml,couchbase-server,OK,0.0106,172,True
modification,yamlcpp-naive,hostname,codename-co__stack__hub_dify_compose.yaml.yml,couchbase-server,OK,0.0124,200,False
modification,composemorph,hostname,codename-co__stack__hub_mailcow_compose.yaml.yml,rspamd-mailcow,OK,0.014,103,True
modification,yamlcpp-careful,hostname,codename-co__stack__hub_mailcow_compose.yaml.yml,rspamd-mailcow,OK,0.013,123,True
modification,yamlcpp-naive,hostname,codename-co__stack__hub_mailcow_compose.yaml.yml,rspamd-mailcow,OK,0.0123,153,False
modification,composemorph,hostname,confluentinc__kafka-tutorials__templates_ksql_filtered_code_docker-compose.yml.yml,broker,OK,0.0055,11,True
modification,yamlcpp-careful,hostname,confluentinc__kafka-tutorials__templates_ksql_filtered_code_docker-compose.yml.yml,broker,OK,0.0037,21,True
modification,yamlcpp-naive,hostname,confluentinc__kafka-tutorials__templates_ksql_filtered_code_docker-compose.yml.yml,broker,OK,0.0037,34,False
modification,composemorph,hostname,dlobs-co__dhobs__docker-compose.yml.yml,dashboard,OK,0.0138,105,True
modification,yamlcpp-careful,hostname,dlobs-co__dhobs__docker-compose.yml.yml,dashboard,OK,0.0126,215,False
modification,yamlcpp-naive,hostname,dlobs-co__dhobs__docker-compose.yml.yml,dashboard,OK,0.0137,245,False
modification,composemorph,hostname,gabrielrstan__Curso_de_Python_3_do_basico_ao_avancado_com_projetos_reais__Secao08_aula206_docker-compose.yml.yml,mysql_206,OK,0.0042,2,True
modification,yamlcpp-careful,hostname,gabrielrstan__Curso_de_Python_3_do_basico_ao_avancado_com_projetos_reais__Secao08_aula206_docker-compose.yml.yml,mysql_206,OK,0.0029,2,True
modification,yamlcpp-naive,hostname,gabrielrstan__Curso_de_Python_3_do_basico_ao_avancado_com_projetos_reais__Secao08_aula206_docker-compose.yml.yml,mysql_206,OK,0.0028,18,False
modification,composemorph,hostname,garutilorenzo__mysql-ha-docker__.docker-compose.yml-ci.yml,heartbeat,OK,0.0049,68,True
modification,yamlcpp-careful,hostname,garutilorenzo__mysql-ha-docker__.docker-compose.yml-ci.yml,heartbeat,OK,0.0047,68,True
modification,yamlcpp-naive,hostname,garutilorenzo__mysql-ha-docker__.docker-compose.yml-ci.yml,heartbeat,OK,0.0047,71,False
modification,composemorph,hostname,ghe16__SD_IoT__docker-compose.yml.yml,kafka,OK,0.0064,33,True
modification,yamlcpp-careful,hostname,ghe16__SD_IoT__docker-compose.yml.yml,kafka,OK,0.0037,40,True
modification,yamlcpp-naive,hostname,ghe16__SD_IoT__docker-compose.yml.yml,kafka,OK,0.0033,59,False
modification,composemorph,hostname,jakejarvis__homelab__docker-compose.yml.yml,notifiarr,OK,0.0126,77,True
modification,yamlcpp-careful,hostname,jakejarvis__homelab__docker-compose.yml.yml,notifiarr,OK,0.0167,108,False
modification,yamlcpp-naive,hostname,jakejarvis__homelab__docker-compose.yml.yml,notifiarr,OK,0.0115,128,False
modification,composemorph,hostname,jmquigley__dotfiles__conf_containers_base_docker-compose.yml.yml,devcontainer,OK,0.0043,7,True
modification,yamlcpp-careful,hostname,jmquigley__dotfiles__conf_containers_base_docker-compose.yml.yml,devcontainer,OK,0.003,16,False
modification,yamlcpp-naive,hostname,jmquigley__dotfiles__conf_containers_base_docker-compose.yml.yml,devcontainer,OK,0.0032,28,False
modification,composemorph,hostname,keizo3__svelte-test__docker-compose.yml.yml,svelte-test,OK,0.0038,7,True
modification,yamlcpp-careful,hostname,keizo3__svelte-test__docker-compose.yml.yml,svelte-test,OK,0.0027,7,True
modification,yamlcpp-naive,hostname,keizo3__svelte-test__docker-compose.yml.yml,svelte-test,OK,0.0024,18,False
modification,composemorph,hostname,lamson-01__docker-util-stacks__docker-compose.yml.yml,rabbitmq,OK,0.0091,65,True
modification,yamlcpp-careful,hostname,lamson-01__docker-util-stacks__docker-compose.yml.yml,rabbitmq,OK,0.0065,95,True
modification,yamlcpp-naive,hostname,lamson-01__docker-util-stacks__docker-compose.yml.yml,rabbitmq,OK,0.0068,104,False
modification,composemorph,hostname,libis__rdm-integration__docker-compose.yml.dev.yml,modern_frontend,OK,0.0052,33,True
modification,yamlcpp-careful,hostname,libis__rdm-integration__docker-compose.yml.dev.yml,modern_frontend,OK,0.004,44,False
modification,yamlcpp-naive,hostname,libis__rdm-integration__docker-compose.yml.dev.yml,modern_frontend,OK,0.0041,58,False
modification,composemorph,hostname,me-cedric__htpc-box-docker__docker-compose.yml.yml,nextcloud,OK,0.0155,323,True
modification,yamlcpp-careful,hostname,me-cedric__htpc-box-docker__docker-compose.yml.yml,nextcloud,OK,0.0168,519,False
modification,yamlcpp-naive,hostname,me-cedric__htpc-box-docker__docker-compose.yml.yml,nextcloud,OK,0.0154,549,False
modification,composemorph,hostname,mgarralda__hadoop-spark-cluster__docker-compose.yml.bck.yml,master,OK,0.005,20,True
modification,yamlcpp-careful,hostname,mgarralda__hadoop-spark-cluster__docker-compose.yml.bck.yml,master,OK,0.0033,31,True
modification,yamlcpp-naive,hostname,mgarralda__hadoop-spark-cluster__docker-compose.yml.bck.yml,master,OK,0.003,44,False
modification,composemorph,hostname,monmarupeddi__Projects__Property_Listings-_Real-time_Data_Streaming_Processing_and_Storage_RT-DataStreaming_docker-compose.yml.yml,broker,OK,0.007,38,True
modification,yamlcpp-careful,hostname,monmarupeddi__Projects__Property_Listings-_Real-time_Data_Streaming_Processing_and_Storage_RT-DataStreaming_docker-compose.yml.yml,broker,OK,0.0058,49,False
modification,yamlcpp-naive,hostname,monmarupeddi__Projects__Property_Listings-_Real-time_Data_Streaming_Processing_and_Storage_RT-DataStreaming_docker-compose.yml.yml,broker,OK,0.0066,75,False
modification,composemorph,hostname,oboeglen__Azure-NXT-Maxscale__docker-compose.yml.yml,app-next-01,OK,0.0172,275,True
modification,yamlcpp-careful,hostname,oboeglen__Azure-NXT-Maxscale__docker-compose.yml.yml,app-next-01,OK,0.0179,420,False
modification,yamlcpp-naive,hostname,oboeglen__Azure-NXT-Maxscale__docker-compose.yml.yml,app-next-01,OK,0.0166,469,False
modification,composemorph,hostname,pauloricardoma__product-quarks-kotlin__docker-compose.yml.yml,app,OK,0.0051,5,True
modification,yamlcpp-careful,hostname,pauloricardoma__product-quarks-kotlin__docker-compose.yml.yml,app,OK,0.0032,12,False
modification,yamlcpp-naive,hostname,pauloricardoma__product-quarks-kotlin__docker-compose.yml.yml,app,OK,0.003,27,False
modification,composemorph,hostname,sjbuk__docker__claude_docker-compose.yml.yml,claude-code,OK,0.0046,23,True
modification,yamlcpp-careful,hostname,sjbuk__docker__claude_docker-compose.yml.yml,claude-code,OK,0.003,24,False
modification,yamlcpp-naive,hostname,sjbuk__docker__claude_docker-compose.yml.yml,claude-code,OK,0.0028,48,False
modification,composemorph,hostname,stratosphereips__stratocyberlab__classes_class10_docker-compose.yml.yml,class-10-bot1,OK,0.0047,16,True
modification,yamlcpp-careful,hostname,stratosphereips__stratocyberlab__classes_class10_docker-compose.yml.yml,class-10-bot1,OK,0.0032,16,True
modification,yamlcpp-naive,hostname,stratosphereips__stratocyberlab__classes_class10_docker-compose.yml.yml,class-10-bot1,OK,0.0032,22,False
modification,composemorph,hostname,thackmaster__homelab__glances_docker-compose.yml.yml,glances,OK,0.0048,2,True
modification,yamlcpp-careful,hostname,thackmaster__homelab__glances_docker-compose.yml.yml,glances,OK,0.0031,2,True
modification,yamlcpp-naive,hostname,thackmaster__homelab__glances_docker-compose.yml.yml,glances,OK,0.0029,15,False
modification,composemorph,env,0kkun__tennis-track__.openapi_docker-compose.yml.yml,swagger-ui,OK,0.0047,4,
modification,yamlcpp-careful,env,0kkun__tennis-track__.openapi_docker-compose.yml.yml,swagger-ui,OK,0.0029,5,
modification,yamlcpp-naive,env,0kkun__tennis-track__.openapi_docker-compose.yml.yml,swagger-ui,OK,0.003,5,
modification,composemorph,env,1235357__debate-engine__docker-compose.yml.yml,debate-engine,OK,0.0044,1,True
modification,yamlcpp-careful,env,1235357__debate-engine__docker-compose.yml.yml,debate-engine,OK,0.0036,3,True
modification,yamlcpp-naive,env,1235357__debate-engine__docker-compose.yml.yml,debate-engine,OK,0.0036,7,False
modification,composemorph,env,1qzxc__infra__shared-files_docker_gitlabci_docker-compose.yml.yml,web,OK,0.0036,13,
modification,yamlcpp-careful,env,1qzxc__infra__shared-files_docker_gitlabci_docker-compose.yml.yml,web,OK,0.0032,13,
modification,yamlcpp-naive,env,1qzxc__infra__shared-files_docker_gitlabci_docker-compose.yml.yml,web,OK,0.003,13,
modification,composemorph,env,3PillarGlobal__engineering-playbook__dockerized-automation_docker-compose.yml.yml,automation,OK,0.0046,9,True
modification,yamlcpp-careful,env,3PillarGlobal__engineering-playbook__dockerized-automation_docker-compose.yml.yml,automation,OK,0.003,9,True
modification,yamlcpp-naive,env,3PillarGlobal__engineering-playbook__dockerized-automation_docker-compose.yml.yml,automation,OK,0.003,9,False
modification,composemorph,env,3bsolutionsltd__transconnect-app__docker-compose.yml.yml,admin,OK,0.0057,13,True
modification,yamlcpp-careful,env,3bsolutionsltd__transconnect-app__docker-compose.yml.yml,admin,OK,0.0051,19,True
modification,yamlcpp-naive,env,3bsolutionsltd__transconnect-app__docker-compose.yml.yml,admin,OK,0.0044,20,False
modification,composemorph,env,4linux__540__mentoria_compose_frontend2_docker-compose.yml.yml,app-frontend2,OK,0.0052,8,True
modification,yamlcpp-careful,env,4linux__540__mentoria_compose_frontend2_docker-compose.yml.yml,app-frontend2,OK,0.0031,8,True
modification,yamlcpp-naive,env,4linux__540__mentoria_compose_frontend2_docker-compose.yml.yml,app-frontend2,OK,0.0032,15,False
modification,composemorph,env,97jsantos__atividade-pratica-modulo-14__docker-compose.yml.yml,backend,OK,0.0055,25,True
modification,yamlcpp-careful,env,97jsantos__atividade-pratica-modulo-14__docker-compose.yml.yml,backend,OK,0.0042,27,True
modification,yamlcpp-naive,env,97jsantos__atividade-pratica-modulo-14__docker-compose.yml.yml,backend,OK,0.0038,30,False
modification,composemorph,env,9Roflander__BigData-Labs-UNIME__Lab3_docker-compose.yml.yml,kafka,OK,0.0056,48,True
modification,yamlcpp-careful,env,9Roflander__BigData-Labs-UNIME__Lab3_docker-compose.yml.yml,kafka,OK,0.004,64,False
modification,yamlcpp-naive,env,9Roflander__BigData-Labs-UNIME__Lab3_docker-compose.yml.yml,kafka,OK,0.0039,71,False
modification,composemorph,env,AAARRRCCC__richmond-walk-roulette__valhalla_docker-compose.yml.yml,valhalla,OK,0.0044,31,True
modification,yamlcpp-careful,env,AAARRRCCC__richmond-walk-roulette__valhalla_docker-compose.yml.yml,valhalla,OK,0.0029,32,True
modification,yamlcpp-naive,env,AAARRRCCC__richmond-walk-roulette__valhalla_docker-compose.yml.yml,valhalla,OK,0.003,36,False
modification,composemorph,env,AAhmed233__microservice_dxc__sonarqube_docker-compose.yml.yml,sonarqube,OK,0.0031,2,
modification,yamlcpp-careful,env,AAhmed233__microservice_dxc__sonarqube_docker-compose.yml.yml,sonarqube,OK,0.0032,3,
modification,yamlcpp-naive,env,AAhmed233__microservice_dxc__sonarqube_docker-compose.yml.yml,sonarqube,OK,0.0028,3,
modification,composemorph,env,ALipckin__task-flow-backend__auth_docker-compose.yml.yml,auth-db,OK,0.0048,9,True
modification,yamlcpp-careful,env,ALipckin__task-flow-backend__auth_docker-compose.yml.yml,auth-db,OK,0.0031,13,True
modification,yamlcpp-naive,env,ALipckin__task-flow-backend__auth_docker-compose.yml.yml,auth-db,OK,0.0031,15,False
modification,composemorph,env,AP0827__Multi-Threaded-Web-Server__docker-compose.yml.yml,modsecurity,OK,0.0065,4,True
modification,yamlcpp-careful,env,AP0827__Multi-Threaded-Web-Server__docker-compose.yml.yml,modsecurity,OK,0.005,14,False
modification,yamlcpp-naive,env,AP0827__Multi-Threaded-Web-Server__docker-compose.yml.yml,modsecurity,OK,0.0041,18,False
modification,composemorph,env,AbdullahSholi__DOS_Project_Part1__docker-compose.yml.yml,catalog-server,OK,0.005,8,
modification,yamlcpp-careful,env,AbdullahSholi__DOS_Project_Part1__docker-compose.yml.yml,catalog-server,OK,0.0033,8,
modification,yamlcpp-naive,env,AbdullahSholi__DOS_Project_Part1__docker-compose.yml.yml,catalog-server,OK,0.0036,8,
modification,composemorph,env,AdrienPoupa__docker-compose-nas__docker-compose.yml.yml,autobrr,OK,0.0131,38,True
modification,yamlcpp-careful,env,AdrienPoupa__docker-compose-nas__docker-compose.yml.yml,autobrr,OK,0.0134,55,True
modification,yamlcpp-naive,env,AdrienPoupa__docker-compose-nas__docker-compose.yml.yml,autobrr,OK,0.0132,56,False
modification,composemorph,env,AhmedIsmailKhalid__Iris-Classification-System-MLOps__deployment_docker-compose.yml.yml,api,OK,0.0046,7,True
modification,yamlcpp-careful,env,AhmedIsmailKhalid__Iris-Classification-System-MLOps__deployment_docker-compose.yml.yml,api,OK,0.0039,9,True
modification,yamlcpp-naive,env,AhmedIsmailKhalid__Iris-Classification-System-MLOps__deployment_docker-compose.yml.yml,api,OK,0.0036,16,False
modification,composemorph,env,Aish2140__movie-recommender-endee__docker-compose.yml.yml,endee,OK,0.0046,5,True
modification,yamlcpp-careful,env,Aish2140__movie-recommender-endee__docker-compose.yml.yml,endee,OK,0.0032,9,True
modification,yamlcpp-naive,env,Aish2140__movie-recommender-endee__docker-compose.yml.yml,endee,OK,0.003,9,False
modification,composemorph,env,Akash112004__ChaiGallery__docker-compose.yml.yml,db,OK,0.0046,4,True
modification,yamlcpp-careful,env,Akash112004__ChaiGallery__docker-compose.yml.yml,db,OK,0.0028,5,True
modification,yamlcpp-naive,env,Akash112004__ChaiGallery__docker-compose.yml.yml,db,OK,0.0027,7,False
modification,composemorph,env,Akin-ctrl__Stock_pipeline__docker-compose.yml.yml,airflow-init,OK,0.0106,50,True
modification,yamlcpp-careful,env,Akin-ctrl__Stock_pipeline__docker-compose.yml.yml,airflow-init,OK,0.0092,59,True
modification,yamlcpp-naive,env,Akin-ctrl__Stock_pipeline__docker-compose.yml.yml,airflow-init,OK,0.0085,67,False
modification,composemorph,env,Alanaktion__artdeck__docker-compose.yml.yml,laravel.test,OK,0.0042,69,True
modification,yamlcpp-careful,env,Alanaktion__artdeck__docker-compose.yml.yml,laravel.test,OK,0.0047,69,True
modification,yamlcpp-naive,env,Alanaktion__artdeck__docker-compose.yml.yml,laravel.test,OK,0.0039,69,False
modification,composemorph,env,Alexandra2888__eShop__docker-compose.yml.yml,backend,OK,0.0046,7,True
modification,yamlcpp-careful,env,Alexandra2888__eShop__docker-compose.yml.yml,backend,OK,0.0032,10,True
modification,yamlcpp-naive,env,Alexandra2888__eShop__docker-compose.yml.yml,backend,OK,0.003,15,False
modification,composemorph,env,Alexestgrand__RoyalChess__docker-compose.yml.yml,postgres,OK,0.0057,5,True
modification,yamlcpp-careful,env,Alexestgrand__RoyalChess__docker-compose.yml.yml,postgres,OK,0.0036,9,True
modification,yamlcpp-naive,env,Alexestgrand__RoyalChess__docker-compose.yml.yml,postgres,OK,0.0036,11,False
modification,composemorph,env,Alijewa25__Eco-Audit-AI-ggc__docker-compose.yml.yml,frontend,OK,0.0051,11,
modification,yamlcpp-careful,env,Alijewa25__Eco-Audit-AI-ggc__docker-compose.yml.yml,frontend,OK,0.0035,12,
modification,yamlcpp-naive,env,Alijewa25__Eco-Audit-AI-ggc__docker-compose.yml.yml,frontend,OK,0.0033,12,
modification,composemorph,env,Amrue320__cicd-demo-app__docker-compose.yml.yml,app,OK,0.0051,17,True
modification,yamlcpp-careful,env,Amrue320__cicd-demo-app__docker-compose.yml.yml,app,OK,0.0045,21,True
modification,yamlcpp-naive,env,Amrue320__cicd-demo-app__docker-compose.yml.yml,app,OK,0.005,29,False
modification,composemorph,env,AndresHardware__Vaultwarden__docker-compose.yml.txt.yml,vaultwarden,OK,0.0069,3,True
modification,yamlcpp-careful,env,AndresHardware__Vaultwarden__docker-compose.yml.txt.yml,vaultwarden,OK,0.0048,3,True
modification,yamlcpp-naive,env,AndresHardware__Vaultwarden__docker-compose.yml.txt.yml,vaultwarden,OK,0.0039,25,False
modification,composemorph,env,AnjaliSamrat__Real-states-risks-scorer__docker-compose.yml.yml,backend,OK,0.0056,8,True
modification,yamlcpp-careful,env,AnjaliSamrat__Real-states-risks-scorer__docker-compose.yml.yml,backend,OK,0.0043,13,True
modification,yamlcpp-naive,env,AnjaliSamrat__Real-states-risks-scorer__docker-compose.yml.yml,backend,OK,0.0053,14,False
modification,composemorph,env,Aram8956__LMSPlatform__docker-compose.yml.yml,billingapi,OK,0.007,7,
modification,yamlcpp-careful,env,Aram8956__LMSPlatform__docker-compose.yml.yml,billingapi,OK,0.0043,15,
modification,yamlcpp-naive,env,Aram8956__LMSPlatform__docker-compose.yml.yml,billingapi,OK,0.0041,15,
modification,composemorph,env,ArmandoHdzBta__api-spring__docker-compose.yml.yml,db,OK,0.0053,2,True
modification,yamlcpp-careful,env,ArmandoHdzBta__api-spring__docker-compose.yml.yml,db,OK,0.0039,3,True
modification,yamlcpp-naive,env,ArmandoHdzBta__api-spring__docker-compose.yml.yml,db,OK,0.0039,5,False
modification,composemorph,env,ArthurLopes191__Projetos-Ulbra__2022-1_PW_Aula_11_docker-lamp-pw-master_docker-compose.yml.yml,db,OK,0.0061,32,
modification,yamlcpp-careful,env,ArthurLopes191__Projetos-Ulbra__2022-1_PW_Aula_11_docker-lamp-pw-master_docker-compose.yml.yml,db,OK,0.0034,33,
modification,yamlcpp-naive,env,ArthurLopes191__Projetos-Ulbra__2022-1_PW_Aula_11_docker-lamp-pw-master_docker-compose.yml.yml,db,OK,0.0033,33,
modification,composemorph,env,ArturB__RSO__docker-compose.yml.bak.yml,msapp-app,OK,0.0052,22,True
modification,yamlcpp-careful,env,ArturB__RSO__docker-compose.yml.bak.yml,msapp-app,OK,0.004,23,True
modification,yamlcpp-naive,env,ArturB__RSO__docker-compose.yml.bak.yml,msapp-app,OK,0.0046,23,False
modification,composemorph,env,AryanMarwah7781__FitPub__docker-compose.yml.yml,fitpub-api,OK,0.006,17,True
modification,yamlcpp-careful,env,AryanMarwah7781__FitPub__docker-compose.yml.yml,fitpub-api,OK,0.0044,22,True
modification,yamlcpp-naive,env,AryanMarwah7781__FitPub__docker-compose.yml.yml,fitpub-api,OK,0.0042,31,False
modification,composemorph,env,AshwinSaklecha__LedgerPay__docker-compose.yml.yml,postgres,OK,0.0082,4,True
modification,yamlcpp-careful,env,AshwinSaklecha__LedgerPay__docker-compose.yml.yml,postgres,OK,0.005,8,True
modification,yamlcpp-naive,env,AshwinSaklecha__LedgerPay__docker-compose.yml.yml,postgres,OK,0.005,10,False
modification,composemorph,env,BD2KGenomics__dcc-ops__boardwalk_docker-compose.yml.yml,db,OK,0.0064,12,True
modification,yamlcpp-careful,env,BD2KGenomics__dcc-ops__boardwalk_docker-compose.yml.yml,db,OK,0.0094,56,True
modification,yamlcpp-naive,env,BD2KGenomics__dcc-ops__boardwalk_docker-compose.yml.yml,db,OK,0.0078,56,False
modification,composemorph,env,Baptiste4321__biblioteque-node_express__backend_docker-compose.yml.yml,db,OK,0.0057,27,True
modification,yamlcpp-careful,env,Baptiste4321__biblioteque-node_express__backend_docker-compose.yml.yml,db,OK,0.0035,31,True
modification,yamlcpp-naive,env,Baptiste4321__biblioteque-node_express__backend_docker-compose.yml.yml,db,OK,0.0033,33,False
modification,composemorph,env,Bara2222__fittrack__docker-compose.yml.yml,backend,OK,0.0065,4,True
modification,yamlcpp-careful,env,Bara2222__fittrack__docker-compose.yml.yml,backend,OK,0.0051,6,True
modification,yamlcpp-naive,env,Bara2222__fittrack__docker-compose.yml.yml,backend,OK,0.0045,13,False
modification,composemorph,env,BenHampton__aws-ecs-terraform-demo__docker-compose.yml.yml,backend,OK,0.0054,7,True
modification,yamlcpp-careful,env,BenHampton__aws-ecs-terraform-demo__docker-compose.yml.yml,backend,OK,0.004,11,True
modification,yamlcpp-naive,env,BenHampton__aws-ecs-terraform-demo__docker-compose.yml.yml,backend,OK,0.0047,12,False
modification,composemorph,env,Bensmina-Anass__streaming-sales-analytics__clickhouse_docker-compose.yml.yml,clickhouse,OK,0.0064,7,True
modification,yamlcpp-careful,env,Bensmina-Anass__streaming-sales-analytics__clickhouse_docker-compose.yml.yml,clickhouse,OK,0.0034,8,True
modification,yamlcpp-naive,env,Bensmina-Anass__streaming-sales-analytics__clickhouse_docker-compose.yml.yml,clickhouse,OK,0.0034,9,False
modification,composemorph,env,BinhSilver__sentry_Suport_learning_Japanese-Public__docker-compose.yml.yml,app,OK,0.0059,6,True
modification,yamlcpp-careful,env,BinhSilver__sentry_Suport_learning_Japanese-Public__docker-compose.yml.yml,app,OK,0.0048,11,True
modification,yamlcpp-naive,env,BinhSilver__sentry_Suport_learning_Japanese-Public__docker-compose.yml.yml,app,OK,0.0048,18,False
modification,composemorph,env,BlackAntik__service-oriented-architecture-__kafka_clickhouse_postgresql_docker-compose.yml.yml,aggregation,OK,0.0079,24,True
modification,yamlcpp-careful,env,BlackAntik__service-oriented-architecture-__kafka_clickhouse_postgresql_docker-compose.yml.yml,aggregation,OK,0.0087,56,False
modification,yamlcpp-naive,env,BlackAntik__service-oriented-architecture-__kafka_clickhouse_postgresql_docker-compose.yml.yml,aggregation,OK,0.007,61,False
modification,composemorph,env,Bleenq-Technology__ai-homelab__docker_ai_compose.ai.yml.yml,comfyui,OK,0.0104,226,True
modification,yamlcpp-careful,env,Bleenq-Technology__ai-homelab__docker_ai_compose.ai.yml.yml,comfyui,OK,0.0121,324,False
modification,yamlcpp-naive,env,Bleenq-Technology__ai-homelab__docker_ai_compose.ai.yml.yml,comfyui,OK,0.0108,326,False
modification,composemorph,env,BorowskaNatalia__mini_data_platform__docker-compose.yml.yml,airflow-init,OK,0.0073,58,True
modification,yamlcpp-careful,env,BorowskaNatalia__mini_data_platform__docker-compose.yml.yml,airflow-init,OK,0.0066,65,False
modification,yamlcpp-naive,env,BorowskaNatalia__mini_data_platform__docker-compose.yml.yml,airflow-init,OK,0.0075,82,False
modification,composemorph,env,BrianTz79__Portafolio-Brian__docker-compose.yml.yml,cloudflared,OK,0.0041,2,
modification,yamlcpp-careful,env,BrianTz79__Portafolio-Brian__docker-compose.yml.yml,cloudflared,OK,0.0028,3,
modification,yamlcpp-naive,env,BrianTz79__Portafolio-Brian__docker-compose.yml.yml,cloudflared,OK,0.003,3,
modification,composemorph,env,ByteMeDirk__semantic-medallion-data-platform__docker-compose.yml.yml,metabase,OK,0.005,6,True
modification,yamlcpp-careful,env,ByteMeDirk__semantic-medallion-data-platform__docker-compose.yml.yml,metabase,OK,0.0035,10,True
modification,yamlcpp-naive,env,ByteMeDirk__semantic-medallion-data-platform__docker-compose.yml.yml,metabase,OK,0.0031,15,False
modification,composemorph,env,CEIJ-GPSDE__GoTracker__docker-compose.yml.yml,location-tracker-feature,OK,0.0056,19,True
modification,yamlcpp-careful,env,CEIJ-GPSDE__GoTracker__docker-compose.yml.yml,location-tracker-feature,OK,0.004,22,True
modification,yamlcpp-naive,env,CEIJ-GPSDE__GoTracker__docker-compose.yml.yml,location-tracker-feature,OK,0.004,31,False
modification,composemorph,env,CJLove__homelab__ArtifactKeeper_docker-compose.yml.yml,backend,OK,0.0131,311,True
modification,yamlcpp-careful,env,CJLove__homelab__ArtifactKeeper_docker-compose.yml.yml,backend,OK,0.0092,340,False
modification,yamlcpp-naive,env,CJLove__homelab__ArtifactKeeper_docker-compose.yml.yml,backend,OK,0.0112,365,False
modification,composemorph,env,CNR-ISMAR__iws__docker-compose.yml.old.yml,celery,OK,0.0094,124,True
modification,yamlcpp-careful,env,CNR-ISMAR__iws__docker-compose.yml.old.yml,celery,OK,0.0089,129,False
modification,yamlcpp-naive,env,CNR-ISMAR__iws__docker-compose.yml.old.yml,celery,OK,0.0066,149,False
modification,composemorph,env,CarMi0Proggramer__php-erp-challenge__docker-compose.yml.yml,db,OK,0.0044,1,True
modification,yamlcpp-careful,env,CarMi0Proggramer__php-erp-challenge__docker-compose.yml.yml,db,OK,0.0031,1,True
modification,yamlcpp-naive,env,CarMi0Proggramer__php-erp-challenge__docker-compose.yml.yml,db,OK,0.0031,3,False
modification,composemorph,env,ChasakisD__MudDataGridEfCore__Api_docker-compose.yml.yml,db,OK,0.0032,19,True
modification,yamlcpp-careful,env,ChasakisD__MudDataGridEfCore__Api_docker-compose.yml.yml,db,OK,0.0031,19,True
modification,yamlcpp-naive,env,ChasakisD__MudDataGridEfCore__Api_docker-compose.yml.yml,db,OK,0.0041,19,False
modification,composemorph,env,CilentoX__wpp-sherek-multi__docker-compose.yml.yml,shrek-bot,OK,0.0049,2,
modification,yamlcpp-careful,env,CilentoX__wpp-sherek-multi__docker-compose.yml.yml,shrek-bot,OK,0.0037,2,
modification,yamlcpp-naive,env,CilentoX__wpp-sherek-multi__docker-compose.yml.yml,shrek-bot,OK,0.0031,2,
modification,composemorph,env,CodesWhat__drydock__test_qa-compose.yml.yml,app-gitea,OK,0.012,213,True
modification,yamlcpp-careful,env,CodesWhat__drydock__test_qa-compose.yml.yml,app-gitea,OK,0.0106,244,False
modification,yamlcpp-naive,env,CodesWhat__drydock__test_qa-compose.yml.yml,app-gitea,OK,0.0119,245,False
modification,composemorph,env,DDS-Solutions__AI-TadPole-OS__docker-compose.yml.yml,grafana,OK,0.0053,14,True
modification,yamlcpp-careful,env,DDS-Solutions__AI-TadPole-OS__docker-compose.yml.yml,grafana,OK,0.0041,20,True
modification,yamlcpp-naive,env,DDS-Solutions__AI-TadPole-OS__docker-compose.yml.yml,grafana,OK,0.0042,21,False
modification,composemorph,env,DEDSEC-0010__sentiment-serve__docker-compose.yml.yml,api,OK,0.0064,14,True
modification,yamlcpp-careful,env,DEDSEC-0010__sentiment-serve__docker-compose.yml.yml,api,OK,0.004,17,True
modification,yamlcpp-naive,env,DEDSEC-0010__sentiment-serve__docker-compose.yml.yml,api,OK,0.0036,19,False
modification,composemorph,env,DamienDESSAUX-M2i__M2i_CDSD_TDTP__spark_demos_lab-etl_docker-compose.yml.yml,spark-master,OK,0.0061,12,True
modification,yamlcpp-careful,env,DamienDESSAUX-M2i__M2i_CDSD_TDTP__spark_demos_lab-etl_docker-compose.yml.yml,spark-master,OK,0.005,16,True
modification,yamlcpp-naive,env,DamienDESSAUX-M2i__M2i_CDSD_TDTP__spark_demos_lab-etl_docker-compose.yml.yml,spark-master,OK,0.0046,18,False
modification,composemorph,env,DaniilK87__BookKeeping__docker-compose.yml.yml,bookkeeping-app,OK,0.0047,9,
modification,yamlcpp-careful,env,DaniilK87__BookKeeping__docker-compose.yml.yml,bookkeeping-app,OK,0.0031,9,
modification,yamlcpp-naive,env,DaniilK87__BookKeeping__docker-compose.yml.yml,bookkeeping-app,OK,0.0032,9,
modification,composemorph,env,DaniilZebzeev__hse-ml-contrast-checker__docker-compose.yml.yml,cli,OK,0.0052,6,
modification,yamlcpp-careful,env,DaniilZebzeev__hse-ml-contrast-checker__docker-compose.yml.yml,cli,OK,0.0033,10,
modification,yamlcpp-naive,env,DaniilZebzeev__hse-ml-contrast-checker__docker-compose.yml.yml,cli,OK,0.0032,10,
modification,composemorph,env,Darkbuilder646__Task-Gestion__TaskGestion_-_Back_taskgestion_docker-compose.yml.yml,postgres,OK,0.0044,5,True
modification,yamlcpp-careful,env,Darkbuilder646__Task-Gestion__TaskGestion_-_Back_taskgestion_docker-compose.yml.yml,postgres,OK,0.0028,5,True
modification,yamlcpp-naive,env,Darkbuilder646__Task-Gestion__TaskGestion_-_Back_taskgestion_docker-compose.yml.yml,postgres,OK,0.0028,7,False
modification,composemorph,env,Darkcode-Git__CoopDigital__infra_docker-compose.yml.yml,backend,OK,0.0045,6,True
modification,yamlcpp-careful,env,Darkcode-Git__CoopDigital__infra_docker-compose.yml.yml,backend,OK,0.0029,6,True
modification,yamlcpp-naive,env,Darkcode-Git__CoopDigital__infra_docker-compose.yml.yml,backend,OK,0.0032,8,False
modification,composemorph,env,DataChef07__NewsApp__docker-compose.yml.yml,api,OK,0.0043,12,True
modification,yamlcpp-careful,env,DataChef07__NewsApp__docker-compose.yml.yml,api,OK,0.004,14,True
modification,yamlcpp-naive,env,DataChef07__NewsApp__docker-compose.yml.yml,api,OK,0.0041,17,False
modification,composemorph,env,DataScientest-Studio__juin23_continu_mlops_meteo__docker-compose.yml.yml,api,OK,0.0056,22,True
modification,yamlcpp-careful,env,DataScientest-Studio__juin23_continu_mlops_meteo__docker-compose.yml.yml,api,OK,0.0036,22,True
modification,yamlcpp-naive,env,DataScientest-Studio__juin23_continu_mlops_meteo__docker-compose.yml.yml,api,OK,0.0035,27,False
modification,composemorph,env,DataScientest-Studio__juin23_continu_mlops_pompiers__docker-compose.yml.yml,api_admin,OK,0.0045,18,True
modification,yamlcpp-careful,env,DataScientest-Studio__juin23_continu_mlops_pompiers__docker-compose.yml.yml,api_admin,OK,0.0034,61,True
modification,yamlcpp-naive,env,DataScientest-Studio__juin23_continu_mlops_pompiers__docker-compose.yml.yml,api_admin,OK,0.0034,47,False
modification,composemorph,env,Dataman-Cloud__offline-prometheus__docker-compose.yml.tmp.yml,grafana,OK,0.0047,8,True
modification,yamlcpp-careful,env,Dataman-Cloud__offline-prometheus__docker-compose.yml.tmp.yml,grafana,OK,0.0035,8,True
modification,yamlcpp-naive,env,Dataman-Cloud__offline-prometheus__docker-compose.yml.tmp.yml,grafana,OK,0.0034,9,False
modification,composemorph,env,DavideC0__Esercizi__mongodb_docker-compose.yml.yml,mongo-express,OK,0.0045,21,True
modification,yamlcpp-careful,env,DavideC0__Esercizi__mongodb_docker-compose.yml.yml,mongo-express,OK,0.0027,22,True
modification,yamlcpp-naive,env,DavideC0__Esercizi__mongodb_docker-compose.yml.yml,mongo-express,OK,0.0027,22,False
modification,composemorph,env,DevModeVivek__book-management-system__docker-compose.yml.yml,postgres,OK,0.0046,10,True
modification,yamlcpp-careful,env,DevModeVivek__book-management-system__docker-compose.yml.yml,postgres,OK,0.0047,15,True
modification,yamlcpp-naive,env,DevModeVivek__book-management-system__docker-compose.yml.yml,postgres,OK,0.005,17,False
modification,composemorph,env,DevYangJC__DataLoom__deplay_docker-compose.yml.yml,dataloom-server,OK,0.0039,6,True
modification,yamlcpp-careful,env,DevYangJC__DataLoom__deplay_docker-compose.yml.yml,dataloom-server,OK,0.0036,10,True
modification,yamlcpp-naive,env,DevYangJC__DataLoom__deplay_docker-compose.yml.yml,dataloom-server,OK,0.0036,11,False
modification,composemorph,env,Diegoalt-dev__esave__docker-compose.yml.yml,mysql,OK,0.0046,4,True
modification,yamlcpp-careful,env,Diegoalt-dev__esave__docker-compose.yml.yml,mysql,OK,0.0029,5,True
modification,yamlcpp-naive,env,Diegoalt-dev__esave__docker-compose.yml.yml,mysql,OK,0.0029,6,False
modification,composemorph,env,DigneZzZ__dwg__docker-compose.yml.CLI.yml,adguardhome,OK,0.0048,10,
modification,yamlcpp-careful,env,DigneZzZ__dwg__docker-compose.yml.CLI.yml,adguardhome,OK,0.0035,12,
modification,yamlcpp-naive,env,DigneZzZ__dwg__docker-compose.yml.CLI.yml,adguardhome,OK,0.0034,12,
modification,composemorph,env,DigneZzZ__dwg__docker-compose.yml.DARK.yml,adwireguard,OK,0.0047,19,True
modification,yamlcpp-careful,env,DigneZzZ__dwg__docker-compose.yml.DARK.yml,adwireguard,OK,0.003,20,True
modification,yamlcpp-naive,env,DigneZzZ__dwg__docker-compose.yml.DARK.yml,adwireguard,OK,0.0035,25,False
modification,composemorph,env,DimasHernandez__authentication-microservice__local_environment_docker-compose.yml.yml,authentication-msvc,OK,0.0074,19,True
modification,yamlcpp-careful,env,DimasHernandez__authentication-microservice__local_environment_docker-compose.yml.yml,authentication-msvc,OK,0.0053,25,True
modification,yamlcpp-naive,env,DimasHernandez__authentication-microservice__local_environment_docker-compose.yml.yml,authentication-msvc,OK,0.005,33,False
modification,composemorph,env,DouglasVolles__financial-transaction-processor__docker_docker-compose.yml.yml,accountservice,OK,0.005,7,True
modification,yamlcpp-careful,env,DouglasVolles__financial-transaction-processor__docker_docker-compose.yml.yml,accountservice,OK,0.0035,13,True
modification,yamlcpp-naive,env,DouglasVolles__financial-transaction-processor__docker_docker-compose.yml.yml,accountservice,OK,0.0036,20,False
modification,composemorph,env,EBiM-Benchmark__benchmark__task3_isaacsim_docker-compose.yml.yml,browser_controller,OK,0.0054,15,True
modification,yamlcpp-careful,env,EBiM-Benchmark__benchmark__task3_isaacsim_docker-compose.yml.yml,browser_controller,OK,0.0038,15,True
modification,yamlcpp-naive,env,EBiM-Benchmark__benchmark__task3_isaacsim_docker-compose.yml.yml,browser_controller,OK,0.0039,18,False
modification,composemorph,env,EgeOzdemirr__WebProject__docker-compose.yml.yml,postgres,OK,0.0047,10,True
modification,yamlcpp-careful,env,EgeOzdemirr__WebProject__docker-compose.yml.yml,postgres,OK,0.0032,20,False
modification,yamlcpp-naive,env,EgeOzdemirr__WebProject__docker-compose.yml.yml,postgres,OK,0.0042,21,False
modification,composemorph,env,EldarTechWizard__medication-reminder__docker-compose.yml.yml,backend,OK,0.0063,13,
modification,yamlcpp-careful,env,EldarTechWizard__medication-reminder__docker-compose.yml.yml,backend,OK,0.0042,15,
modification,yamlcpp-naive,env,EldarTechWizard__medication-reminder__docker-compose.yml.yml,backend,OK,0.0041,15,
modification,composemorph,env,ElizaZadura__grafana-gpu-metrics__docker-compose.yml.yml,grafana,OK,0.0047,5,True
modification,yamlcpp-careful,env,ElizaZadura__grafana-gpu-metrics__docker-compose.yml.yml,grafana,OK,0.0029,8,True
modification,yamlcpp-naive,env,ElizaZadura__grafana-gpu-metrics__docker-compose.yml.yml,grafana,OK,0.003,9,False
modification,composemorph,env,EnigmaCurry__d.rymcg.tech__jitsi-meet_docker-compose.yaml.yml,jicofo,OK,0.0102,924,
modification,yamlcpp-careful,env,EnigmaCurry__d.rymcg.tech__jitsi-meet_docker-compose.yaml.yml,jicofo,OK,0.009,924,
modification,yamlcpp-naive,env,EnigmaCurry__d.rymcg.tech__jitsi-meet_docker-compose.yaml.yml,jicofo,OK,0.0087,850,
modification,composemorph,env,EviL345__praktika_bot__docker-compose.yml.yml,bot,OK,0.0052,7,
modification,yamlcpp-careful,env,EviL345__praktika_bot__docker-compose.yml.yml,bot,OK,0.0034,9,
modification,yamlcpp-naive,env,EviL345__praktika_bot__docker-compose.yml.yml,bot,OK,0.003,9,
modification,composemorph,env,EvilFreelancer__docker-nextcloud__docker-compose.yml.dist.yml,mariadb,OK,0.0049,31,True
modification,yamlcpp-careful,env,EvilFreelancer__docker-nextcloud__docker-compose.yml.dist.yml,mariadb,OK,0.0034,31,True
modification,yamlcpp-naive,env,EvilFreelancer__docker-nextcloud__docker-compose.yml.dist.yml,mariadb,OK,0.0033,31,False
modification,composemorph,env,FarhadAlimohammadi-dir__vulnrepro-benchmark__benchmark_release_public_case_000028_src_docker-compose.yml.yml,neuralops,OK,0.0044,4,True
modification,yamlcpp-careful,env,FarhadAlimohammadi-dir__vulnrepro-benchmark__benchmark_release_public_case_000028_src_docker-compose.yml.yml,neuralops,OK,0.0029,6,True
modification,yamlcpp-naive,env,FarhadAlimohammadi-dir__vulnrepro-benchmark__benchmark_release_public_case_000028_src_docker-compose.yml.yml,neuralops,OK,0.0028,9,False
modification,composemorph,env,Fayer00__metric_proyect__docker-compose.yml.yml,db,OK,0.0056,4,
modification,yamlcpp-careful,env,Fayer00__metric_proyect__docker-compose.yml.yml,db,OK,0.0033,6,
modification,yamlcpp-naive,env,Fayer00__metric_proyect__docker-compose.yml.yml,db,OK,0.0038,6,
modification,composemorph,env,Felix-gg-cloud__ClaudeWorkspace__projects_LinguaLeap_docker-compose.yml.yml,minio,OK,0.0049,5,True
modification,yamlcpp-careful,env,Felix-gg-cloud__ClaudeWorkspace__projects_LinguaLeap_docker-compose.yml.yml,minio,OK,0.0032,9,True
modification,yamlcpp-naive,env,Felix-gg-cloud__ClaudeWorkspace__projects_LinguaLeap_docker-compose.yml.yml,minio,OK,0.0034,10,False
modification,composemorph,env,FtHalima__Smart-Internship-Freelance-Matching-Platform__smart-match-backend_docker-compose.yml.yml,backend,OK,0.0063,5,True
modification,yamlcpp-careful,env,FtHalima__Smart-Internship-Freelance-Matching-Platform__smart-match-backend_docker-compose.yml.yml,backend,OK,0.0039,9,True
modification,yamlcpp-naive,env,FtHalima__Smart-Internship-Freelance-Matching-Platform__smart-match-backend_docker-compose.yml.yml,backend,OK,0.0037,14,False
modification,composemorph,env,GEMILUXVII__github-telegram-bot__docker-compose.yml.yml,githubbot,OK,0.0047,8,
modification,yamlcpp-careful,env,GEMILUXVII__github-telegram-bot__docker-compose.yml.yml,githubbot,OK,0.0032,10,
modification,yamlcpp-naive,env,GEMILUXVII__github-telegram-bot__docker-compose.yml.yml,githubbot,OK,0.0031,10,
modification,composemorph,env,GenessyX__open-gallery__docker-compose.yml.yml,minio,OK,0.005,13,True
modification,yamlcpp-careful,env,GenessyX__open-gallery__docker-compose.yml.yml,minio,OK,0.0034,17,True
modification,yamlcpp-naive,env,GenessyX__open-gallery__docker-compose.yml.yml,minio,OK,0.0035,20,False
modification,composemorph,env,GetxoUdala__decidim-getxo__docker-compose.yml.old.yml,app,OK,0.0069,5,True
modification,yamlcpp-careful,env,GetxoUdala__decidim-getxo__docker-compose.yml.old.yml,app,OK,0.0041,5,True
modification,yamlcpp-naive,env,GetxoUdala__decidim-getxo__docker-compose.yml.old.yml,app,OK,0.0037,41,False
modification,composemorph,env,Grazziano__api-adote-um-amigo__docker-compose.yml.yml,api,OK,0.0046,9,True
modification,yamlcpp-careful,env,Grazziano__api-adote-um-amigo__docker-compose.yml.yml,api,OK,0.003,9,True
modification,yamlcpp-naive,env,Grazziano__api-adote-um-amigo__docker-compose.yml.yml,api,OK,0.003,13,False
modification,composemorph,env,Guilher0__agro_monitor__docker-compose.yml.yml,app,OK,0.006,19,True
modification,yamlcpp-careful,env,Guilher0__agro_monitor__docker-compose.yml.yml,app,OK,0.0052,22,True
modification,yamlcpp-naive,env,Guilher0__agro_monitor__docker-compose.yml.yml,app,OK,0.0052,32,False
modification,composemorph,env,HachimouAkram__examenQualiteLogiciel__docker-compose.yml.yml,api,OK,0.0058,9,
modification,yamlcpp-careful,env,HachimouAkram__examenQualiteLogiciel__docker-compose.yml.yml,api,OK,0.0041,12,
modification,yamlcpp-naive,env,HachimouAkram__examenQualiteLogiciel__docker-compose.yml.yml,api,OK,0.0034,12,
modification,composemorph,env,Hamada-khairi__Hamada-HomeLab__docker-compose.yml.yml,adguardhome-sync,OK,0.0145,219,True
modification,yamlcpp-careful,env,Hamada-khairi__Hamada-HomeLab__docker-compose.yml.yml,adguardhome-sync,OK,0.0129,366,True
modification,yamlcpp-naive,env,Hamada-khairi__Hamada-HomeLab__docker-compose.yml.yml,adguardhome-sync,OK,0.0126,368,False
modification,composemorph,env,HassanTariqAlvi__React-NodeAPI-MySQL__docker-compose.yml.yml,app,OK,0.0048,18,
modification,yamlcpp-careful,env,HassanTariqAlvi__React-NodeAPI-MySQL__docker-compose.yml.yml,app,OK,0.0029,20,
modification,yamlcpp-naive,env,HassanTariqAlvi__React-NodeAPI-MySQL__docker-compose.yml.yml,app,OK,0.0029,20,
modification,composemorph,env,Hexsia__Fiport-Portfolio__docker-compose.yml.yml,backend,OK,0.0048,5,True
modification,yamlcpp-careful,env,Hexsia__Fiport-Portfolio__docker-compose.yml.yml,backend,OK,0.0033,10,False
modification,yamlcpp-naive,env,Hexsia__Fiport-Portfolio__docker-compose.yml.yml,backend,OK,0.0032,15,False
modification,composemorph,env,HungTruong4689__Docker-and-Kubernetes__Docker_chapter-5-master_example-1_docker-compose.yml.yml,history,OK,0.0061,6,True
modification,yamlcpp-careful,env,HungTruong4689__Docker-and-Kubernetes__Docker_chapter-5-master_example-1_docker-compose.yml.yml,history,OK,0.0035,10,True
modification,yamlcpp-naive,env,HungTruong4689__Docker-and-Kubernetes__Docker_chapter-5-master_example-1_docker-compose.yml.yml,history,OK,0.0039,11,False
modification,composemorph,env,INCEPTdk__omop_etl__docker-compose.yml.yml,etl,OK,0.0032,10,True
modification,yamlcpp-careful,env,INCEPTdk__omop_etl__docker-compose.yml.yml,etl,OK,0.0034,23,False
modification,yamlcpp-naive,env,INCEPTdk__omop_etl__docker-compose.yml.yml,etl,OK,0.0031,23,False
modification,composemorph,env,IT22277190__mtit-assignment2-hospital-microservices__docker-compose.yml.yml,api-gateway,OK,0.0082,11,
modification,yamlcpp-careful,env,IT22277190__mtit-assignment2-hospital-microservices__docker-compose.yml.yml,api-gateway,OK,0.0066,49,
modification,yamlcpp-naive,env,IT22277190__mtit-assignment2-hospital-microservices__docker-compose.yml.yml,api-gateway,OK,0.0057,49,
modification,composemorph,env,IkigaiLabsETH__ikigAI-Labs__db_docker-compose.yml.md.yml,db,OK,0.0033,15,True
modification,yamlcpp-careful,env,IkigaiLabsETH__ikigAI-Labs__db_docker-compose.yml.md.yml,db,OK,0.0033,30,True
modification,yamlcpp-naive,env,IkigaiLabsETH__ikigAI-Labs__db_docker-compose.yml.md.yml,db,OK,0.0033,31,False
modification,composemorph,env,JMaynor__Dolores__docker-compose.yml.yml,dolores,OK,0.0048,9,True
modification,yamlcpp-careful,env,JMaynor__Dolores__docker-compose.yml.yml,dolores,OK,0.0035,10,True
modification,yamlcpp-naive,env,JMaynor__Dolores__docker-compose.yml.yml,dolores,OK,0.0034,32,False
modification,composemorph,env,JeremiahM37__homelab-blueprint__docker-compose.example.yml.yml,autoheal,OK,0.0107,108,
modification,yamlcpp-careful,env,JeremiahM37__homelab-blueprint__docker-compose.example.yml.yml,autoheal,OK,0.0114,141,
modification,yamlcpp-naive,env,JeremiahM37__homelab-blueprint__docker-compose.example.yml.yml,autoheal,OK,0.0113,141,
modification,composemorph,env,JessicaNathany__rinha-de-backend-2025__deploy_docker-compose.yml.yml,backend-api-1,OK,0.0061,12,True
modification,yamlcpp-careful,env,JessicaNathany__rinha-de-backend-2025__deploy_docker-compose.yml.yml,backend-api-1,OK,0.0045,22,True
modification,yamlcpp-naive,env,JessicaNathany__rinha-de-backend-2025__deploy_docker-compose.yml.yml,backend-api-1,OK,0.004,30,False
modification,composemorph,env,Jokerkraft__Sistema-De-Inventarios__docker-compose.yml.yml,mysql,OK,0.0045,3,True
modification,yamlcpp-careful,env,Jokerkraft__Sistema-De-Inventarios__docker-compose.yml.yml,mysql,OK,0.0029,5,True
modification,yamlcpp-naive,env,Jokerkraft__Sistema-De-Inventarios__docker-compose.yml.yml,mysql,OK,0.0033,8,False
modification,composemorph,env,JonasB11__KarteiCard__docker-compose.yml.yml,app,OK,0.0047,4,True
modification,yamlcpp-careful,env,JonasB11__KarteiCard__docker-compose.yml.yml,app,OK,0.0036,7,True
modification,yamlcpp-naive,env,JonasB11__KarteiCard__docker-compose.yml.yml,app,OK,0.004,8,False
modification,composemorph,env,JoshDunnDev__farmy-fish-fry__docker-compose.yml.yml,app,OK,0.0068,23,True
modification,yamlcpp-careful,env,JoshDunnDev__farmy-fish-fry__docker-compose.yml.yml,app,OK,0.0044,29,True
modification,yamlcpp-naive,env,JoshDunnDev__farmy-fish-fry__docker-compose.yml.yml,app,OK,0.0047,36,False
modification,composemorph,env,JosueCoto2__AgroflexSOA__docker-compose.yml.yml,admin,OK,0.0082,76,True
modification,yamlcpp-careful,env,JosueCoto2__AgroflexSOA__docker-compose.yml.yml,admin,OK,0.0062,91,True
modification,yamlcpp-naive,env,JosueCoto2__AgroflexSOA__docker-compose.yml.yml,admin,OK,0.0069,91,False
modification,composemorph,env,JuniorMinkoSon__SMART-FLLET__docker-compose.yml.yml,backend,OK,0.0047,7,True
modification,yamlcpp-careful,env,JuniorMinkoSon__SMART-FLLET__docker-compose.yml.yml,backend,OK,0.0046,11,True
modification,yamlcpp-naive,env,JuniorMinkoSon__SMART-FLLET__docker-compose.yml.yml,backend,OK,0.0036,16,False
modification,composemorph,env,K-Vincetti__autoRUZ__s2_db_hw_by_presentations_influxDb_docker-compose.yml.yml,explorer,OK,0.0044,2,
modification,yamlcpp-careful,env,K-Vincetti__autoRUZ__s2_db_hw_by_presentations_influxDb_docker-compose.yml.yml,explorer,OK,0.0034,5,
modification,yamlcpp-naive,env,K-Vincetti__autoRUZ__s2_db_hw_by_presentations_influxDb_docker-compose.yml.yml,explorer,OK,0.0032,5,
modification,composemorph,env,KARTHIK-BATTIPROLU__Agentic-Resume-Tailor__overleaf_services_notifications_docker-compose.yml.yml,mongo,OK,0.0059,11,
modification,yamlcpp-careful,env,KARTHIK-BATTIPROLU__Agentic-Resume-Tailor__overleaf_services_notifications_docker-compose.yml.yml,mongo,OK,0.0044,13,
modification,yamlcpp-naive,env,KARTHIK-BATTIPROLU__Agentic-Resume-Tailor__overleaf_services_notifications_docker-compose.yml.yml,mongo,OK,0.0052,13,
modification,composemorph,env,KTH__node-api__docker-compose.yml.in.yml,api,OK,0.0045,10,True
modification,yamlcpp-careful,env,KTH__node-api__docker-compose.yml.in.yml,api,OK,0.0039,10,True
modification,yamlcpp-naive,env,KTH__node-api__docker-compose.yml.in.yml,api,OK,0.0036,10,False
modification,composemorph,env,KTH__node-web__docker-compose.yml.in.yml,web,OK,0.0057,26,True
modification,yamlcpp-careful,env,KTH__node-web__docker-compose.yml.in.yml,web,OK,0.0051,30,False
modification,yamlcpp-naive,env,KTH__node-web__docker-compose.yml.in.yml,web,OK,0.0038,34,False
modification,composemorph,env,KamiALK__docker__databases_postgres_graph_docker-compose.yml.yml,music_db,OK,0.0073,12,True
modification,yamlcpp-careful,env,KamiALK__docker__databases_postgres_graph_docker-compose.yml.yml,music_db,OK,0.0064,13,True
modification,yamlcpp-naive,env,KamiALK__docker__databases_postgres_graph_docker-compose.yml.yml,music_db,OK,0.0056,14,False
modification,composemorph,env,Karnemorkon__matrix-dendrite-setup__docker-compose.yml.yml,admin-panel,OK,0.0072,68,
modification,yamlcpp-careful,env,Karnemorkon__matrix-dendrite-setup__docker-compose.yml.yml,admin-panel,OK,0.0054,80,
modification,yamlcpp-naive,env,Karnemorkon__matrix-dendrite-setup__docker-compose.yml.yml,admin-panel,OK,0.0054,80,
modification,composemorph,env,L-rrrr__PapiBank__docker-compose.yml.yml,db,OK,0.0049,4,True
modification,yamlcpp-careful,env,L-rrrr__PapiBank__docker-compose.yml.yml,db,OK,0.003,7,True
modification,yamlcpp-naive,env,L-rrrr__PapiBank__docker-compose.yml.yml,db,OK,0.0031,9,False
modification,composemorph,env,LegitCamper__homelab__homeserver_docker_compose.yml.yml,audiobookshelf,OK,0.0176,142,
modification,yamlcpp-careful,env,LegitCamper__homelab__homeserver_docker_compose.yml.yml,audiobookshelf,OK,0.0164,163,
modification,yamlcpp-naive,env,LegitCamper__homelab__homeserver_docker_compose.yml.yml,audiobookshelf,OK,0.0142,163,
modification,composemorph,env,LiReyes__todo-api__docker-compose.yml.yml,db,OK,0.0045,23,True
modification,yamlcpp-careful,env,LiReyes__todo-api__docker-compose.yml.yml,db,OK,0.0031,24,True
modification,yamlcpp-naive,env,LiReyes__todo-api__docker-compose.yml.yml,db,OK,0.0032,25,False
modification,composemorph,env,ListerStellar__financial-tracker__docker-compose.yml.yml,app,OK,0.0046,14,True
modification,yamlcpp-careful,env,ListerStellar__financial-tracker__docker-compose.yml.yml,app,OK,0.0026,15,True
modification,yamlcpp-naive,env,ListerStellar__financial-tracker__docker-compose.yml.yml,app,OK,0.0029,15,False
modification,composemorph,env,LuchnikKek__Team_Auth_sprint_2__docker-compose.yml.yml,auth_postgres,OK,0.0061,26,True
modification,yamlcpp-careful,env,LuchnikKek__Team_Auth_sprint_2__docker-compose.yml.yml,auth_postgres,OK,0.0048,30,True
modification,yamlcpp-naive,env,LuchnikKek__Team_Auth_sprint_2__docker-compose.yml.yml,auth_postgres,OK,0.0046,33,False
modification,composemorph,env,Lustyn__kats__docker-compose.yml.yml,kats,OK,0.005,2,
modification,yamlcpp-careful,env,Lustyn__kats__docker-compose.yml.yml,kats,OK,0.0032,3,
modification,yamlcpp-naive,env,Lustyn__kats__docker-compose.yml.yml,kats,OK,0.0034,3,
modification,composemorph,env,MHS-20__Raft__docker-compose.yml.yml,node-0,OK,0.0034,5,True
modification,yamlcpp-careful,env,MHS-20__Raft__docker-compose.yml.yml,node-0,OK,0.0032,10,False
modification,yamlcpp-naive,env,MHS-20__Raft__docker-compose.yml.yml,node-0,OK,0.0031,10,False
modification,composemorph,env,MT-TEAM-Org__batch__docker-compose.yml.yml,app,OK,0.0044,38,True
modification,yamlcpp-careful,env,MT-TEAM-Org__batch__docker-compose.yml.yml,app,OK,0.003,38,True
modification,yamlcpp-naive,env,MT-TEAM-Org__batch__docker-compose.yml.yml,app,OK,0.0029,44,False
modification,composemorph,env,MangwaleDev__searchv2__docker-compose.yml.yml,search-adminer,OK,0.0081,74,
modification,yamlcpp-careful,env,MangwaleDev__searchv2__docker-compose.yml.yml,search-adminer,OK,0.0072,103,
modification,yamlcpp-naive,env,MangwaleDev__searchv2__docker-compose.yml.yml,search-adminer,OK,0.0096,103,
modification,composemorph,env,Marukunai__alfresco__Alfresco_Ejercicio1_ejercicio_docker_docker-compose.yml.yml,ejercicio-acs,OK,0.0037,9,True
modification,yamlcpp-careful,env,Marukunai__alfresco__Alfresco_Ejercicio1_ejercicio_docker_docker-compose.yml.yml,ejercicio-acs,OK,0.0041,17,True
modification,yamlcpp-naive,env,Marukunai__alfresco__Alfresco_Ejercicio1_ejercicio_docker_docker-compose.yml.yml,ejercicio-acs,OK,0.004,17,False
modification,composemorph,env,Marwan051__final-project-database__docker-compose.yml.yml,pgadmin,OK,0.0047,4,True
modification,yamlcpp-careful,env,Marwan051__final-project-database__docker-compose.yml.yml,pgadmin,OK,0.0032,8,False
modification,yamlcpp-naive,env,Marwan051__final-project-database__docker-compose.yml.yml,pgadmin,OK,0.0034,9,False
modification,composemorph,env,MateuszRostek__book-store__docker-compose.yml.yml,app,OK,0.0032,7,True
modification,yamlcpp-careful,env,MateuszRostek__book-store__docker-compose.yml.yml,app,OK,0.0038,9,True
modification,yamlcpp-naive,env,MateuszRostek__book-store__docker-compose.yml.yml,app,OK,0.0037,9,False
modification,composemorph,env,MatiasJurgenson__ComfyUI-on-AMD-Linux-running-in-Podman__docker-compose.yml.yml,comfyk,OK,0.0055,21,True
modification,yamlcpp-careful,env,MatiasJurgenson__ComfyUI-on-AMD-Linux-running-in-Podman__docker-compose.yml.yml,comfyk,OK,0.004,22,True
modification,yamlcpp-naive,env,MatiasJurgenson__ComfyUI-on-AMD-Linux-running-in-Podman__docker-compose.yml.yml,comfyk,OK,0.0041,23,False
modification,composemorph,env,MdMurad-102__nestJsTemplete__docker-compose.yml.yml,api,OK,0.005,7,True
modification,yamlcpp-careful,env,MdMurad-102__nestJsTemplete__docker-compose.yml.yml,api,OK,0.0032,7,True
modification,yamlcpp-naive,env,MdMurad-102__nestJsTemplete__docker-compose.yml.yml,api,OK,0.0028,9,False
modification,composemorph,env,MenkoyS__3PROJ__docker-compose.yml.yml,backend,OK,0.0056,11,True
modification,yamlcpp-careful,env,MenkoyS__3PROJ__docker-compose.yml.yml,backend,OK,0.0042,17,True
modification,yamlcpp-naive,env,MenkoyS__3PROJ__docker-compose.yml.yml,backend,OK,0.0039,33,False
modification,composemorph,env,Mingo07-dev__n8n_workflows__docker-compose.yml.yml,n8n,OK,0.0048,6,True
modification,yamlcpp-careful,env,Mingo07-dev__n8n_workflows__docker-compose.yml.yml,n8n,OK,0.0031,10,False
modification,yamlcpp-naive,env,Mingo07-dev__n8n_workflows__docker-compose.yml.yml,n8n,OK,0.0032,11,False
modification,composemorph,env,Morlock52__psscript-manager__psscript-test-20250731011322_docker-compose.yml.yml,test-db,OK,0.0043,4,True
modification,yamlcpp-careful,env,Morlock52__psscript-manager__psscript-test-20250731011322_docker-compose.yml.yml,test-db,OK,0.0028,7,True
modification,yamlcpp-naive,env,Morlock52__psscript-manager__psscript-test-20250731011322_docker-compose.yml.yml,test-db,OK,0.0029,9,False
modification,composemorph,env,MrTorriz__homelab__docker_compose.yml.yml,audiobookshelf,OK,0.0143,123,True
modification,yamlcpp-careful,env,MrTorriz__homelab__docker_compose.yml.yml,audiobookshelf,OK,0.0125,168,True
modification,yamlcpp-naive,env,MrTorriz__homelab__docker_compose.yml.yml,audiobookshelf,OK,0.0139,170,False
modification,composemorph,env,NuttyShrimp__bachelor-thesis-poc__benchmark_docker-compose.yml.yml,grafana,OK,0.0067,42,
modification,yamlcpp-careful,env,NuttyShrimp__bachelor-thesis-poc__benchmark_docker-compose.yml.yml,grafana,OK,0.0065,67,
modification,yamlcpp-naive,env,NuttyShrimp__bachelor-thesis-poc__benchmark_docker-compose.yml.yml,grafana,OK,0.006,67,
modification,composemorph,env,Oliver0804__docker_phpmyadmin__docker-compose.yml.yml,db,OK,0.0045,15,True
modification,yamlcpp-careful,env,Oliver0804__docker_phpmyadmin__docker-compose.yml.yml,db,OK,0.003,15,True
modification,yamlcpp-naive,env,Oliver0804__docker_phpmyadmin__docker-compose.yml.yml,db,OK,0.003,16,False
modification,composemorph,env,OneUptime__oneuptime__docker-compose.base.yml.yml,app,OK,0.0127,162,True
modification,yamlcpp-careful,env,OneUptime__oneuptime__docker-compose.base.yml.yml,app,OK,0.0138,201,True
modification,yamlcpp-naive,env,OneUptime__oneuptime__docker-compose.base.yml.yml,app,OK,0.0111,226,False
modification,composemorph,env,PACER-PHII__PACER-client__docker-compose.yml.bk.yml,ecr-manager,OK,0.003,10,True
modification,yamlcpp-careful,env,PACER-PHII__PACER-client__docker-compose.yml.bk.yml,ecr-manager,OK,0.0032,30,True
modification,yamlcpp-naive,env,PACER-PHII__PACER-client__docker-compose.yml.bk.yml,ecr-manager,OK,0.003,31,False
modification,composemorph,env,PACER-PHII__PACER-client__docker-compose.yml.bk1.yml,ecr-manager,OK,0.0031,7,True
modification,yamlcpp-careful,env,PACER-PHII__PACER-client__docker-compose.yml.bk1.yml,ecr-manager,OK,0.004,21,True
modification,yamlcpp-naive,env,PACER-PHII__PACER-client__docker-compose.yml.bk1.yml,ecr-manager,OK,0.0045,22,False
modification,composemorph,env,PacktPublishing__Building-Smart-Home-Automation-Solutions-with-Home-Assistant__Chapter_08_docker-compose.yml.yml,chronograf,OK,0.0065,81,True
modification,yamlcpp-careful,env,PacktPublishing__Building-Smart-Home-Automation-Solutions-with-Home-Assistant__Chapter_08_docker-compose.yml.yml,chronograf,OK,0.0064,86,True
modification,yamlcpp-naive,env,PacktPublishing__Building-Smart-Home-Automation-Solutions-with-Home-Assistant__Chapter_08_docker-compose.yml.yml,chronograf,OK,0.006,86,False
modification,composemorph,env,Payum__PayumServer__docker-compose.yml.dist.yml,payum-server,OK,0.0046,4,
modification,yamlcpp-careful,env,Payum__PayumServer__docker-compose.yml.dist.yml,payum-server,OK,0.0028,4,
modification,yamlcpp-naive,env,Payum__PayumServer__docker-compose.yml.dist.yml,payum-server,OK,0.0028,4,
modification,composemorph,env,PeterNguyenX__AI-ActivEdu-thesis__Others_docker-compose.yml.yml,backend,OK,0.005,13,True
modification,yamlcpp-careful,env,PeterNguyenX__AI-ActivEdu-thesis__Others_docker-compose.yml.yml,backend,OK,0.0032,17,True
modification,yamlcpp-naive,env,PeterNguyenX__AI-ActivEdu-thesis__Others_docker-compose.yml.yml,backend,OK,0.0036,21,False
modification,composemorph,env,PhuongDongIOT__restaurant__containers_kong_3_debian-12_docker-compose.yml.yml,kong,OK,0.0054,4,True
modification,yamlcpp-careful,env,PhuongDongIOT__restaurant__containers_kong_3_debian-12_docker-compose.yml.yml,kong,OK,0.0032,4,True
modification,yamlcpp-naive,env,PhuongDongIOT__restaurant__containers_kong_3_debian-12_docker-compose.yml.yml,kong,OK,0.0033,6,False
modification,composemorph,env,ProjektZespolowyMetro__METRO__docker-compose.yml.yml,backend,OK,0.0056,25,True
modification,yamlcpp-careful,env,ProjektZespolowyMetro__METRO__docker-compose.yml.yml,backend,OK,0.0038,38,False
modification,yamlcpp-naive,env,ProjektZespolowyMetro__METRO__docker-compose.yml.yml,backend,OK,0.0036,41,False
modification,composemorph,env,ProudRykar__MTUCI-Course_3-Fullstack__docker-compose.yml.yml,app,OK,0.0055,29,True
modification,yamlcpp-careful,env,ProudRykar__MTUCI-Course_3-Fullstack__docker-compose.yml.yml,app,OK,0.004,39,True
modification,yamlcpp-naive,env,ProudRykar__MTUCI-Course_3-Fullstack__docker-compose.yml.yml,app,OK,0.0043,38,False
modification,composemorph,env,Prushka__Recipe-Fullstack__docker-compose.yml.yml,backend,OK,0.0029,7,True
modification,yamlcpp-careful,env,Prushka__Recipe-Fullstack__docker-compose.yml.yml,backend,OK,0.0027,14,True
modification,yamlcpp-naive,env,Prushka__Recipe-Fullstack__docker-compose.yml.yml,backend,OK,0.0029,14,False
modification,composemorph,env,Qauttrolab__paperless-ngx-synology-setup__docker-compose-ds723.yml.yml,backup-runner,OK,0.0085,425,
modification,yamlcpp-careful,env,Qauttrolab__paperless-ngx-synology-setup__docker-compose-ds723.yml.yml,backup-runner,OK,0.0071,430,
modification,yamlcpp-naive,env,Qauttrolab__paperless-ngx-synology-setup__docker-compose-ds723.yml.yml,backup-runner,OK,0.0072,430,
modification,composemorph,env,RJWALICZEK__iot-monitor__docker-compose.yml.yml,pgadmin,OK,0.0044,12,True
modification,yamlcpp-careful,env,RJWALICZEK__iot-monitor__docker-compose.yml.yml,pgadmin,OK,0.0029,14,True
modification,yamlcpp-naive,env,RJWALICZEK__iot-monitor__docker-compose.yml.yml,pgadmin,OK,0.003,15,False
modification,composemorph,env,RadovanBulla1304__DP_OtazkovySystem_v2__docker-compose.yml.yml,backend,OK,0.0049,1,True
modification,yamlcpp-careful,env,RadovanBulla1304__DP_OtazkovySystem_v2__docker-compose.yml.yml,backend,OK,0.004,3,True
modification,yamlcpp-naive,env,RadovanBulla1304__DP_OtazkovySystem_v2__docker-compose.yml.yml,backend,OK,0.0046,14,False
modification,composemorph,env,Ragdata__labstacks__src_svc_wallos_docker-compose.yml.yml,wallos,OK,0.0036,6,
modification,yamlcpp-careful,env,Ragdata__labstacks__src_svc_wallos_docker-compose.yml.yml,wallos,OK,0.0037,6,
modification,yamlcpp-naive,env,Ragdata__labstacks__src_svc_wallos_docker-compose.yml.yml,wallos,OK,0.0037,6,
modification,composemorph,env,Rahul-jooluru__AgentChain__docker-compose.yml.yml,postgres,OK,0.0053,4,True
modification,yamlcpp-careful,env,Rahul-jooluru__AgentChain__docker-compose.yml.yml,postgres,OK,0.0032,7,True
modification,yamlcpp-naive,env,Rahul-jooluru__AgentChain__docker-compose.yml.yml,postgres,OK,0.0033,9,False
modification,composemorph,env,Reggy501__edutrack__attendance-service_docker-compose.yml.yml,attendance-service,OK,0.005,4,True
modification,yamlcpp-careful,env,Reggy501__edutrack__attendance-service_docker-compose.yml.yml,attendance-service,OK,0.0032,7,True
modification,yamlcpp-naive,env,Reggy501__edutrack__attendance-service_docker-compose.yml.yml,attendance-service,OK,0.0035,11,False
modification,composemorph,env,RichardUchotski__spring-boot-fullstack__docker-compose.yml.yml,amigoscode-rsu-api,OK,0.0058,7,
modification,yamlcpp-careful,env,RichardUchotski__spring-boot-fullstack__docker-compose.yml.yml,amigoscode-rsu-api,OK,0.0047,9,
modification,yamlcpp-naive,env,RichardUchotski__spring-boot-fullstack__docker-compose.yml.yml,amigoscode-rsu-api,OK,0.0044,9,
modification,composemorph,env,Rishabhmannu__banking-observability-platform__backups_20250623_174521_docker-compose.yml.yml,account-service,OK,0.0097,40,True
modification,yamlcpp-careful,env,Rishabhmannu__banking-observability-platform__backups_20250623_174521_docker-compose.yml.yml,account-service,OK,0.0078,60,True
modification,yamlcpp-naive,env,Rishabhmannu__banking-observability-platform__backups_20250623_174521_docker-compose.yml.yml,account-service,OK,0.008,62,False
modification,composemorph,env,RitwikRishRaj__CN-SUMMER__docker-compose.yml.yml,backend,OK,0.0059,12,True
modification,yamlcpp-careful,env,RitwikRishRaj__CN-SUMMER__docker-compose.yml.yml,backend,OK,0.0055,17,True
modification,yamlcpp-naive,env,RitwikRishRaj__CN-SUMMER__docker-compose.yml.yml,backend,OK,0.0041,18,False
modification,composemorph,env,RobertoLangarica__udg-vivo__VIVO_docker-compose.yml.yml,solr,OK,0.0057,7,True
modification,yamlcpp-careful,env,RobertoLangarica__udg-vivo__VIVO_docker-compose.yml.yml,solr,OK,0.0044,7,True
modification,yamlcpp-naive,env,RobertoLangarica__udg-vivo__VIVO_docker-compose.yml.yml,solr,OK,0.0038,8,False
modification,composemorph,env,SONLE03__ClothingStoreE__docker-compose.yml.yml,app,OK,0.0064,4,
modification,yamlcpp-careful,env,SONLE03__ClothingStoreE__docker-compose.yml.yml,app,OK,0.0042,5,
modification,yamlcpp-naive,env,SONLE03__ClothingStoreE__docker-compose.yml.yml,app,OK,0.0038,5,
modification,composemorph,env,SafariDesk-OS__Core__docker-compose.yml.yml,api,OK,0.006,21,
modification,yamlcpp-careful,env,SafariDesk-OS__Core__docker-compose.yml.yml,api,OK,0.0041,26,
modification,yamlcpp-naive,env,SafariDesk-OS__Core__docker-compose.yml.yml,api,OK,0.0051,26,
modification,composemorph,env,SaiMihir05__agentic-research-assistant__docker-compose.yml.yml,db,OK,0.0057,12,True
modification,yamlcpp-careful,env,SaiMihir05__agentic-research-assistant__docker-compose.yml.yml,db,OK,0.0037,19,True
modification,yamlcpp-naive,env,SaiMihir05__agentic-research-assistant__docker-compose.yml.yml,db,OK,0.0035,21,False
modification,composemorph,env,Sanjay2729117__projectS__docker-compose.yml.yml,app,OK,0.0053,6,True
modification,yamlcpp-careful,env,Sanjay2729117__projectS__docker-compose.yml.yml,app,OK,0.0037,8,True
modification,yamlcpp-naive,env,Sanjay2729117__projectS__docker-compose.yml.yml,app,OK,0.0038,10,False
