bucket,file,total_lines,size_bytes,peak_rss_kb,iteration,load_ms,modify_ms,save_ms,total_ms,emit_yamlcpp_ms,emit_preserving_ms
Small (<100 lines),minimal-multi-service.yml,19,299,4788,0,0.145348,1.20793,0.351853,1.70513,0.086789,0.069492
Small (<100 lines),minimal-multi-service.yml,19,299,4788,1,0.127118,0.006308,0.200279,0.333705,0.069331,0.066476
Small (<100 lines),minimal-multi-service.yml,19,299,4788,2,0.107241,0.005095,8.04424,8.15658,0.129722,0.109055
Small (<100 lines),minimal-multi-service.yml,19,299,4788,3,0.218871,0.011086,0.294647,0.524604,0.097069,0.103624
Small (<100 lines),minimal-multi-service.yml,19,299,4788,4,0.169374,0.007303,0.237706,0.414383,0.096672,0.090222
Small (<100 lines),minimal-multi-service.yml,19,299,4788,5,0.149415,0.006269,0.220095,0.375779,0.059838,0.117621
Small (<100 lines),minimal-multi-service.yml,19,299,4788,6,0.120685,0.007121,0.170234,0.29804,0.054219,0.052365
Small (<100 lines),minimal-multi-service.yml,19,299,4788,7,0.087408,0.003917,0.103999,0.195324,0.052435,0.053927
Small (<100 lines),minimal-multi-service.yml,19,299,4788,8,0.084268,0.003384,0.096865,0.184517,0.053742,0.052573
Small (<100 lines),minimal-multi-service.yml,19,299,4788,9,0.082672,0.003415,0.097204,0.183291,0.055784,0.05977
Small (<100 lines),minimal-multi-service.yml,19,299,4788,10,0.086324,0.003567,0.096947,0.186838,0.055629,0.056368
Small (<100 lines),minimal-multi-service.yml,19,299,4788,11,0.088688,0.003279,0.093562,0.185529,0.055285,0.066694
Small (<100 lines),minimal-multi-service.yml,19,299,4788,12,0.086041,0.00345,0.097406,0.186897,0.055435,0.057365
Small (<100 lines),minimal-multi-service.yml,19,299,4788,13,0.08923,0.003284,0.103574,0.196088,0.057521,0.059072
Small (<100 lines),minimal-multi-service.yml,19,299,4788,14,0.093256,0.003569,0.102557,0.199382,0.060236,0.060934
Small (<100 lines),minimal-multi-service.yml,19,299,4788,15,0.093005,0.003494,0.111554,0.208053,0.059307,0.061783
Small (<100 lines),minimal-multi-service.yml,19,299,4788,16,0.093926,0.003772,0.102695,0.200393,0.059721,0.058397
Small (<100 lines),minimal-multi-service.yml,19,299,4788,17,0.088216,0.003149,0.105099,0.196464,0.057174,0.07039
Small (<100 lines),minimal-multi-service.yml,19,299,4788,18,0.091232,0.003593,0.10134,0.196165,0.063124,0.054097
Small (<100 lines),minimal-multi-service.yml,19,299,4788,19,0.083247,0.003245,0.089768,0.17626,0.052838,0.057475
Small (<100 lines),minimal-multi-service.yml,19,299,4788,20,0.079033,0.002829,0.081649,0.163511,0.057933,0.049715
Small (<100 lines),minimal-multi-service.yml,19,299,4788,21,0.076715,0.002888,0.087025,0.166628,0.049375,0.050985
Small (<100 lines),minimal-multi-service.yml,19,299,4788,22,0.077749,0.002751,0.079191,0.159691,0.052527,0.045374
Small (<100 lines),minimal-multi-service.yml,19,299,4788,23,0.071195,0.002553,0.074101,0.147849,0.044524,0.047806
Small (<100 lines),minimal-multi-service.yml,19,299,4788,24,0.066794,0.002426,0.072021,0.141241,0.048239,0.04382
Small (<100 lines),minimal-multi-service.yml,19,299,4788,25,0.067393,0.002565,0.073726,0.143684,0.042841,0.04634
Small (<100 lines),minimal-multi-service.yml,19,299,4788,26,0.066164,0.002355,0.075294,0.143813,0.045478,0.038848
Small (<100 lines),minimal-multi-service.yml,19,299,4788,27,0.05933,0.002048,0.063249,0.124627,0.037909,0.045224
Small (<100 lines),minimal-multi-service.yml,19,299,4788,28,0.060214,0.002212,0.064517,0.126943,0.037973,0.03685
Small (<100 lines),minimal-multi-service.yml,19,299,4788,29,0.055467,0.002063,0.063871,0.121401,0.036129,0.038937
Small (<100 lines),anchors-and-aliases.yml,12,226,4720,0,0.106281,1.33857,0.366674,1.81152,0.08537,0.056
Small (<100 lines),anchors-and-aliases.yml,12,226,4720,1,0.126509,0.006824,0.21203,0.345363,0.058991,0.065761
Small (<100 lines),anchors-and-aliases.yml,12,226,4720,2,0.115878,0.006282,0.185303,0.307463,0.060365,0.056439
Small (<100 lines),anchors-and-aliases.yml,12,226,4720,3,0.121463,0.006489,0.201308,0.32926,0.065134,0.067441
Small (<100 lines),anchors-and-aliases.yml,12,226,4720,4,0.125277,0.006459,0.183574,0.31531,0.071301,0.065276
Small (<100 lines),anchors-and-aliases.yml,12,226,4720,5,0.127758,0.006813,0.146199,0.28077,0.034816,0.03823
Small (<100 lines),anchors-and-aliases.yml,12,226,4720,6,0.068874,0.003823,0.106666,0.179363,0.042321,0.03844
Small (<100 lines),anchors-and-aliases.yml,12,226,4720,7,0.066514,0.003703,0.114989,0.185206,0.034432,0.037598
Small (<100 lines),anchors-and-aliases.yml,12,226,4720,8,0.065988,0.003515,0.100929,0.170432,0.038831,0.034994
Small (<100 lines),anchors-and-aliases.yml,12,226,4720,9,0.063978,0.003407,0.096521,0.163906,0.035036,0.037007
Small (<100 lines),anchors-and-aliases.yml,12,226,4720,10,0.065119,0.003354,0.098928,0.167401,0.041285,0.086186
Small (<100 lines),anchors-and-aliases.yml,12,226,4720,11,0.061889,0.004354,0.094371,0.160614,0.027311,0.027854
Small (<100 lines),anchors-and-aliases.yml,12,226,4720,12,0.044531,0.002571,0.053748,0.10085,0.027117,0.024944
Small (<100 lines),anchors-and-aliases.yml,12,226,4720,13,0.04236,0.002031,0.047768,0.092159,0.023952,0.026533
Small (<100 lines),anchors-and-aliases.yml,12,226,4720,14,0.041728,0.001949,0.046901,0.090578,0.025801,0.025627
Small (<100 lines),anchors-and-aliases.yml,12,226,4720,15,0.04405,0.002078,0.050402,0.09653,0.025423,0.028163
Small (<100 lines),anchors-and-aliases.yml,12,226,4720,16,0.043912,0.001967,0.050437,0.096316,0.027538,0.026122
Small (<100 lines),anchors-and-aliases.yml,12,226,4720,17,0.043288,0.001959,0.049364,0.094611,0.025179,0.02825
Small (<100 lines),anchors-and-aliases.yml,12,226,4720,18,0.043614,0.001839,0.049359,0.094812,0.027578,0.025755
Small (<100 lines),anchors-and-aliases.yml,12,226,4720,19,0.043185,0.001843,0.049221,0.094249,0.025405,0.02824
Small (<100 lines),anchors-and-aliases.yml,12,226,4720,20,0.043399,0.001938,0.050384,0.095721,0.028854,0.028151
Small (<100 lines),anchors-and-aliases.yml,12,226,4720,21,0.045763,0.001916,0.05252,0.100199,0.026639,0.029772
Small (<100 lines),anchors-and-aliases.yml,12,226,4720,22,0.046267,0.001985,0.052183,0.100435,0.028871,0.027568
Small (<100 lines),anchors-and-aliases.yml,12,226,4720,23,0.046227,0.002189,0.054487,0.102903,0.027384,0.030813
Small (<100 lines),anchors-and-aliases.yml,12,226,4720,24,0.04632,0.001984,0.052336,0.10064,0.029645,0.027982
Small (<100 lines),anchors-and-aliases.yml,12,226,4720,25,0.046304,0.002046,0.052885,0.101235,0.027376,0.031164
Small (<100 lines),anchors-and-aliases.yml,12,226,4720,26,0.045855,0.002081,0.053488,0.101424,0.0322,0.028286
Small (<100 lines),anchors-and-aliases.yml,12,226,4720,27,0.046333,0.002011,0.053243,0.101587,0.027148,0.030952
Small (<100 lines),anchors-and-aliases.yml,12,226,4720,28,0.048696,0.002402,0.057465,0.108563,0.031948,0.030255
Small (<100 lines),anchors-and-aliases.yml,12,226,4720,29,0.049886,0.002469,0.058696,0.111051,0.029108,0.032192
Small (<100 lines),deploy-placement-and-profiles.yml,10,216,4788,0,0.132922,1.49452,0.357532,1.98497,0.086172,0.049362
Small (<100 lines),deploy-placement-and-profiles.yml,10,216,4788,1,0.116504,0.009782,0.194052,0.320338,0.052245,0.052665
Small (<100 lines),deploy-placement-and-profiles.yml,10,216,4788,2,0.09995,0.005993,0.165629,0.271572,0.05404,0.042017
Small (<100 lines),deploy-placement-and-profiles.yml,10,216,4788,3,0.091364,0.005292,0.145125,0.241781,0.044571,0.045136
Small (<100 lines),deploy-placement-and-profiles.yml,10,216,4788,4,0.086159,0.00471,0.132411,0.22328,0.051276,0.039155
Small (<100 lines),deploy-placement-and-profiles.yml,10,216,4788,5,0.085944,0.004613,0.132131,0.222688,0.040168,0.040555
Small (<100 lines),deploy-placement-and-profiles.yml,10,216,4788,6,0.075986,0.004322,0.11699,0.197298,0.045772,0.035073
Small (<100 lines),deploy-placement-and-profiles.yml,10,216,4788,7,0.073127,0.004195,0.11143,0.188752,0.037428,0.03668
Small (<100 lines),deploy-placement-and-profiles.yml,10,216,4788,8,0.069504,0.003833,0.107552,0.180889,0.041132,0.032544
Small (<100 lines),deploy-placement-and-profiles.yml,10,216,4788,9,0.06848,0.003712,0.099433,0.171625,0.035027,0.036103
Small (<100 lines),deploy-placement-and-profiles.yml,10,216,4788,10,0.063084,0.003411,0.097945,0.16444,0.038182,0.02965
Small (<100 lines),deploy-placement-and-profiles.yml,10,216,4788,11,0.061966,0.003579,0.101941,0.167486,0.034248,0.036411
Small (<100 lines),deploy-placement-and-profiles.yml,10,216,4788,12,0.061589,0.003617,0.100101,0.165307,0.036562,0.028928
Small (<100 lines),deploy-placement-and-profiles.yml,10,216,4788,13,0.061176,0.003621,0.095475,0.160272,0.034224,0.034985
Small (<100 lines),deploy-placement-and-profiles.yml,10,216,4788,14,0.061626,0.003275,0.098322,0.163223,0.03656,0.029339
Small (<100 lines),deploy-placement-and-profiles.yml,10,216,4788,15,0.060795,0.003254,0.096702,0.160751,0.032356,0.033005
Small (<100 lines),deploy-placement-and-profiles.yml,10,216,4788,16,0.060972,0.003371,0.094078,0.158421,0.036781,0.028652
Small (<100 lines),deploy-placement-and-profiles.yml,10,216,4788,17,0.05931,0.003044,0.094613,0.156967,0.032422,0.032937
Small (<100 lines),deploy-placement-and-profiles.yml,10,216,4788,18,0.061767,0.003173,0.092609,0.157549,0.0362,0.028471
Small (<100 lines),deploy-placement-and-profiles.yml,10,216,4788,19,0.059991,0.003023,0.093749,0.156763,0.032409,0.032171
Small (<100 lines),deploy-placement-and-profiles.yml,10,216,4788,20,0.060253,0.002945,0.092031,0.155229,0.0376,0.028495
Small (<100 lines),deploy-placement-and-profiles.yml,10,216,4788,21,0.061281,0.003099,0.094869,0.159249,0.032583,0.03297
Small (<100 lines),deploy-placement-and-profiles.yml,10,216,4788,22,0.061875,0.003557,0.115295,0.180727,0.040418,0.029218
Small (<100 lines),deploy-placement-and-profiles.yml,10,216,4788,23,0.063733,0.004222,0.105033,0.172988,0.037076,0.035691
Small (<100 lines),deploy-placement-and-profiles.yml,10,216,4788,24,0.066608,0.003982,0.113601,0.184191,0.039636,0.02937
Small (<100 lines),deploy-placement-and-profiles.yml,10,216,4788,25,0.064458,0.003674,0.097548,0.16568,0.033869,0.03498
Small (<100 lines),deploy-placement-and-profiles.yml,10,216,4788,26,0.058528,0.003087,0.089413,0.151028,0.036589,0.029135
Small (<100 lines),deploy-placement-and-profiles.yml,10,216,4788,27,0.059828,0.002891,0.090693,0.153412,0.03322,0.034605
Small (<100 lines),deploy-placement-and-profiles.yml,10,216,4788,28,0.059889,0.002914,0.102926,0.165729,0.037054,0.029343
Small (<100 lines),deploy-placement-and-profiles.yml,10,216,4788,29,0.061145,0.002985,0.09108,0.15521,0.033208,0.032352
Small (<100 lines),extends-keyword.yml,10,152,4776,0,0.059677,0.789665,0.212801,1.06214,0.052388,0.029311
Small (<100 lines),extends-keyword.yml,10,152,4776,1,0.064532,0.006329,0.1259,0.196761,0.028668,0.030302
Small (<100 lines),extends-keyword.yml,10,152,4776,2,0.056864,0.003855,0.104506,0.165225,0.031296,0.027853
Small (<100 lines),extends-keyword.yml,10,152,4776,3,0.056964,0.003859,0.097389,0.158212,0.027123,0.030822
Small (<100 lines),extends-keyword.yml,10,152,4776,4,0.055461,0.003638,0.093617,0.152716,0.030162,0.02767
Small (<100 lines),extends-keyword.yml,10,152,4776,5,0.054989,0.003399,0.093943,0.152331,0.026724,0.030581
Small (<100 lines),extends-keyword.yml,10,152,4776,6,0.05234,0.003358,0.090386,0.146084,0.02992,0.02729
Small (<100 lines),extends-keyword.yml,10,152,4776,7,0.051606,0.003417,0.090026,0.145049,0.026743,0.030856
Small (<100 lines),extends-keyword.yml,10,152,4776,8,0.053291,0.003426,0.09163,0.148347,0.029754,0.02733
Small (<100 lines),extends-keyword.yml,10,152,4776,9,0.053947,0.003361,0.090279,0.147587,0.026846,0.030462
Small (<100 lines),extends-keyword.yml,10,152,4776,10,0.052113,0.003246,0.087462,0.142821,0.032454,0.03003
Small (<100 lines),extends-keyword.yml,10,152,4776,11,0.053159,0.003259,0.089707,0.146125,0.02655,0.029943
Small (<100 lines),extends-keyword.yml,10,152,4776,12,0.05247,0.003173,0.090669,0.146312,0.030314,0.028355
Small (<100 lines),extends-keyword.yml,10,152,4776,13,0.05231,0.003364,0.097631,0.153305,0.026334,0.031358
Small (<100 lines),extends-keyword.yml,10,152,4776,14,0.053208,0.003254,0.090343,0.146805,0.029426,0.027186
Small (<100 lines),extends-keyword.yml,10,152,4776,15,0.05306,0.00308,0.090226,0.146366,0.02617,0.030391
Small (<100 lines),extends-keyword.yml,10,152,4776,16,0.051853,0.003093,0.087228,0.142174,0.02931,0.027216
Small (<100 lines),extends-keyword.yml,10,152,4776,17,0.052279,0.003219,0.087501,0.142999,0.025993,0.02992
Small (<100 lines),extends-keyword.yml,10,152,4776,18,0.053712,0.003315,0.087609,0.144636,0.029349,0.027322
Small (<100 lines),extends-keyword.yml,10,152,4776,19,0.0526,0.003218,0.090131,0.145949,0.026026,0.030173
Small (<100 lines),extends-keyword.yml,10,152,4776,20,0.052761,0.003094,0.089378,0.145233,0.028962,0.027217
Small (<100 lines),extends-keyword.yml,10,152,4776,21,0.052096,0.0031,0.087143,0.142339,0.025801,0.0301
Small (<100 lines),extends-keyword.yml,10,152,4776,22,0.051282,0.003187,0.087455,0.141924,0.028912,0.026896
Small (<100 lines),extends-keyword.yml,10,152,4776,23,0.052125,0.003077,0.086773,0.141975,0.025989,0.030519
Small (<100 lines),extends-keyword.yml,10,152,4776,24,0.051599,0.003154,0.087283,0.142036,0.029498,0.02709
Small (<100 lines),extends-keyword.yml,10,152,4776,25,0.051668,0.003044,0.088589,0.143301,0.025928,0.029919
Small (<100 lines),extends-keyword.yml,10,152,4776,26,0.050768,0.003168,0.090402,0.144338,0.029405,0.026972
Small (<100 lines),extends-keyword.yml,10,152,4776,27,0.05147,0.003182,0.086724,0.141376,0.026555,0.030175
Small (<100 lines),extends-keyword.yml,10,152,4776,28,0.050366,0.003141,0.084311,0.137818,0.029386,0.027368
Small (<100 lines),extends-keyword.yml,10,152,4776,29,0.051166,0.003089,0.08603,0.140285,0.026277,0.030236
Small (<100 lines),external-resources.yml,24,359,4796,0,0.108342,0.792595,0.245439,1.14638,0.080104,0.065378
Small (<100 lines),external-resources.yml,24,359,4796,1,0.106442,0.004031,0.153081,0.263554,0.060661,0.066443
Small (<100 lines),external-resources.yml,24,359,4796,2,0.100513,0.003837,0.137539,0.241889,0.073229,0.0708
Small (<100 lines),external-resources.yml,24,359,4796,3,0.10427,0.003832,0.141456,0.249558,0.066591,0.072017
Small (<100 lines),external-resources.yml,24,359,4796,4,0.100939,0.003753,0.129542,0.234234,0.075061,0.063279
Small (<100 lines),external-resources.yml,24,359,4796,5,0.100842,0.003881,0.131492,0.236215,0.066672,0.071716
Small (<100 lines),external-resources.yml,24,359,4796,6,0.101239,0.003655,0.138541,0.243435,0.062504,0.061919
Small (<100 lines),external-resources.yml,24,359,4796,7,0.099803,0.003575,0.131199,0.234577,0.060553,0.065494
Small (<100 lines),external-resources.yml,24,359,4796,8,0.102075,0.003743,0.135659,0.241477,0.072582,0.072922
Small (<100 lines),external-resources.yml,24,359,4796,9,0.105572,0.003736,0.143087,0.252395,0.060977,0.067079
Small (<100 lines),external-resources.yml,24,359,4796,10,0.10287,0.003748,0.13189,0.238508,0.063627,0.063006
Small (<100 lines),external-resources.yml,24,359,4796,11,0.095252,0.003484,0.126634,0.22537,0.065612,0.071015
Small (<100 lines),external-resources.yml,24,359,4796,12,0.09688,0.003393,0.130177,0.23045,0.061221,0.061546
Small (<100 lines),external-resources.yml,24,359,4796,13,0.099141,0.003632,0.123965,0.226738,0.058449,0.064503
Small (<100 lines),external-resources.yml,24,359,4796,14,0.09873,0.003582,0.126237,0.228549,0.061394,0.061614
Small (<100 lines),external-resources.yml,24,359,4796,15,0.097501,0.003483,0.153329,0.254313,0.046875,0.049733
Small (<100 lines),external-resources.yml,24,359,4796,16,0.087353,0.005511,0.087281,0.180145,0.04893,0.045654
Small (<100 lines),external-resources.yml,24,359,4796,17,0.073127,0.002727,0.073868,0.149722,0.043789,0.047871
Small (<100 lines),external-resources.yml,24,359,4796,18,0.070447,0.002293,0.069663,0.142403,0.045248,0.045009
Small (<100 lines),external-resources.yml,24,359,4796,19,0.068275,0.002189,0.067967,0.138431,0.042484,0.047348
Small (<100 lines),external-resources.yml,24,359,4796,20,0.067094,0.002126,0.067696,0.136916,0.044382,0.044693
Small (<100 lines),external-resources.yml,24,359,4796,21,0.066873,0.001981,0.066875,0.135729,0.042122,0.046587
Small (<100 lines),external-resources.yml,24,359,4796,22,0.066023,0.001969,0.066975,0.134967,0.044164,0.044377
Small (<100 lines),external-resources.yml,24,359,4796,23,0.065618,0.001985,0.067176,0.134779,0.041808,0.046567
Small (<100 lines),external-resources.yml,24,359,4796,24,0.065242,0.001944,0.067548,0.134734,0.043843,0.044958
Small (<100 lines),external-resources.yml,24,359,4796,25,0.066055,0.00189,0.067234,0.135179,0.041595,0.047329
Small (<100 lines),external-resources.yml,24,359,4796,26,0.065158,0.002085,0.067728,0.134971,0.044608,0.044664
Small (<100 lines),external-resources.yml,24,359,4796,27,0.066324,0.001938,0.067256,0.135518,0.042407,0.046744
Small (<100 lines),external-resources.yml,24,359,4796,28,0.066781,0.002016,0.067417,0.136214,0.044077,0.044298
Small (<100 lines),external-resources.yml,24,359,4796,29,0.066047,0.002016,0.069532,0.137595,0.042033,0.046338
Small (<100 lines),include-directive.yml,7,107,4772,0,0.061003,0.9308,0.230015,1.22182,0.044136,0.025903
Small (<100 lines),include-directive.yml,7,107,4772,1,0.066687,0.004549,0.127318,0.198554,0.026157,0.030079
Small (<100 lines),include-directive.yml,7,107,4772,2,0.059112,0.004238,0.110607,0.173957,0.029649,0.025909
Small (<100 lines),include-directive.yml,7,107,4772,3,0.057857,0.003984,0.106298,0.168139,0.025926,0.02937
Small (<100 lines),include-directive.yml,7,107,4772,4,0.061238,0.003977,0.112136,0.177351,0.02999,0.025878
Small (<100 lines),include-directive.yml,7,107,4772,5,0.057156,0.004021,0.105193,0.16637,0.025367,0.029394
Small (<100 lines),include-directive.yml,7,107,4772,6,0.056244,0.004149,0.101941,0.162334,0.060735,0.026502
Small (<100 lines),include-directive.yml,7,107,4772,7,0.058742,0.004167,0.10843,0.171339,0.025117,0.029179
Small (<100 lines),include-directive.yml,7,107,4772,8,0.057909,0.004115,0.109899,0.171923,0.028035,0.024684
Small (<100 lines),include-directive.yml,7,107,4772,9,0.055409,0.00371,0.099326,0.158445,0.02542,0.030041
Small (<100 lines),include-directive.yml,7,107,4772,10,0.056187,0.004047,0.102655,0.162889,0.027284,0.024444
Small (<100 lines),include-directive.yml,7,107,4772,11,0.053416,0.003785,0.096683,0.153884,0.023734,0.037108
Small (<100 lines),include-directive.yml,7,107,4772,12,0.053321,0.003671,0.094361,0.151353,0.027426,0.024262
Small (<100 lines),include-directive.yml,7,107,4772,13,0.052664,0.003637,0.09389,0.150191,0.023413,0.02791
Small (<100 lines),include-directive.yml,7,107,4772,14,0.052641,0.003515,0.093673,0.149829,0.02669,0.024532
Small (<100 lines),include-directive.yml,7,107,4772,15,0.0518,0.00347,0.097379,0.152649,0.021575,0.025758
Small (<100 lines),include-directive.yml,7,107,4772,16,0.049364,0.00343,0.086754,0.139548,0.024805,0.021903
Small (<100 lines),include-directive.yml,7,107,4772,17,0.04714,0.003344,0.085478,0.135962,0.021237,0.025356
Small (<100 lines),include-directive.yml,7,107,4772,18,0.044082,0.002849,0.080463,0.127394,0.022981,0.020645
Small (<100 lines),include-directive.yml,7,107,4772,19,0.044019,0.002947,0.080421,0.127387,0.019995,0.023336
Small (<100 lines),include-directive.yml,7,107,4772,20,0.044216,0.002951,0.079793,0.12696,0.022764,0.020786
Small (<100 lines),include-directive.yml,7,107,4772,21,0.043877,0.002864,0.08048,0.127221,0.020234,0.02392
Small (<100 lines),include-directive.yml,7,107,4772,22,0.04649,0.002936,0.102418,0.151844,0.026647,0.022855
Small (<100 lines),include-directive.yml,7,107,4772,23,0.054053,0.003556,0.11683,0.174439,0.021085,0.028175
Small (<100 lines),include-directive.yml,7,107,4772,24,0.051403,0.004235,0.100163,0.155801,0.023762,0.021149
Small (<100 lines),include-directive.yml,7,107,4772,25,0.046953,0.003398,0.086249,0.1366,0.022275,0.025705
Small (<100 lines),include-directive.yml,7,107,4772,26,0.046423,0.002922,0.08042,0.129765,0.0231,0.020415
Small (<100 lines),include-directive.yml,7,107,4772,27,0.043338,0.002816,0.078307,0.124461,0.019418,0.022674
Small (<100 lines),include-directive.yml,7,107,4772,28,0.043002,0.002887,0.082217,0.128106,0.025197,0.022823
Small (<100 lines),include-directive.yml,7,107,4772,29,0.043009,0.002846,0.080171,0.126026,0.019452,0.022788
Small (<100 lines),null-and-empty-values.yml,12,174,4776,0,0.068445,0.832293,0.230961,1.1317,0.047988,0.033996
Small (<100 lines),null-and-empty-values.yml,12,174,4776,1,0.063267,0.003958,0.132993,0.200218,0.030813,0.033373
Small (<100 lines),null-and-empty-values.yml,12,174,4776,2,0.06236,0.003796,0.110944,0.1771,0.03361,0.031826
Small (<100 lines),null-and-empty-values.yml,12,174,4776,3,0.059082,0.003354,0.096975,0.159411,0.030647,0.033247
Small (<100 lines),null-and-empty-values.yml,12,174,4776,4,0.058783,0.003175,0.098363,0.160321,0.036281,0.034315
Small (<100 lines),null-and-empty-values.yml,12,174,4776,5,0.058518,0.00325,0.09211,0.153878,0.029975,0.033182
Small (<100 lines),null-and-empty-values.yml,12,174,4776,6,0.058746,0.003178,0.094808,0.156732,0.033372,0.03149
Small (<100 lines),null-and-empty-values.yml,12,174,4776,7,0.057245,0.003098,0.093346,0.153689,0.030095,0.032801
Small (<100 lines),null-and-empty-values.yml,12,174,4776,8,0.058935,0.003238,0.093175,0.155348,0.033243,0.031037
Small (<100 lines),null-and-empty-values.yml,12,174,4776,9,0.058475,0.003151,0.095745,0.157371,0.030145,0.033889
Small (<100 lines),null-and-empty-values.yml,12,174,4776,10,0.058324,0.003225,0.094444,0.155993,0.033384,0.031484
Small (<100 lines),null-and-empty-values.yml,12,174,4776,11,0.058213,0.003064,0.101883,0.16316,0.031885,0.035866
Small (<100 lines),null-and-empty-values.yml,12,174,4776,12,0.06192,0.003307,0.09995,0.165177,0.035185,0.033278
Small (<100 lines),null-and-empty-values.yml,12,174,4776,13,0.064364,0.003319,0.098751,0.166434,0.030835,0.03515
Small (<100 lines),null-and-empty-values.yml,12,174,4776,14,0.059456,0.003191,0.095523,0.15817,0.036973,0.034823
Small (<100 lines),null-and-empty-values.yml,12,174,4776,15,0.058558,0.003142,0.094681,0.156381,0.030938,0.034616
Small (<100 lines),null-and-empty-values.yml,12,174,4776,16,0.059351,0.003045,0.091529,0.153925,0.032657,0.030839
Small (<100 lines),null-and-empty-values.yml,12,174,4776,17,0.055895,0.002961,0.08828,0.147136,0.028839,0.032375
Small (<100 lines),null-and-empty-values.yml,12,174,4776,18,0.055145,0.002893,0.091814,0.149852,0.030766,0.02879
Small (<100 lines),null-and-empty-values.yml,12,174,4776,19,0.055326,0.002855,0.090385,0.148566,0.028419,0.031742
Small (<100 lines),null-and-empty-values.yml,12,174,4776,20,0.056369,0.002932,0.090102,0.149403,0.03151,0.029297
Small (<100 lines),null-and-empty-values.yml,12,174,4776,21,0.055032,0.002901,0.088129,0.146062,0.027793,0.031894
Small (<100 lines),null-and-empty-values.yml,12,174,4776,22,0.055152,0.002853,0.08789,0.145895,0.031694,0.029864
Small (<100 lines),null-and-empty-values.yml,12,174,4776,23,0.056866,0.002953,0.087524,0.147343,0.027892,0.03165
Small (<100 lines),null-and-empty-values.yml,12,174,4776,24,0.05691,0.002979,0.0901,0.149989,0.031481,0.029733
Small (<100 lines),null-and-empty-values.yml,12,174,4776,25,0.055697,0.002821,0.09157,0.150088,0.028392,0.031737
Small (<100 lines),null-and-empty-values.yml,12,174,4776,26,0.055837,0.003024,0.089329,0.14819,0.031278,0.029207
Small (<100 lines),null-and-empty-values.yml,12,174,4776,27,0.054262,0.002908,0.087012,0.144182,0.02789,0.031387
Small (<100 lines),null-and-empty-values.yml,12,174,4776,28,0.054443,0.002782,0.087346,0.144571,0.031317,0.029682
Small (<100 lines),null-and-empty-values.yml,12,174,4776,29,0.056596,0.0029,0.085782,0.145278,0.027802,0.03133
Small (<100 lines),quoted-scalar-types.yml,13,276,4732,0,0.077138,0.787566,0.218325,1.08303,0.063784,0.036909
Small (<100 lines),quoted-scalar-types.yml,13,276,4732,1,0.080697,0.006301,0.129157,0.216155,0.043366,0.039526
Small (<100 lines),quoted-scalar-types.yml,13,276,4732,2,0.074764,0.003558,0.109662,0.187984,0.045198,0.03659
Small (<100 lines),quoted-scalar-types.yml,13,276,4732,3,0.072191,0.003376,0.114032,0.189599,0.042574,0.039886
Small (<100 lines),quoted-scalar-types.yml,13,276,4732,4,0.076962,0.003614,0.108183,0.188759,0.044684,0.036751
Small (<100 lines),quoted-scalar-types.yml,13,276,4732,5,0.074299,0.003734,0.127486,0.205519,0.043064,0.042105
Small (<100 lines),quoted-scalar-types.yml,13,276,4732,6,0.080467,0.004306,0.124211,0.208984,0.048081,0.037601
Small (<100 lines),quoted-scalar-types.yml,13,276,4732,7,0.080159,0.004417,0.119229,0.203805,0.042176,0.039588
Small (<100 lines),quoted-scalar-types.yml,13,276,4732,8,0.074568,0.004048,0.11156,0.190176,0.046222,0.037095
Small (<100 lines),quoted-scalar-types.yml,13,276,4732,9,0.075717,0.004184,0.116385,0.196286,0.042509,0.041135
Small (<100 lines),quoted-scalar-types.yml,13,276,4732,10,0.073574,0.004247,0.111726,0.189547,0.050289,0.038239
Small (<100 lines),quoted-scalar-types.yml,13,276,4732,11,0.079848,0.004398,0.114168,0.198414,0.041595,0.040636
Small (<100 lines),quoted-scalar-types.yml,13,276,4732,12,0.074096,0.004029,0.114755,0.19288,0.045479,0.037034
Small (<100 lines),quoted-scalar-types.yml,13,276,4732,13,0.076984,0.00401,0.115445,0.196439,0.043145,0.042107
Small (<100 lines),quoted-scalar-types.yml,13,276,4732,14,0.078054,0.004087,0.10998,0.192121,0.045525,0.035884
Small (<100 lines),quoted-scalar-types.yml,13,276,4732,15,0.073417,0.00346,0.100899,0.177776,0.041401,0.038745
Small (<100 lines),quoted-scalar-types.yml,13,276,4732,16,0.073502,0.003318,0.104866,0.181686,0.044203,0.0361
Small (<100 lines),quoted-scalar-types.yml,13,276,4732,17,0.071106,0.00338,0.117529,0.192015,0.041381,0.038986
Small (<100 lines),quoted-scalar-types.yml,13,276,4732,18,0.070255,0.003446,0.099785,0.173486,0.043007,0.035867
Small (<100 lines),quoted-scalar-types.yml,13,276,4732,19,0.073784,0.003238,0.104487,0.181509,0.040262,0.039452
Small (<100 lines),quoted-scalar-types.yml,13,276,4732,20,0.070434,0.003274,0.101769,0.175477,0.044103,0.035871
Small (<100 lines),quoted-scalar-types.yml,13,276,4732,21,0.074208,0.003123,0.108012,0.185343,0.041345,0.039435
Small (<100 lines),quoted-scalar-types.yml,13,276,4732,22,0.071494,0.003438,0.100607,0.175539,0.04359,0.035049
Small (<100 lines),quoted-scalar-types.yml,13,276,4732,23,0.072369,0.003123,0.09728,0.172772,0.041098,0.037569
Small (<100 lines),quoted-scalar-types.yml,13,276,4732,24,0.072624,0.003094,0.097168,0.172886,0.043806,0.03463
Small (<100 lines),quoted-scalar-types.yml,13,276,4732,25,0.070456,0.002906,0.099309,0.172671,0.040972,0.037297
Small (<100 lines),quoted-scalar-types.yml,13,276,4732,26,0.069489,0.003182,0.096468,0.169139,0.043898,0.035484
Small (<100 lines),quoted-scalar-types.yml,13,276,4732,27,0.067049,0.002966,0.098389,0.168404,0.04068,0.038225
Small (<100 lines),quoted-scalar-types.yml,13,276,4732,28,0.06981,0.003103,0.097426,0.170339,0.043846,0.035613
Small (<100 lines),quoted-scalar-types.yml,13,276,4732,29,0.069291,0.002996,0.09629,0.168577,0.040567,0.038171
Small (<100 lines),similar-looking-env-keys.yml,7,122,4772,0,0.05489,0.811044,0.231398,1.09733,0.035606,0.020588
Small (<100 lines),similar-looking-env-keys.yml,7,122,4772,1,0.056708,0.006326,0.129747,0.192781,0.020298,0.022972
Small (<100 lines),similar-looking-env-keys.yml,7,122,4772,2,0.052188,0.003734,0.097324,0.153246,0.023261,0.018686
Small (<100 lines),similar-looking-env-keys.yml,7,122,4772,3,0.046226,0.003618,0.087278,0.137122,0.019768,0.021535
Small (<100 lines),similar-looking-env-keys.yml,7,122,4772,4,0.04484,0.003077,0.08752,0.135437,0.022383,0.018506
Small (<100 lines),similar-looking-env-keys.yml,7,122,4772,5,0.045289,0.003007,0.084586,0.132882,0.020072,0.022057
Small (<100 lines),similar-looking-env-keys.yml,7,122,4772,6,0.045885,0.003108,0.120164,0.169157,0.024044,0.018831
Small (<100 lines),similar-looking-env-keys.yml,7,122,4772,7,0.047833,0.003589,0.087975,0.139397,0.020494,0.022538
Small (<100 lines),similar-looking-env-keys.yml,7,122,4772,8,0.047303,0.003606,0.09213,0.143039,0.024312,0.018916
Small (<100 lines),similar-looking-env-keys.yml,7,122,4772,9,0.046586,0.003712,0.100301,0.150599,0.024555,0.023294
Small (<100 lines),similar-looking-env-keys.yml,7,122,4772,10,0.047398,0.003638,0.092722,0.143758,0.02404,0.018826
Small (<100 lines),similar-looking-env-keys.yml,7,122,4772,11,0.04597,0.003472,0.087063,0.136505,0.0202,0.021156
Small (<100 lines),similar-looking-env-keys.yml,7,122,4772,12,0.045205,0.003511,0.086565,0.135281,0.023358,0.018485
Small (<100 lines),similar-looking-env-keys.yml,7,122,4772,13,0.045176,0.003396,0.082976,0.131548,0.019621,0.021362
Small (<100 lines),similar-looking-env-keys.yml,7,122,4772,14,0.04406,0.00308,0.079351,0.126491,0.022376,0.017974
Small (<100 lines),similar-looking-env-keys.yml,7,122,4772,15,0.042619,0.002943,0.080084,0.125646,0.019756,0.021266
Small (<100 lines),similar-looking-env-keys.yml,7,122,4772,16,0.044243,0.003026,0.0798,0.127069,0.022465,0.018489
Small (<100 lines),similar-looking-env-keys.yml,7,122,4772,17,0.043959,0.003072,0.082032,0.129063,0.019506,0.021181
Small (<100 lines),similar-looking-env-keys.yml,7,122,4772,18,0.043462,0.002938,0.077913,0.124313,0.022899,0.018302
Small (<100 lines),similar-looking-env-keys.yml,7,122,4772,19,0.043573,0.003049,0.079095,0.125717,0.019485,0.021363
Small (<100 lines),similar-looking-env-keys.yml,7,122,4772,20,0.043527,0.002881,0.076598,0.123006,0.021845,0.017781
Small (<100 lines),similar-looking-env-keys.yml,7,122,4772,21,0.042123,0.002887,0.076551,0.121561,0.019693,0.02121
Small (<100 lines),similar-looking-env-keys.yml,7,122,4772,22,0.042843,0.003014,0.078279,0.124136,0.022179,0.018644
Small (<100 lines),similar-looking-env-keys.yml,7,122,4772,23,0.042807,0.002942,0.076066,0.121815,0.018864,0.020646
Small (<100 lines),similar-looking-env-keys.yml,7,122,4772,24,0.042465,0.002824,0.077134,0.122423,0.021516,0.01813
Small (<100 lines),similar-looking-env-keys.yml,7,122,4772,25,0.043401,0.002889,0.078637,0.124927,0.019376,0.021642
Small (<100 lines),similar-looking-env-keys.yml,7,122,4772,26,0.044046,0.002971,0.078516,0.125533,0.021607,0.019599
Small (<100 lines),similar-looking-env-keys.yml,7,122,4772,27,0.045634,0.003571,0.087851,0.137056,0.019507,0.02185
Small (<100 lines),similar-looking-env-keys.yml,7,122,4772,28,0.044535,0.00321,0.162224,0.209969,0.020126,0.015238
Small (<100 lines),similar-looking-env-keys.yml,7,122,4772,29,0.044631,0.004983,0.050662,0.100276,0.014705,0.016678
Small (<100 lines),unicode-and-special-chars.yml,7,189,4712,0,0.05972,0.823316,0.299903,1.18294,0.054947,0.022595
Small (<100 lines),unicode-and-special-chars.yml,7,189,4712,1,0.07076,0.008023,0.159663,0.238446,0.035816,0.026457
Small (<100 lines),unicode-and-special-chars.yml,7,189,4712,2,0.12166,0.006906,0.182597,0.311163,0.054319,0.035212
Small (<100 lines),unicode-and-special-chars.yml,7,189,4712,3,0.151136,0.011372,0.269071,0.431579,0.079428,0.058001
Small (<100 lines),unicode-and-special-chars.yml,7,189,4712,4,0.132409,0.010473,0.25695,0.399832,0.081411,0.042734
Small (<100 lines),unicode-and-special-chars.yml,7,189,4712,5,0.117434,0.009051,0.203054,0.329539,0.070397,0.048049
Small (<100 lines),unicode-and-special-chars.yml,7,189,4712,6,0.113173,0.007465,0.211609,0.332247,0.087198,0.045429
Small (<100 lines),unicode-and-special-chars.yml,7,189,4712,7,0.054925,0.003686,0.101988,0.160599,0.033448,0.023308
Small (<100 lines),unicode-and-special-chars.yml,7,189,4712,8,0.052881,0.003743,0.092809,0.149433,0.035744,0.019377
Small (<100 lines),unicode-and-special-chars.yml,7,189,4712,9,0.050354,0.003066,0.085041,0.138461,0.032834,0.022124
Small (<100 lines),unicode-and-special-chars.yml,7,189,4712,10,0.049955,0.002925,0.108847,0.161727,0.075325,0.040872
Small (<100 lines),unicode-and-special-chars.yml,7,189,4712,11,0.168965,0.010242,0.196475,0.375682,0.049242,0.031964
Small (<100 lines),unicode-and-special-chars.yml,7,189,4712,12,0.073519,0.005425,0.075414,0.154358,0.029913,0.01444
Small (<100 lines),unicode-and-special-chars.yml,7,189,4712,13,0.03311,0.002223,0.043597,0.07893,0.023958,0.016557
Small (<100 lines),unicode-and-special-chars.yml,7,189,4712,14,0.030058,0.001784,0.041641,0.073483,0.025515,0.013756
Small (<100 lines),unicode-and-special-chars.yml,7,189,4712,15,0.029293,0.001778,0.037826,0.068897,0.023286,0.018306
Small (<100 lines),unicode-and-special-chars.yml,7,189,4712,16,0.028861,0.001765,0.037532,0.068158,0.024759,0.013292
Small (<100 lines),unicode-and-special-chars.yml,7,189,4712,17,0.029034,0.00158,0.041769,0.072383,0.023061,0.015612
Small (<100 lines),unicode-and-special-chars.yml,7,189,4712,18,0.028738,0.001682,0.036248,0.066668,0.024635,0.013204
Small (<100 lines),unicode-and-special-chars.yml,7,189,4712,19,0.02766,0.001692,0.039269,0.068621,0.023558,0.01514
Small (<100 lines),unicode-and-special-chars.yml,7,189,4712,20,0.027577,0.001842,0.037096,0.066515,0.024956,0.013001
Small (<100 lines),unicode-and-special-chars.yml,7,189,4712,21,0.028091,0.001741,0.041946,0.071778,0.02322,0.016251
Small (<100 lines),unicode-and-special-chars.yml,7,189,4712,22,0.028588,0.001846,0.040869,0.071303,0.026716,0.013995
Small (<100 lines),unicode-and-special-chars.yml,7,189,4712,23,0.028871,0.001818,0.046484,0.077173,0.023225,0.017032
Small (<100 lines),unicode-and-special-chars.yml,7,189,4712,24,0.030099,0.001629,0.04071,0.072438,0.028073,0.013442
Small (<100 lines),unicode-and-special-chars.yml,7,189,4712,25,0.030208,0.002383,0.038716,0.071307,0.023124,0.015445
Small (<100 lines),unicode-and-special-chars.yml,7,189,4712,26,0.027588,0.001579,0.037934,0.067101,0.025154,0.013501
Small (<100 lines),unicode-and-special-chars.yml,7,189,4712,27,0.028678,0.001717,0.038363,0.068758,0.022934,0.014888
Small (<100 lines),unicode-and-special-chars.yml,7,189,4712,28,0.028658,0.001672,0.041016,0.071346,0.025901,0.014155
Small (<100 lines),unicode-and-special-chars.yml,7,189,4712,29,0.028006,0.001922,0.037775,0.067703,0.023195,0.015633
Small (<100 lines),configs.yml,10,165,4712,0,0.064412,0.809308,0.240015,1.11373,0.046406,0.03234
Small (<100 lines),configs.yml,10,165,4712,1,0.069222,0.004272,0.143134,0.216628,0.031251,0.034313
Small (<100 lines),configs.yml,10,165,4712,2,0.064395,0.004105,0.111568,0.180068,0.033859,0.030905
Small (<100 lines),configs.yml,10,165,4712,3,0.059883,0.003639,0.09981,0.163332,0.033154,0.037213
Small (<100 lines),configs.yml,10,165,4712,4,0.058734,0.003637,0.100476,0.162847,0.031786,0.030485
Small (<100 lines),configs.yml,10,165,4712,5,0.058096,0.003098,0.110563,0.171757,0.029974,0.034217
Small (<100 lines),configs.yml,10,165,4712,6,0.05867,0.003641,0.09673,0.159041,0.032,0.03058
Small (<100 lines),configs.yml,10,165,4712,7,0.058148,0.003514,0.105759,0.167421,0.029974,0.035237
Small (<100 lines),configs.yml,10,165,4712,8,0.058668,0.003573,0.097781,0.160022,0.034707,0.033654
Small (<100 lines),configs.yml,10,165,4712,9,0.061925,0.003707,0.107584,0.173216,0.0329,0.037521
Small (<100 lines),configs.yml,10,165,4712,10,0.058967,0.003695,0.105635,0.168297,0.032873,0.030232
Small (<100 lines),configs.yml,10,165,4712,11,0.060276,0.003715,0.101217,0.165208,0.029288,0.034151
Small (<100 lines),configs.yml,10,165,4712,12,0.064338,0.004795,0.124328,0.193461,0.033167,0.0297
Small (<100 lines),configs.yml,10,165,4712,13,0.07399,0.004515,0.140505,0.21901,0.032115,0.04049
Small (<100 lines),configs.yml,10,165,4712,14,0.071829,0.004857,0.14257,0.219256,0.037518,0.033933
Small (<100 lines),configs.yml,10,165,4712,15,0.06024,0.004202,0.106685,0.171127,0.029963,0.034594
Small (<100 lines),configs.yml,10,165,4712,16,0.05797,0.003773,0.098319,0.160062,0.033538,0.030314
Small (<100 lines),configs.yml,10,165,4712,17,0.057632,0.00351,0.100684,0.161826,0.032047,0.037132
Small (<100 lines),configs.yml,10,165,4712,18,0.057617,0.00332,0.102706,0.163643,0.03393,0.03011
Small (<100 lines),configs.yml,10,165,4712,19,0.05673,0.003736,0.099609,0.160075,0.032606,0.036801
Small (<100 lines),configs.yml,10,165,4712,20,0.057508,0.003558,0.10307,0.164136,0.032863,0.030335
Small (<100 lines),configs.yml,10,165,4712,21,0.05799,0.003345,0.123156,0.184491,0.032344,0.03686
Small (<100 lines),configs.yml,10,165,4712,22,0.058335,0.003401,0.107776,0.169512,0.03271,0.030141
Small (<100 lines),configs.yml,10,165,4712,23,0.057257,0.003369,0.118148,0.178774,0.029539,0.036904
Small (<100 lines),configs.yml,10,165,4712,24,0.061246,0.005027,0.125447,0.19172,0.038293,0.035955
Small (<100 lines),configs.yml,10,165,4712,25,0.063418,0.003929,0.117604,0.184951,0.03315,0.037995
Small (<100 lines),configs.yml,10,165,4712,26,0.060255,0.003901,0.123273,0.187429,0.038247,0.033493
Small (<100 lines),configs.yml,10,165,4712,27,0.061574,0.004313,0.109505,0.175392,0.032313,0.035863
Small (<100 lines),configs.yml,10,165,4712,28,0.057662,0.003614,0.096273,0.157549,0.03217,0.030058
Small (<100 lines),configs.yml,10,165,4712,29,0.055299,0.003016,0.092857,0.151172,0.031755,0.03574
Small (<100 lines),depends-on.yml,12,208,4716,0,0.074353,0.840292,0.283068,1.19771,0.067609,0.041146
Small (<100 lines),depends-on.yml,12,208,4716,1,0.119503,0.008632,0.192761,0.320896,0.064171,0.078957
Small (<100 lines),depends-on.yml,12,208,4716,2,0.128452,0.0072,0.236856,0.372508,0.072815,0.064611
Small (<100 lines),depends-on.yml,12,208,4716,3,0.125983,0.003912,0.112608,0.242503,0.034808,0.039055
Small (<100 lines),depends-on.yml,12,208,4716,4,0.067423,0.003787,0.108386,0.179596,0.123238,0.039847
Small (<100 lines),depends-on.yml,12,208,4716,5,0.070003,0.004417,0.111005,0.185425,0.035566,0.037489
Small (<100 lines),depends-on.yml,12,208,4716,6,0.065856,0.00376,0.10747,0.177086,0.037996,0.035593
Small (<100 lines),depends-on.yml,12,208,4716,7,0.067805,0.003607,0.105943,0.177355,0.034784,0.038991
Small (<100 lines),depends-on.yml,12,208,4716,8,0.068523,0.003906,0.102459,0.174888,0.036448,0.034903
Small (<100 lines),depends-on.yml,12,208,4716,9,0.066239,0.003424,0.10105,0.170713,0.03277,0.038652
Small (<100 lines),depends-on.yml,12,208,4716,10,0.064639,0.003284,0.101013,0.168936,0.0353,0.03536
Small (<100 lines),depends-on.yml,12,208,4716,11,0.06641,0.003354,0.09863,0.168394,0.033855,0.038367
Small (<100 lines),depends-on.yml,12,208,4716,12,0.067288,0.003408,0.104141,0.174837,0.036104,0.034839
Small (<100 lines),depends-on.yml,12,208,4716,13,0.06573,0.003313,0.097883,0.166926,0.033315,0.03671
Small (<100 lines),depends-on.yml,12,208,4716,14,0.061959,0.003221,0.097956,0.163136,0.036142,0.035111
Small (<100 lines),depends-on.yml,12,208,4716,15,0.062541,0.003178,0.095262,0.160981,0.033033,0.036848
Small (<100 lines),depends-on.yml,12,208,4716,16,0.064387,0.00318,0.097235,0.164802,0.035828,0.034799
Small (<100 lines),depends-on.yml,12,208,4716,17,0.064629,0.003205,0.094575,0.162409,0.03351,0.037054
Small (<100 lines),depends-on.yml,12,208,4716,18,0.064077,0.003155,0.098637,0.165869,0.035721,0.0349
Small (<100 lines),depends-on.yml,12,208,4716,19,0.064461,0.003094,0.094929,0.162484,0.033205,0.037222
Small (<100 lines),depends-on.yml,12,208,4716,20,0.063613,0.003145,0.111835,0.178593,0.037337,0.034723
Small (<100 lines),depends-on.yml,12,208,4716,21,0.063009,0.003256,0.096776,0.163041,0.03314,0.037553
Small (<100 lines),depends-on.yml,12,208,4716,22,0.062008,0.003084,0.094743,0.159835,0.036238,0.033665
Small (<100 lines),depends-on.yml,12,208,4716,23,0.061387,0.003301,0.096349,0.161037,0.03266,0.03689
Small (<100 lines),depends-on.yml,12,208,4716,24,0.06301,0.003067,0.09476,0.160837,0.035484,0.033723
Small (<100 lines),depends-on.yml,12,208,4716,25,0.062015,0.003166,0.096057,0.161238,0.032329,0.037316
Small (<100 lines),depends-on.yml,12,208,4716,26,0.063399,0.003037,0.097465,0.163901,0.035192,0.033451
Small (<100 lines),depends-on.yml,12,208,4716,27,0.063126,0.003064,0.093625,0.159815,0.032052,0.036799
Small (<100 lines),depends-on.yml,12,208,4716,28,0.063101,0.002993,0.093665,0.159759,0.035185,0.033664
Small (<100 lines),depends-on.yml,12,208,4716,29,0.060416,0.00301,0.093848,0.157274,0.031907,0.036646
Small (<100 lines),deploy.yml,16,322,4792,0,0.06126,0.593299,0.159674,0.814233,0.042775,0.034304
Small (<100 lines),deploy.yml,16,322,4792,1,0.063334,0.004063,0.087421,0.154818,0.034384,0.034588
Small (<100 lines),deploy.yml,16,322,4792,2,0.057553,0.002366,0.064164,0.124083,0.035415,0.033404
Small (<100 lines),deploy.yml,16,322,4792,3,0.055629,0.002066,0.058445,0.11614,0.032417,0.035236
Small (<100 lines),deploy.yml,16,322,4792,4,0.054344,0.001911,0.056393,0.112648,0.034509,0.032708
Small (<100 lines),deploy.yml,16,322,4792,5,0.053588,0.001715,0.055629,0.110932,0.032336,0.03526
Small (<100 lines),deploy.yml,16,322,4792,6,0.052941,0.001802,0.055393,0.110136,0.034198,0.032987
Small (<100 lines),deploy.yml,16,322,4792,7,0.053052,0.001834,0.055737,0.110623,0.031864,0.034659
Small (<100 lines),deploy.yml,16,322,4792,8,0.053171,0.001725,0.055501,0.110397,0.034039,0.032681
Small (<100 lines),deploy.yml,16,322,4792,9,0.052559,0.00182,0.05621,0.110589,0.032029,0.035058
Small (<100 lines),deploy.yml,16,322,4792,10,0.052298,0.001715,0.055426,0.109439,0.034122,0.03259
Small (<100 lines),deploy.yml,16,322,4792,11,0.05268,0.002029,0.055914,0.110623,0.03184,0.034691
Small (<100 lines),deploy.yml,16,322,4792,12,0.052097,0.001671,0.064142,0.11791,0.034254,0.032745
Small (<100 lines),deploy.yml,16,322,4792,13,0.052751,0.001935,0.055185,0.109871,0.031605,0.034607
Small (<100 lines),deploy.yml,16,322,4792,14,0.052364,0.001717,0.055508,0.109589,0.033878,0.03313
Small (<100 lines),deploy.yml,16,322,4792,15,0.05217,0.001698,0.054598,0.108466,0.031821,0.034771
Small (<100 lines),deploy.yml,16,322,4792,16,0.052369,0.001644,0.054891,0.108904,0.033461,0.032672
Small (<100 lines),deploy.yml,16,322,4792,17,0.052435,0.001754,0.054875,0.109064,0.031713,0.035411
Small (<100 lines),deploy.yml,16,322,4792,18,0.053019,0.00176,0.055103,0.109882,0.033874,0.032737
Small (<100 lines),deploy.yml,16,322,4792,19,0.051903,0.001713,0.054878,0.108494,0.031895,0.034749
Small (<100 lines),deploy.yml,16,322,4792,20,0.052496,0.001782,0.056866,0.111144,0.034404,0.032703
Small (<100 lines),deploy.yml,16,322,4792,21,0.053326,0.001727,0.055526,0.110579,0.032389,0.03506
Small (<100 lines),deploy.yml,16,322,4792,22,0.053107,0.001809,0.056155,0.111071,0.03395,0.032736
Small (<100 lines),deploy.yml,16,322,4792,23,0.052365,0.00173,0.055725,0.10982,0.032053,0.034974
Small (<100 lines),deploy.yml,16,322,4792,24,0.052664,0.001704,0.059228,0.113596,0.0342,0.032622
Small (<100 lines),deploy.yml,16,322,4792,25,0.052587,0.001723,0.05534,0.10965,0.031931,0.03466
Small (<100 lines),deploy.yml,16,322,4792,26,0.052873,0.001713,0.055301,0.109887,0.0338,0.032707
Small (<100 lines),deploy.yml,16,322,4792,27,0.053265,0.001725,0.054669,0.109659,0.031813,0.034743
Small (<100 lines),deploy.yml,16,322,4792,28,0.05188,0.001732,0.055766,0.109378,0.033719,0.032799
Small (<100 lines),deploy.yml,16,322,4792,29,0.051931,0.001697,0.054865,0.108493,0.031781,0.035137
Small (<100 lines),devices.yml,6,123,4704,0,0.047402,0.807704,0.198671,1.05378,0.037247,0.015479
Small (<100 lines),devices.yml,6,123,4704,1,0.051652,0.006326,0.104285,0.162263,0.022073,0.017462
Small (<100 lines),devices.yml,6,123,4704,2,0.047357,0.003488,0.089113,0.139958,0.024668,0.014038
Small (<100 lines),devices.yml,6,123,4704,3,0.042692,0.003281,0.084736,0.130709,0.021318,0.017317
Small (<100 lines),devices.yml,6,123,4704,4,0.042109,0.003155,0.081297,0.126561,0.024258,0.013686
Small (<100 lines),devices.yml,6,123,4704,5,0.042205,0.003144,0.08154,0.126889,0.021178,0.019494
Small (<100 lines),devices.yml,6,123,4704,6,0.041153,0.003182,0.088596,0.132931,0.023823,0.013728
Small (<100 lines),devices.yml,6,123,4704,7,0.040383,0.003009,0.077816,0.121208,0.02069,0.016737
Small (<100 lines),devices.yml,6,123,4704,8,0.040414,0.002995,0.077828,0.121237,0.023729,0.013794
Small (<100 lines),devices.yml,6,123,4704,9,0.040814,0.002909,0.086309,0.130032,0.020948,0.017208
Small (<100 lines),devices.yml,6,123,4704,10,0.041145,0.003009,0.079238,0.123392,0.02395,0.013858
Small (<100 lines),devices.yml,6,123,4704,11,0.042374,0.003522,0.085212,0.131108,0.021642,0.016828
Small (<100 lines),devices.yml,6,123,4704,12,0.043513,0.003744,0.090217,0.137474,0.025198,0.014986
Small (<100 lines),devices.yml,6,123,4704,13,0.044498,0.003463,0.082479,0.13044,0.021188,0.017707
Small (<100 lines),devices.yml,6,123,4704,14,0.041035,0.003093,0.080173,0.124301,0.024525,0.013569
Small (<100 lines),devices.yml,6,123,4704,15,0.040864,0.003117,0.081776,0.125757,0.021884,0.018451
Small (<100 lines),devices.yml,6,123,4704,16,0.040913,0.003025,0.078503,0.122441,0.023924,0.013823
Small (<100 lines),devices.yml,6,123,4704,17,0.041074,0.002948,0.077958,0.12198,0.020596,0.016874
Small (<100 lines),devices.yml,6,123,4704,18,0.040807,0.002914,0.076337,0.120058,0.023431,0.01369
Small (<100 lines),devices.yml,6,123,4704,19,0.039284,0.002855,0.076829,0.118968,0.020641,0.01678
Small (<100 lines),devices.yml,6,123,4704,20,0.039258,0.003545,0.078346,0.121149,0.023739,0.013812
Small (<100 lines),devices.yml,6,123,4704,21,0.039853,0.003181,0.077634,0.120668,0.020386,0.016673
Small (<100 lines),devices.yml,6,123,4704,22,0.0392,0.003007,0.076205,0.118412,0.023336,0.013414
Small (<100 lines),devices.yml,6,123,4704,23,0.039627,0.003154,0.077804,0.120585,0.020271,0.016736
Small (<100 lines),devices.yml,6,123,4704,24,0.038926,0.003039,0.075843,0.117808,0.0234,0.013644
Small (<100 lines),devices.yml,6,123,4704,25,0.039346,0.003163,0.078955,0.121464,0.020504,0.016146
Small (<100 lines),devices.yml,6,123,4704,26,0.040617,0.003088,0.076189,0.119894,0.023915,0.013793
Small (<100 lines),devices.yml,6,123,4704,27,0.043475,0.003049,0.091275,0.137799,0.02087,0.017719
Small (<100 lines),devices.yml,6,123,4704,28,0.040394,0.003559,0.084128,0.128081,0.024667,0.013752
Small (<100 lines),devices.yml,6,123,4704,29,0.040843,0.003284,0.081447,0.125574,0.020498,0.01706
Small (<100 lines),environment-long.yml,7,126,4704,0,0.055487,0.788771,0.223212,1.06747,0.038108,0.022606
Small (<100 lines),environment-long.yml,7,126,4704,1,0.057908,0.006204,0.12782,0.191932,0.022655,0.024532
Small (<100 lines),environment-long.yml,7,126,4704,2,0.048944,0.003561,0.101319,0.153824,0.025175,0.020236
Small (<100 lines),environment-long.yml,7,126,4704,3,0.04741,0.003354,0.089941,0.140705,0.021388,0.02395
Small (<100 lines),environment-long.yml,7,126,4704,4,0.047349,0.003114,0.118862,0.169325,0.025705,0.020444
Small (<100 lines),environment-long.yml,7,126,4704,5,0.048829,0.003206,0.090128,0.142163,0.021738,0.023852
Small (<100 lines),environment-long.yml,7,126,4704,6,0.046691,0.003192,0.088227,0.13811,0.025452,0.020265
Small (<100 lines),environment-long.yml,7,126,4704,7,0.046417,0.003063,0.084044,0.133524,0.021238,0.02245
Small (<100 lines),environment-long.yml,7,126,4704,8,0.046592,0.002835,0.084981,0.134408,0.024665,0.020506
Small (<100 lines),environment-long.yml,7,126,4704,9,0.045869,0.003095,0.083985,0.132949,0.021434,0.023286
Small (<100 lines),environment-long.yml,7,126,4704,10,0.045797,0.003007,0.08387,0.132674,0.024438,0.02038
Small (<100 lines),environment-long.yml,7,126,4704,11,0.045308,0.003058,0.081354,0.12972,0.020911,0.022242
Small (<100 lines),environment-long.yml,7,126,4704,12,0.045271,0.002893,0.084201,0.132365,0.024102,0.019976
Small (<100 lines),environment-long.yml,7,126,4704,13,0.044927,0.002919,0.081961,0.129807,0.020672,0.022165
Small (<100 lines),environment-long.yml,7,126,4704,14,0.044731,0.002902,0.082941,0.130574,0.024696,0.019717
Small (<100 lines),environment-long.yml,7,126,4704,15,0.044714,0.002993,0.081799,0.129506,0.020242,0.022818
Small (<100 lines),environment-long.yml,7,126,4704,16,0.043064,0.002839,0.07958,0.125483,0.023466,0.019228
Small (<100 lines),environment-long.yml,7,126,4704,17,0.044324,0.002883,0.08348,0.130687,0.020918,0.022982
Small (<100 lines),environment-long.yml,7,126,4704,18,0.044317,0.002755,0.08028,0.127352,0.023283,0.019671
Small (<100 lines),environment-long.yml,7,126,4704,19,0.044273,0.002995,0.081054,0.128322,0.02078,0.022889
Small (<100 lines),environment-long.yml,7,126,4704,20,0.04364,0.002795,0.08096,0.127395,0.023047,0.020183
Small (<100 lines),environment-long.yml,7,126,4704,21,0.04464,0.002796,0.080878,0.128314,0.022974,0.024309
Small (<100 lines),environment-long.yml,7,126,4704,22,0.043743,0.002687,0.080085,0.126515,0.022907,0.019761
Small (<100 lines),environment-long.yml,7,126,4704,23,0.044701,0.002758,0.082755,0.130214,0.020573,0.025039
Small (<100 lines),environment-long.yml,7,126,4704,24,0.044308,0.002783,0.079759,0.12685,0.023432,0.01968
Small (<100 lines),environment-long.yml,7,126,4704,25,0.043916,0.002759,0.080677,0.127352,0.020592,0.02289
Small (<100 lines),environment-long.yml,7,126,4704,26,0.044309,0.002775,0.122009,0.169093,0.020105,0.015368
Small (<100 lines),environment-long.yml,7,126,4704,27,0.044037,0.00491,0.048593,0.09754,0.015708,0.017513
Small (<100 lines),environment-long.yml,7,126,4704,28,0.028678,0.002135,0.039985,0.070798,0.016898,0.014187
Small (<100 lines),environment-long.yml,7,126,4704,29,0.02697,0.001689,0.037977,0.066636,0.014774,0.01585
Small (<100 lines),environment-short.yml,7,125,4700,0,0.05106,0.791273,0.198944,1.04128,0.035442,0.021335
Small (<100 lines),environment-short.yml,7,125,4700,1,0.050162,0.006918,0.113928,0.171008,0.020996,0.025826
Small (<100 lines),environment-short.yml,7,125,4700,2,0.048633,0.003534,0.098502,0.150669,0.026661,0.02308
Small (<100 lines),environment-short.yml,7,125,4700,3,0.046248,0.003106,0.090533,0.139887,0.020408,0.025752
Small (<100 lines),environment-short.yml,7,125,4700,4,0.044727,0.00302,0.085865,0.133612,0.023312,0.020412
Small (<100 lines),environment-short.yml,7,125,4700,5,0.044259,0.002937,0.083388,0.130584,0.020273,0.02387
Small (<100 lines),environment-short.yml,7,125,4700,6,0.045741,0.002974,0.084033,0.132748,0.023389,0.020338
Small (<100 lines),environment-short.yml,7,125,4700,7,0.042998,0.002977,0.085111,0.131086,0.019881,0.023741
Small (<100 lines),environment-short.yml,7,125,4700,8,0.042815,0.002956,0.083247,0.129018,0.025131,0.022324
Small (<100 lines),environment-short.yml,7,125,4700,9,0.042544,0.002879,0.083254,0.128677,0.019712,0.023146
Small (<100 lines),environment-short.yml,7,125,4700,10,0.042433,0.002812,0.082051,0.127296,0.025557,0.022204
Small (<100 lines),environment-short.yml,7,125,4700,11,0.045357,0.002808,0.085653,0.133818,0.019778,0.023308
Small (<100 lines),environment-short.yml,7,125,4700,12,0.042509,0.002872,0.081035,0.126416,0.023026,0.020105
Small (<100 lines),environment-short.yml,7,125,4700,13,0.043266,0.002816,0.081317,0.127399,0.020263,0.023126
Small (<100 lines),environment-short.yml,7,125,4700,14,0.042373,0.002853,0.080775,0.126001,0.025454,0.0231
Small (<100 lines),environment-short.yml,7,125,4700,15,0.043693,0.002864,0.084382,0.130939,0.020116,0.023499
Small (<100 lines),environment-short.yml,7,125,4700,16,0.042699,0.002813,0.081606,0.127118,0.024792,0.022277
Small (<100 lines),environment-short.yml,7,125,4700,17,0.04164,0.002853,0.085091,0.129584,0.019428,0.022961
Small (<100 lines),environment-short.yml,7,125,4700,18,0.04141,0.002747,0.079689,0.123846,0.022443,0.020085
Small (<100 lines),environment-short.yml,7,125,4700,19,0.041577,0.00282,0.080636,0.125033,0.02175,0.024992
Small (<100 lines),environment-short.yml,7,125,4700,20,0.041889,0.002776,0.083868,0.128533,0.024973,0.022206
Small (<100 lines),environment-short.yml,7,125,4700,21,0.0427,0.002737,0.088574,0.134011,0.020991,0.024722
Small (<100 lines),environment-short.yml,7,125,4700,22,0.044895,0.003011,0.090614,0.13852,0.027781,0.023434
Small (<100 lines),environment-short.yml,7,125,4700,23,0.052056,0.003157,0.093596,0.148809,0.020513,0.024611
Small (<100 lines),environment-short.yml,7,125,4700,24,0.048059,0.003401,0.088322,0.139782,0.02492,0.021328
Small (<100 lines),environment-short.yml,7,125,4700,25,0.050164,0.003357,0.089665,0.143186,0.023827,0.027439
Small (<100 lines),environment-short.yml,7,125,4700,26,0.048669,0.003548,0.097534,0.149751,0.026217,0.024465
Small (<100 lines),environment-short.yml,7,125,4700,27,0.049372,0.003651,0.090727,0.14375,0.020594,0.025087
Small (<100 lines),environment-short.yml,7,125,4700,28,0.046672,0.003736,0.097247,0.147655,0.024289,0.020857
Small (<100 lines),environment-short.yml,7,125,4700,29,0.045486,0.003239,0.086695,0.13542,0.022586,0.026171
Small (<100 lines),extension-fields.yml,8,138,4708,0,0.057614,0.700109,0.186694,0.944417,0.027576,0.019915
Small (<100 lines),extension-fields.yml,8,138,4708,1,0.048684,0.005522,0.082324,0.13653,0.019373,0.020399
Small (<100 lines),extension-fields.yml,8,138,4708,2,0.033888,0.002295,0.050152,0.086335,0.021277,0.019056
Small (<100 lines),extension-fields.yml,8,138,4708,3,0.030405,0.001951,0.043184,0.07554,0.018239,0.020987
Small (<100 lines),extension-fields.yml,8,138,4708,4,0.028839,0.001814,0.042347,0.073,0.020688,0.018699
Small (<100 lines),extension-fields.yml,8,138,4708,5,0.029058,0.001754,0.041162,0.071974,0.017983,0.020536
Small (<100 lines),extension-fields.yml,8,138,4708,6,0.028309,0.001663,0.040545,0.070517,0.019845,0.018674
Small (<100 lines),extension-fields.yml,8,138,4708,7,0.028593,0.001707,0.040371,0.070671,0.018071,0.020485
Small (<100 lines),extension-fields.yml,8,138,4708,8,0.028721,0.001756,0.040004,0.070481,0.019706,0.018781
Small (<100 lines),extension-fields.yml,8,138,4708,9,0.028212,0.001709,0.040565,0.070486,0.018099,0.020593
Small (<100 lines),extension-fields.yml,8,138,4708,10,0.028318,0.00175,0.039782,0.06985,0.019931,0.018488
Small (<100 lines),extension-fields.yml,8,138,4708,11,0.028384,0.001691,0.040099,0.070174,0.017888,0.020398
Small (<100 lines),extension-fields.yml,8,138,4708,12,0.027859,0.001761,0.040083,0.069703,0.019832,0.018588
Small (<100 lines),extension-fields.yml,8,138,4708,13,0.027835,0.001748,0.039941,0.069524,0.017945,0.020669
Small (<100 lines),extension-fields.yml,8,138,4708,14,0.028163,0.001648,0.040496,0.070307,0.019801,0.018665
Small (<100 lines),extension-fields.yml,8,138,4708,15,0.027625,0.001589,0.040808,0.070022,0.017775,0.020492
Small (<100 lines),extension-fields.yml,8,138,4708,16,0.027945,0.001657,0.039901,0.069503,0.019801,0.018874
Small (<100 lines),extension-fields.yml,8,138,4708,17,0.028316,0.001652,0.040184,0.070152,0.017694,0.020369
Small (<100 lines),extension-fields.yml,8,138,4708,18,0.027547,0.001605,0.040323,0.069475,0.019897,0.018726
Small (<100 lines),extension-fields.yml,8,138,4708,19,0.027485,0.00165,0.039773,0.068908,0.018021,0.020259
Small (<100 lines),extension-fields.yml,8,138,4708,20,0.028025,0.001717,0.039821,0.069563,0.019594,0.018792
Small (<100 lines),extension-fields.yml,8,138,4708,21,0.027734,0.001574,0.040493,0.069801,0.017728,0.020589
Small (<100 lines),extension-fields.yml,8,138,4708,22,0.02753,0.001633,0.039884,0.069047,0.020003,0.018511
Small (<100 lines),extension-fields.yml,8,138,4708,23,0.027679,0.001674,0.039892,0.069245,0.017965,0.020483
Small (<100 lines),extension-fields.yml,8,138,4708,24,0.028133,0.001814,0.040657,0.070604,0.01973,0.018697
Small (<100 lines),extension-fields.yml,8,138,4708,25,0.02769,0.0017,0.040951,0.070341,0.017816,0.020429
Small (<100 lines),extension-fields.yml,8,138,4708,26,0.028081,0.001615,0.039725,0.069421,0.019766,0.018379
Small (<100 lines),extension-fields.yml,8,138,4708,27,0.027365,0.001631,0.039254,0.06825,0.017975,0.02038
Small (<100 lines),extension-fields.yml,8,138,4708,28,0.062921,0.00247,0.044208,0.109599,0.020207,0.018693
Small (<100 lines),extension-fields.yml,8,138,4708,29,0.028434,0.001669,0.040689,0.070792,0.018112,0.02039
Small (<100 lines),healthcheck.yml,9,204,4724,0,0.076394,0.932131,0.261038,1.26956,0.070423,0.035916
Small (<100 lines),healthcheck.yml,9,204,4724,1,0.091863,0.007456,0.163521,0.26284,0.045896,0.040806
Small (<100 lines),healthcheck.yml,9,204,4724,2,0.082853,0.004165,0.135003,0.222021,0.049239,0.035142
Small (<100 lines),healthcheck.yml,9,204,4724,3,0.079807,0.004098,0.130179,0.214084,0.045203,0.042337
Small (<100 lines),healthcheck.yml,9,204,4724,4,0.079086,0.004102,0.124038,0.207226,0.048234,0.03465
Small (<100 lines),healthcheck.yml,9,204,4724,5,0.077688,0.003801,0.118885,0.200374,0.044035,0.038574
Small (<100 lines),healthcheck.yml,9,204,4724,6,0.079515,0.004021,0.123645,0.207181,0.049493,0.03605
Small (<100 lines),healthcheck.yml,9,204,4724,7,0.079937,0.003799,0.12386,0.207596,0.044772,0.041743
Small (<100 lines),healthcheck.yml,9,204,4724,8,0.079948,0.003901,0.122676,0.206525,0.049148,0.035869
Small (<100 lines),healthcheck.yml,9,204,4724,9,0.077554,0.003665,0.115775,0.196994,0.043206,0.038502
Small (<100 lines),healthcheck.yml,9,204,4724,10,0.078347,0.003682,0.110935,0.192964,0.044402,0.031789
Small (<100 lines),healthcheck.yml,9,204,4724,11,0.070902,0.003374,0.110006,0.184282,0.040172,0.035539
Small (<100 lines),healthcheck.yml,9,204,4724,12,0.070766,0.003261,0.106371,0.180398,0.043967,0.032075
Small (<100 lines),healthcheck.yml,9,204,4724,13,0.064768,0.003005,0.100039,0.167812,0.036225,0.032361
Small (<100 lines),healthcheck.yml,9,204,4724,14,0.064125,0.003212,0.095495,0.162832,0.0374,0.027297
Small (<100 lines),healthcheck.yml,9,204,4724,15,0.06786,0.003211,0.098114,0.169185,0.034837,0.031495
Small (<100 lines),healthcheck.yml,9,204,4724,16,0.062343,0.003146,0.096871,0.16236,0.038582,0.028965
Small (<100 lines),healthcheck.yml,9,204,4724,17,0.06727,0.003813,0.121538,0.192621,0.036787,0.035878
Small (<100 lines),healthcheck.yml,9,204,4724,18,0.070262,0.003974,0.128294,0.20253,0.042177,0.032389
Small (<100 lines),healthcheck.yml,9,204,4724,19,0.075365,0.005464,0.181765,0.262594,0.054575,0.051169
Small (<100 lines),healthcheck.yml,9,204,4724,20,0.099283,0.005387,0.151224,0.255894,0.05956,0.043506
Small (<100 lines),healthcheck.yml,9,204,4724,21,0.094612,0.004673,0.114789,0.214074,0.039652,0.035945
Small (<100 lines),healthcheck.yml,9,204,4724,22,0.069272,0.003396,0.10897,0.181638,0.045786,0.033173
Small (<100 lines),healthcheck.yml,9,204,4724,23,0.074421,0.003937,0.128256,0.206614,0.035092,0.035308
Small (<100 lines),healthcheck.yml,9,204,4724,24,0.063966,0.003209,0.094387,0.161562,0.038121,0.027798
Small (<100 lines),healthcheck.yml,9,204,4724,25,0.061601,0.002906,0.092625,0.157132,0.034299,0.031207
Small (<100 lines),healthcheck.yml,9,204,4724,26,0.060927,0.002929,0.095828,0.159684,0.038454,0.027921
Small (<100 lines),healthcheck.yml,9,204,4724,27,0.060571,0.002986,0.093898,0.157455,0.034345,0.031187
Small (<100 lines),healthcheck.yml,9,204,4724,28,0.061055,0.002905,0.093059,0.157019,0.038074,0.028148
Small (<100 lines),healthcheck.yml,9,204,4724,29,0.06082,0.003014,0.094269,0.158103,0.048903,0.031066
Small (<100 lines),image.yml,3,46,4700,0,0.036813,0.797122,0.199249,1.03318,0.025145,0.01151
Small (<100 lines),image.yml,3,46,4700,1,0.041645,0.006748,0.10991,0.158303,0.011424,0.014433
Small (<100 lines),image.yml,3,46,4700,2,0.034338,0.003633,0.087929,0.1259,0.014841,0.011741
Small (<100 lines),image.yml,3,46,4700,3,0.031579,0.003085,0.077209,0.111873,0.010834,0.013585
Small (<100 lines),image.yml,3,46,4700,4,0.030304,0.002963,0.076371,0.109638,0.013713,0.020214
Small (<100 lines),image.yml,3,46,4700,5,0.031504,0.003282,0.077272,0.112058,0.010773,0.013183
Small (<100 lines),image.yml,3,46,4700,6,0.030896,0.003181,0.07341,0.107487,0.013312,0.010266
Small (<100 lines),image.yml,3,46,4700,7,0.030516,0.003003,0.073361,0.10688,0.010676,0.01325
Small (<100 lines),image.yml,3,46,4700,8,0.029097,0.002804,0.071915,0.103816,0.013573,0.010531
Small (<100 lines),image.yml,3,46,4700,9,0.029178,0.002821,0.074409,0.106408,0.010613,0.013119
Small (<100 lines),image.yml,3,46,4700,10,0.028946,0.00273,0.071757,0.103433,0.014309,0.011294
Small (<100 lines),image.yml,3,46,4700,11,0.028657,0.002891,0.071597,0.103145,0.010085,0.012716
Small (<100 lines),image.yml,3,46,4700,12,0.027685,0.002653,0.068984,0.099322,0.012514,0.009638
Small (<100 lines),image.yml,3,46,4700,13,0.028012,0.002608,0.070901,0.101521,0.009946,0.012521
Small (<100 lines),image.yml,3,46,4700,14,0.028421,0.002628,0.069891,0.10094,0.01264,0.009931
Small (<100 lines),image.yml,3,46,4700,15,0.02814,0.00262,0.069895,0.100655,0.009937,0.01262
Small (<100 lines),image.yml,3,46,4700,16,0.027914,0.002703,0.070287,0.100904,0.012866,0.010089
Small (<100 lines),image.yml,3,46,4700,17,0.028149,0.002758,0.069259,0.100166,0.009766,0.012458
Small (<100 lines),image.yml,3,46,4700,18,0.027707,0.002669,0.068562,0.098938,0.012696,0.01011
Small (<100 lines),image.yml,3,46,4700,19,0.028008,0.002694,0.068332,0.099034,0.010024,0.012395
Small (<100 lines),image.yml,3,46,4700,20,0.027511,0.002552,0.068297,0.09836,0.012712,0.01013
Small (<100 lines),image.yml,3,46,4700,21,0.028172,0.002651,0.068987,0.09981,0.009893,0.012694
Small (<100 lines),image.yml,3,46,4700,22,0.027777,0.002663,0.068338,0.098778,0.01257,0.010009
Small (<100 lines),image.yml,3,46,4700,23,0.027862,0.002655,0.067524,0.098041,0.009927,0.012694
Small (<100 lines),image.yml,3,46,4700,24,0.027746,0.002571,0.067693,0.09801,0.013502,0.010789
Small (<100 lines),image.yml,3,46,4700,25,0.027623,0.002691,0.068633,0.098947,0.009697,0.012773
Small (<100 lines),image.yml,3,46,4700,26,0.027994,0.002751,0.069434,0.100179,0.012531,0.009956
Small (<100 lines),image.yml,3,46,4700,27,0.02744,0.002695,0.068445,0.09858,0.00982,0.012833
Small (<100 lines),image.yml,3,46,4700,28,0.02745,0.002616,0.068831,0.098897,0.01263,0.010198
Small (<100 lines),image.yml,3,46,4700,29,0.027534,0.002623,0.071083,0.10124,0.010733,0.013448
Small (<100 lines),labels.yml,11,235,4720,0,0.069569,0.82476,0.214937,1.10927,0.052964,0.033288
Small (<100 lines),labels.yml,11,235,4720,1,0.0733,0.003618,0.119942,0.19686,0.038767,0.034845
Small (<100 lines),labels.yml,11,235,4720,2,0.070077,0.003363,0.105878,0.179318,0.041568,0.03246
Small (<100 lines),labels.yml,11,235,4720,3,0.066122,0.003031,0.102547,0.1717,0.038642,0.034966
Small (<100 lines),labels.yml,11,235,4720,4,0.065887,0.003097,0.102997,0.171981,0.041488,0.057252
Small (<100 lines),labels.yml,11,235,4720,5,0.064097,0.00503,0.101703,0.17083,0.030375,0.025385
Small (<100 lines),labels.yml,11,235,4720,6,0.044735,0.002741,0.056966,0.104442,0.034964,0.023412
Small (<100 lines),labels.yml,11,235,4720,7,0.042109,0.002223,0.050947,0.095279,0.042652,0.065186
Small (<100 lines),labels.yml,11,235,4720,8,0.076644,0.004719,0.128501,0.209864,0.047036,0.036568
Small (<100 lines),labels.yml,11,235,4720,9,0.069559,0.003668,0.113014,0.186241,0.040017,0.035874
Small (<100 lines),labels.yml,11,235,4720,10,0.08083,0.003671,0.10926,0.193761,0.042001,0.032715
Small (<100 lines),labels.yml,11,235,4720,11,0.069889,0.003869,0.111428,0.185186,0.039454,0.038004
Small (<100 lines),labels.yml,11,235,4720,12,0.072318,0.004325,0.116645,0.193288,0.044692,0.033261
Small (<100 lines),labels.yml,11,235,4720,13,0.06835,0.003746,0.107517,0.179613,0.038842,0.036338
Small (<100 lines),labels.yml,11,235,4720,14,0.067231,0.003871,0.105055,0.176157,0.046425,0.034814
Small (<100 lines),labels.yml,11,235,4720,15,0.065722,0.003561,0.112524,0.181807,0.030482,0.035558
Small (<100 lines),labels.yml,11,235,4720,16,0.061126,0.004669,0.083951,0.149746,0.033402,0.023746
Small (<100 lines),labels.yml,11,235,4720,17,0.044278,0.002952,0.054598,0.101828,0.028099,0.026001
Small (<100 lines),labels.yml,11,235,4720,18,0.040503,0.002027,0.051949,0.094479,0.029712,0.022513
Small (<100 lines),labels.yml,11,235,4720,19,0.03972,0.001943,0.046677,0.08834,0.027328,0.026899
Small (<100 lines),labels.yml,11,235,4720,20,0.039564,0.001864,0.047004,0.088432,0.031144,0.022541
Small (<100 lines),labels.yml,11,235,4720,21,0.039357,0.001782,0.045658,0.086797,0.027942,0.0245
Small (<100 lines),labels.yml,11,235,4720,22,0.039027,0.001696,0.047706,0.088429,0.028918,0.022489
Small (<100 lines),labels.yml,11,235,4720,23,0.046421,0.001961,0.048525,0.096907,0.027187,0.026835
Small (<100 lines),labels.yml,11,235,4720,24,0.038766,0.001778,0.046276,0.08682,0.028777,0.022195
Small (<100 lines),labels.yml,11,235,4720,25,0.038161,0.001748,0.044287,0.084196,0.026982,0.027491
Small (<100 lines),labels.yml,11,235,4720,26,0.038572,0.001824,0.045524,0.08592,0.028683,0.022218
Small (<100 lines),labels.yml,11,235,4720,27,0.037923,0.001722,0.046901,0.086546,0.026897,0.024334
Small (<100 lines),labels.yml,11,235,4720,28,0.038135,0.001733,0.045259,0.085127,0.028642,0.022565
Small (<100 lines),labels.yml,11,235,4720,29,0.039144,0.001726,0.049126,0.089996,0.026959,0.024462
Small (<100 lines),logging.yml,8,140,4708,0,0.069165,0.790476,0.198385,1.05803,0.027244,0.01815
Small (<100 lines),logging.yml,8,140,4708,1,0.054132,0.004581,0.086035,0.144748,0.018368,0.017977
Small (<100 lines),logging.yml,8,140,4708,2,0.03559,0.002722,0.05397,0.092282,0.017554,0.017061
Small (<100 lines),logging.yml,8,140,4708,3,0.033157,0.002123,0.044007,0.079287,0.017648,0.019211
Small (<100 lines),logging.yml,8,140,4708,4,0.041968,0.002845,0.071925,0.116738,0.026275,0.026717
Small (<100 lines),logging.yml,8,140,4708,5,0.047829,0.003568,0.06898,0.120377,0.025291,0.024081
Small (<100 lines),logging.yml,8,140,4708,6,0.048178,0.003647,0.074129,0.125954,0.01908,0.017366
Small (<100 lines),logging.yml,8,140,4708,7,0.036387,0.003102,0.053926,0.093415,0.017592,0.020961
Small (<100 lines),logging.yml,8,140,4708,8,0.035554,0.002478,0.045843,0.083875,0.018946,0.017012
Small (<100 lines),logging.yml,8,140,4708,9,0.03233,0.001996,0.042556,0.076882,0.016367,0.019393
Small (<100 lines),logging.yml,8,140,4708,10,0.031078,0.001907,0.04247,0.075455,0.018516,0.016667
Small (<100 lines),logging.yml,8,140,4708,11,0.033193,0.00205,0.04437,0.079613,0.016535,0.019477
Small (<100 lines),logging.yml,8,140,4708,12,0.033722,0.002126,0.04505,0.080898,0.018663,0.016473
Small (<100 lines),logging.yml,8,140,4708,13,0.032365,0.001825,0.041753,0.075943,0.01683,0.019493
Small (<100 lines),logging.yml,8,140,4708,14,0.032354,0.002136,0.050095,0.084585,0.01961,0.016719
Small (<100 lines),logging.yml,8,140,4708,15,0.035125,0.002132,0.048607,0.085864,0.016967,0.01962
Small (<100 lines),logging.yml,8,140,4708,16,0.036195,0.002163,0.070855,0.109213,0.039467,0.037473
Small (<100 lines),logging.yml,8,140,4708,17,0.083024,0.005136,0.105419,0.193579,0.039346,0.040654
Small (<100 lines),logging.yml,8,140,4708,18,0.074314,0.004005,0.102036,0.180355,0.039868,0.039008
Small (<100 lines),logging.yml,8,140,4708,19,0.072979,0.004114,0.094617,0.17171,0.015471,0.018348
Small (<100 lines),logging.yml,8,140,4708,20,0.030924,0.001908,0.040918,0.07375,0.017751,0.01528
Small (<100 lines),logging.yml,8,140,4708,21,0.032169,0.001858,0.041676,0.075703,0.015267,0.017594
Small (<100 lines),logging.yml,8,140,4708,22,0.030693,0.001901,0.041996,0.07459,0.018328,0.015689
Small (<100 lines),logging.yml,8,140,4708,23,0.029018,0.002042,0.039821,0.070881,0.01502,0.017497
Small (<100 lines),logging.yml,8,140,4708,24,0.029082,0.001582,0.038047,0.068711,0.017944,0.015436
Small (<100 lines),logging.yml,8,140,4708,25,0.029237,0.001691,0.038404,0.069332,0.015284,0.01748
Small (<100 lines),logging.yml,8,140,4708,26,0.029563,0.001643,0.038257,0.069463,0.01705,0.015296
Small (<100 lines),logging.yml,8,140,4708,27,0.028056,0.001572,0.037776,0.067404,0.015467,0.017126
Small (<100 lines),logging.yml,8,140,4708,28,0.030414,0.001844,0.041946,0.074204,0.017916,0.015318
Small (<100 lines),logging.yml,8,140,4708,29,0.029464,0.001554,0.040676,0.071694,0.015475,0.017707
Small (<100 lines),nested-generic-properties.yml,12,207,4776,0,0.072697,0.971984,0.217819,1.2625,0.043982,0.026791
Small (<100 lines),nested-generic-properties.yml,12,207,4776,1,0.065958,0.003776,0.120088,0.189822,0.026192,0.029695
Small (<100 lines),nested-generic-properties.yml,12,207,4776,2,0.061692,0.003368,0.100113,0.165173,0.028792,0.027056
Small (<100 lines),nested-generic-properties.yml,12,207,4776,3,0.06052,0.00297,0.091334,0.154824,0.027722,0.032225
Small (<100 lines),nested-generic-properties.yml,12,207,4776,4,0.060412,0.003107,0.101316,0.164835,0.030306,0.029054
Small (<100 lines),nested-generic-properties.yml,12,207,4776,5,0.061759,0.003349,0.09585,0.160958,0.02555,0.029457
Small (<100 lines),nested-generic-properties.yml,12,207,4776,6,0.059045,0.002936,0.089641,0.151622,0.032944,0.028172
Small (<100 lines),nested-generic-properties.yml,12,207,4776,7,0.063017,0.0038,0.101413,0.16823,0.026959,0.032953
Small (<100 lines),nested-generic-properties.yml,12,207,4776,8,0.061679,0.003811,0.103329,0.168819,0.030303,0.026898
Small (<100 lines),nested-generic-properties.yml,12,207,4776,9,0.063301,0.003733,0.097452,0.164486,0.027368,0.032877
Small (<100 lines),nested-generic-properties.yml,12,207,4776,10,0.060142,0.003369,0.094723,0.158234,0.027501,0.02615
Small (<100 lines),nested-generic-properties.yml,12,207,4776,11,0.059049,0.002953,0.090347,0.152349,0.024939,0.029241
Small (<100 lines),nested-generic-properties.yml,12,207,4776,12,0.05776,0.002815,0.088364,0.148939,0.027997,0.026209
Small (<100 lines),nested-generic-properties.yml,12,207,4776,13,0.057831,0.002973,0.087958,0.148762,0.027077,0.030827
Small (<100 lines),nested-generic-properties.yml,12,207,4776,14,0.056324,0.002886,0.112814,0.172024,0.028507,0.02235
Small (<100 lines),nested-generic-properties.yml,12,207,4776,15,0.053538,0.004975,0.077055,0.135568,0.018835,0.019686
Small (<100 lines),nested-generic-properties.yml,12,207,4776,16,0.040297,0.002157,0.047629,0.090083,0.020058,0.019245
Small (<100 lines),nested-generic-properties.yml,12,207,4776,17,0.03714,0.001784,0.042432,0.081356,0.017368,0.020625
Small (<100 lines),nested-generic-properties.yml,12,207,4776,18,0.036307,0.001687,0.041605,0.079599,0.019575,0.018544
Small (<100 lines),nested-generic-properties.yml,12,207,4776,19,0.036951,0.001789,0.041955,0.080695,0.017399,0.020535
Small (<100 lines),nested-generic-properties.yml,12,207,4776,20,0.035928,0.001774,0.041272,0.078974,0.019098,0.018584
Small (<100 lines),nested-generic-properties.yml,12,207,4776,21,0.035777,0.001696,0.041286,0.078759,0.017016,0.020608
Small (<100 lines),nested-generic-properties.yml,12,207,4776,22,0.035272,0.001695,0.040513,0.07748,0.019083,0.0184
Small (<100 lines),nested-generic-properties.yml,12,207,4776,23,0.035485,0.0016,0.041,0.078085,0.017094,0.020352
Small (<100 lines),nested-generic-properties.yml,12,207,4776,24,0.034796,0.001706,0.040845,0.077347,0.018996,0.018066
Small (<100 lines),nested-generic-properties.yml,12,207,4776,25,0.034627,0.001766,0.040628,0.077021,0.016962,0.019935
Small (<100 lines),nested-generic-properties.yml,12,207,4776,26,0.034849,0.001621,0.040385,0.076855,0.019215,0.018099
Small (<100 lines),nested-generic-properties.yml,12,207,4776,27,0.034951,0.001617,0.040986,0.077554,0.016924,0.020099
Small (<100 lines),nested-generic-properties.yml,12,207,4776,28,0.035059,0.001587,0.040795,0.077441,0.019373,0.01825
Small (<100 lines),nested-generic-properties.yml,12,207,4776,29,0.03492,0.00158,0.040802,0.077302,0.017095,0.020421
Small (<100 lines),networks.yml,17,265,4660,0,0.057542,0.591119,0.157231,0.805892,0.043616,0.03367
Small (<100 lines),networks.yml,17,265,4660,1,0.05997,0.003128,0.083437,0.146535,0.032253,0.041344
Small (<100 lines),networks.yml,17,265,4660,2,0.054284,0.002627,0.07053,0.127441,0.034033,0.032484
Small (<100 lines),networks.yml,17,265,4660,3,0.051178,0.002319,0.06155,0.115047,0.030762,0.036765
Small (<100 lines),networks.yml,17,265,4660,4,0.051241,0.002248,0.059618,0.113107,0.03502,0.032105
Small (<100 lines),networks.yml,17,265,4660,5,0.050604,0.002175,0.05834,0.111119,0.030191,0.03608
Small (<100 lines),networks.yml,17,265,4660,6,0.049973,0.002157,0.058121,0.110251,0.03447,0.03197
Small (<100 lines),networks.yml,17,265,4660,7,0.049417,0.002114,0.058363,0.109894,0.030171,0.03623
Small (<100 lines),networks.yml,17,265,4660,8,0.049114,0.002023,0.05756,0.108697,0.03419,0.031814
Small (<100 lines),networks.yml,17,265,4660,9,0.049701,0.002049,0.059023,0.110773,0.03104,0.036063
Small (<100 lines),networks.yml,17,265,4660,10,0.050876,0.002195,0.058506,0.111577,0.035089,0.031532
Small (<100 lines),networks.yml,17,265,4660,11,0.049207,0.002182,0.057403,0.108792,0.030356,0.035801
Small (<100 lines),networks.yml,17,265,4660,12,0.048864,0.00214,0.057883,0.108887,0.035462,0.031394
Small (<100 lines),networks.yml,17,265,4660,13,0.048815,0.002032,0.056882,0.107729,0.030422,0.035704
Small (<100 lines),networks.yml,17,265,4660,14,0.048564,0.002,0.057683,0.108247,0.034021,0.036651
Small (<100 lines),networks.yml,17,265,4660,15,0.050036,0.002113,0.05891,0.111059,0.02994,0.036235
Small (<100 lines),networks.yml,17,265,4660,16,0.049045,0.00205,0.057154,0.108249,0.033947,0.031564
Small (<100 lines),networks.yml,17,265,4660,17,0.048787,0.001934,0.056972,0.107693,0.029763,0.035865
Small (<100 lines),networks.yml,17,265,4660,18,0.048311,0.00193,0.056971,0.107212,0.03423,0.031641
Small (<100 lines),networks.yml,17,265,4660,19,0.04863,0.001942,0.057181,0.107753,0.02999,0.035441
Small (<100 lines),networks.yml,17,265,4660,20,0.04818,0.00198,0.056439,0.106599,0.034034,0.031645
Small (<100 lines),networks.yml,17,265,4660,21,0.048429,0.001963,0.058521,0.108913,0.030296,0.036574
Small (<100 lines),networks.yml,17,265,4660,22,0.049272,0.00208,0.057004,0.108356,0.034411,0.031608
Small (<100 lines),networks.yml,17,265,4660,23,0.048406,0.002077,0.056581,0.107064,0.030145,0.035559
Small (<100 lines),networks.yml,17,265,4660,24,0.048857,0.002056,0.056082,0.106995,0.033879,0.031931
Small (<100 lines),networks.yml,17,265,4660,25,0.048348,0.001996,0.056867,0.107211,0.029984,0.035268
Small (<100 lines),networks.yml,17,265,4660,26,0.048682,0.002015,0.056346,0.107043,0.03382,0.031436
Small (<100 lines),networks.yml,17,265,4660,27,0.048429,0.002039,0.055801,0.106269,0.031441,0.035378
Small (<100 lines),networks.yml,17,265,4660,28,0.049101,0.002061,0.058034,0.109196,0.033866,0.031845
Small (<100 lines),networks.yml,17,265,4660,29,0.050069,0.00215,0.058663,0.110882,0.029754,0.03675
Small (<100 lines),ports-long.yml,8,138,4776,0,0.057308,0.81797,0.22706,1.10234,0.042496,0.025434
Small (<100 lines),ports-long.yml,8,138,4776,1,0.062961,0.004416,0.133355,0.200732,0.026079,0.029272
Small (<100 lines),ports-long.yml,8,138,4776,2,0.065268,0.004273,0.109814,0.179355,0.028197,0.024526
Small (<100 lines),ports-long.yml,8,138,4776,3,0.059222,0.003912,0.09707,0.160204,0.023628,0.027362
Small (<100 lines),ports-long.yml,8,138,4776,4,0.055838,0.003919,0.095627,0.155384,0.026466,0.02269
Small (<100 lines),ports-long.yml,8,138,4776,5,0.053624,0.003674,0.088817,0.146115,0.024965,0.027941
Small (<100 lines),ports-long.yml,8,138,4776,6,0.052316,0.003607,0.090101,0.146024,0.027547,0.02468
Small (<100 lines),ports-long.yml,8,138,4776,7,0.051069,0.003255,0.086395,0.140719,0.022801,0.025736
Small (<100 lines),ports-long.yml,8,138,4776,8,0.052874,0.003429,0.098496,0.154799,0.028465,0.024859
Small (<100 lines),ports-long.yml,8,138,4776,9,0.053255,0.003639,0.088778,0.145672,0.022775,0.025426
Small (<100 lines),ports-long.yml,8,138,4776,10,0.051901,0.003298,0.088025,0.143224,0.025985,0.022378
Small (<100 lines),ports-long.yml,8,138,4776,11,0.051941,0.003203,0.087268,0.142412,0.022705,0.025315
Small (<100 lines),ports-long.yml,8,138,4776,12,0.051274,0.003246,0.087113,0.141633,0.028787,0.022725
Small (<100 lines),ports-long.yml,8,138,4776,13,0.052783,0.003375,0.097158,0.153316,0.022579,0.026792
Small (<100 lines),ports-long.yml,8,138,4776,14,0.053858,0.004241,0.093233,0.151332,0.025279,0.022247
Small (<100 lines),ports-long.yml,8,138,4776,15,0.051754,0.00377,0.093204,0.148728,0.024479,0.02736
Small (<100 lines),ports-long.yml,8,138,4776,16,0.051567,0.003381,0.088742,0.14369,0.026508,0.023946
Small (<100 lines),ports-long.yml,8,138,4776,17,0.049643,0.003163,0.084519,0.137325,0.021891,0.025077
Small (<100 lines),ports-long.yml,8,138,4776,18,0.04934,0.003153,0.080548,0.133041,0.025807,0.023817
Small (<100 lines),ports-long.yml,8,138,4776,19,0.048764,0.003119,0.083393,0.135276,0.021909,0.024744
Small (<100 lines),ports-long.yml,8,138,4776,20,0.049739,0.003465,0.084721,0.137925,0.026117,0.023913
Small (<100 lines),ports-long.yml,8,138,4776,21,0.049174,0.003034,0.083496,0.135704,0.023753,0.026477
Small (<100 lines),ports-long.yml,8,138,4776,22,0.0488,0.003093,0.09061,0.142503,0.024532,0.021932
Small (<100 lines),ports-long.yml,8,138,4776,23,0.049036,0.003135,0.081837,0.134008,0.021724,0.024907
Small (<100 lines),ports-long.yml,8,138,4776,24,0.048302,0.002969,0.082627,0.133898,0.026293,0.023991
Small (<100 lines),ports-long.yml,8,138,4776,25,0.048349,0.003115,0.084829,0.136293,0.021826,0.025096
Small (<100 lines),ports-long.yml,8,138,4776,26,0.049027,0.003081,0.08279,0.134898,0.024274,0.022082
Small (<100 lines),ports-long.yml,8,138,4776,27,0.048428,0.003049,0.083899,0.135376,0.023692,0.026334
Small (<100 lines),ports-long.yml,8,138,4776,28,0.048308,0.003036,0.12714,0.178484,0.025086,0.022431
Small (<100 lines),ports-long.yml,8,138,4776,29,0.052468,0.003413,0.09065,0.146531,0.023879,0.027354
Small (<100 lines),ports-short.yml,7,118,4768,0,0.045864,0.799117,0.203332,1.04831,0.034165,0.01553
Small (<100 lines),ports-short.yml,7,118,4768,1,0.05459,0.00388,0.106869,0.165339,0.032183,0.018264
Small (<100 lines),ports-short.yml,7,118,4768,2,0.045762,0.003568,0.095641,0.144971,0.023253,0.01438
Small (<100 lines),ports-short.yml,7,118,4768,3,0.044351,0.003313,0.083908,0.131572,0.019444,0.016957
Small (<100 lines),ports-short.yml,7,118,4768,4,0.042853,0.00315,0.081957,0.12796,0.022288,0.013961
Small (<100 lines),ports-short.yml,7,118,4768,5,0.043093,0.00311,0.081511,0.127714,0.019116,0.01737
Small (<100 lines),ports-short.yml,7,118,4768,6,0.041648,0.002999,0.079711,0.124358,0.021789,0.01375
Small (<100 lines),ports-short.yml,7,118,4768,7,0.041487,0.003058,0.079502,0.124047,0.019126,0.01667
Small (<100 lines),ports-short.yml,7,118,4768,8,0.040747,0.002949,0.077853,0.121549,0.021742,0.013564
Small (<100 lines),ports-short.yml,7,118,4768,9,0.040571,0.00287,0.077518,0.120959,0.019241,0.01677
Small (<100 lines),ports-short.yml,7,118,4768,10,0.040894,0.003039,0.080978,0.124911,0.023396,0.01392
Small (<100 lines),ports-short.yml,7,118,4768,11,0.042176,0.003241,0.07846,0.123877,0.018377,0.01651
Small (<100 lines),ports-short.yml,7,118,4768,12,0.040072,0.002979,0.077845,0.120896,0.022522,0.013886
Small (<100 lines),ports-short.yml,7,118,4768,13,0.041395,0.003071,0.076131,0.120597,0.01897,0.016897
Small (<100 lines),ports-short.yml,7,118,4768,14,0.041165,0.003049,0.075353,0.119567,0.02149,0.012999
Small (<100 lines),ports-short.yml,7,118,4768,15,0.039077,0.002938,0.074322,0.116337,0.019335,0.016864
Small (<100 lines),ports-short.yml,7,118,4768,16,0.040649,0.00307,0.076522,0.120241,0.02256,0.013824
Small (<100 lines),ports-short.yml,7,118,4768,17,0.040266,0.002902,0.076386,0.119554,0.018656,0.016918
Small (<100 lines),ports-short.yml,7,118,4768,18,0.040551,0.002996,0.075143,0.11869,0.020898,0.013134
Small (<100 lines),ports-short.yml,7,118,4768,19,0.038895,0.002873,0.073454,0.115222,0.018039,0.016385
Small (<100 lines),ports-short.yml,7,118,4768,20,0.039855,0.003044,0.074195,0.117094,0.021886,0.013418
Small (<100 lines),ports-short.yml,7,118,4768,21,0.040058,0.002833,0.076138,0.119029,0.018231,0.015752
Small (<100 lines),ports-short.yml,7,118,4768,22,0.03965,0.002846,0.074378,0.116874,0.021921,0.013452
Small (<100 lines),ports-short.yml,7,118,4768,23,0.039592,0.002884,0.076302,0.118778,0.017967,0.016105
Small (<100 lines),ports-short.yml,7,118,4768,24,0.039979,0.002932,0.075464,0.118375,0.021905,0.013439
Small (<100 lines),ports-short.yml,7,118,4768,25,0.039473,0.002866,0.075286,0.117625,0.018583,0.016711
Small (<100 lines),ports-short.yml,7,118,4768,26,0.091608,0.005472,0.089022,0.186102,0.017778,0.010958
Small (<100 lines),ports-short.yml,7,118,4768,27,0.03014,0.002762,0.053064,0.085966,0.013869,0.0128
Small (<100 lines),ports-short.yml,7,118,4768,28,0.024552,0.002004,0.034311,0.060867,0.015218,0.009236
Small (<100 lines),ports-short.yml,7,118,4768,29,0.022497,0.001798,0.032972,0.057267,0.012877,0.011077
Small (<100 lines),profiles.yml,8,124,4772,0,0.054498,0.958007,0.312712,1.32522,0.038497,0.023236
Small (<100 lines),profiles.yml,8,124,4772,1,0.06414,0.006927,0.125162,0.196229,0.023133,0.026219
Small (<100 lines),profiles.yml,8,124,4772,2,0.053807,0.00399,0.126858,0.184655,0.025571,0.021952
Small (<100 lines),profiles.yml,8,124,4772,3,0.050287,0.003296,0.091627,0.14521,0.021827,0.02504
Small (<100 lines),profiles.yml,8,124,4772,4,0.049854,0.00314,0.088131,0.141125,0.024923,0.021578
Small (<100 lines),profiles.yml,8,124,4772,5,0.048907,0.003084,0.089221,0.141212,0.021214,0.024584
Small (<100 lines),profiles.yml,8,124,4772,6,0.048535,0.004934,0.089877,0.143346,0.02672,0.023738
Small (<100 lines),profiles.yml,8,124,4772,7,0.048533,0.003008,0.085099,0.13664,0.021168,0.02454
Small (<100 lines),profiles.yml,8,124,4772,8,0.05101,0.002928,0.091161,0.145099,0.023757,0.021437
Small (<100 lines),profiles.yml,8,124,4772,9,0.047724,0.003106,0.087896,0.138726,0.021158,0.024183
Small (<100 lines),profiles.yml,8,124,4772,10,0.046648,0.002954,0.085196,0.134798,0.024256,0.021343
Small (<100 lines),profiles.yml,8,124,4772,11,0.046697,0.00294,0.084371,0.134008,0.021005,0.024002
Small (<100 lines),profiles.yml,8,124,4772,12,0.046891,0.002906,0.083338,0.133135,0.024306,0.021728
Small (<100 lines),profiles.yml,8,124,4772,13,0.047897,0.002996,0.085281,0.136174,0.021612,0.024981
Small (<100 lines),profiles.yml,8,124,4772,14,0.048931,0.003025,0.085521,0.137477,0.024451,0.021754
Small (<100 lines),profiles.yml,8,124,4772,15,0.045314,0.002701,0.08142,0.129435,0.020693,0.024088
Small (<100 lines),profiles.yml,8,124,4772,16,0.046027,0.002835,0.081579,0.130441,0.023597,0.021063
Small (<100 lines),profiles.yml,8,124,4772,17,0.04591,0.002858,0.081639,0.130407,0.020769,0.024248
Small (<100 lines),profiles.yml,8,124,4772,18,0.046528,0.002818,0.083878,0.133224,0.023574,0.021034
Small (<100 lines),profiles.yml,8,124,4772,19,0.045596,0.002878,0.080588,0.129062,0.020713,0.024011
Small (<100 lines),profiles.yml,8,124,4772,20,0.045778,0.002832,0.093936,0.142546,0.023885,0.021418
Small (<100 lines),profiles.yml,8,124,4772,21,0.047108,0.002982,0.083029,0.133119,0.020793,0.023789
Small (<100 lines),profiles.yml,8,124,4772,22,0.046354,0.002842,0.081667,0.130863,0.023643,0.021128
Small (<100 lines),profiles.yml,8,124,4772,23,0.046239,0.0029,0.081197,0.130336,0.02065,0.024041
Small (<100 lines),profiles.yml,8,124,4772,24,0.045783,0.002813,0.081144,0.12974,0.023537,0.021014
Small (<100 lines),profiles.yml,8,124,4772,25,0.045584,0.00283,0.081527,0.129941,0.022822,0.026209
Small (<100 lines),profiles.yml,8,124,4772,26,0.045452,0.002898,0.07976,0.12811,0.023586,0.021177
Small (<100 lines),profiles.yml,8,124,4772,27,0.045406,0.002765,0.080138,0.128309,0.020392,0.024243
Small (<100 lines),profiles.yml,8,124,4772,28,0.045651,0.002783,0.080998,0.129432,0.023361,0.021131
Small (<100 lines),profiles.yml,8,124,4772,29,0.045533,0.002765,0.081719,0.130017,0.02221,0.025401
Small (<100 lines),secrets.yml,9,136,4640,0,0.036703,0.583832,0.135613,0.756148,0.025482,0.019257
Small (<100 lines),secrets.yml,9,136,4640,1,0.037387,0.004371,0.069345,0.111103,0.018535,0.01915
Small (<100 lines),secrets.yml,9,136,4640,2,0.032719,0.002186,0.046698,0.081603,0.0198,0.017867
Small (<100 lines),secrets.yml,9,136,4640,3,0.030769,0.001831,0.041663,0.074263,0.017474,0.019628
Small (<100 lines),secrets.yml,9,136,4640,4,0.029972,0.001781,0.04067,0.072423,0.019252,0.017776
Small (<100 lines),secrets.yml,9,136,4640,5,0.029096,0.001629,0.041441,0.072166,0.017327,0.019457
Small (<100 lines),secrets.yml,9,136,4640,6,0.028159,0.00173,0.040657,0.070546,0.018828,0.017554
Small (<100 lines),secrets.yml,9,136,4640,7,0.028631,0.001658,0.039657,0.069946,0.017075,0.019259
Small (<100 lines),secrets.yml,9,136,4640,8,0.028545,0.001717,0.039586,0.069848,0.019027,0.017864
Small (<100 lines),secrets.yml,9,136,4640,9,0.028053,0.001701,0.040059,0.069813,0.017204,0.019496
Small (<100 lines),secrets.yml,9,136,4640,10,0.028329,0.001756,0.039364,0.069449,0.018928,0.01759
Small (<100 lines),secrets.yml,9,136,4640,11,0.028127,0.00157,0.039684,0.069381,0.017185,0.019536
Small (<100 lines),secrets.yml,9,136,4640,12,0.028091,0.001541,0.039172,0.068804,0.018794,0.017516
Small (<100 lines),secrets.yml,9,136,4640,13,0.027794,0.001554,0.040063,0.069411,0.016882,0.019824
Small (<100 lines),secrets.yml,9,136,4640,14,0.027833,0.001708,0.039347,0.068888,0.018823,0.017572
Small (<100 lines),secrets.yml,9,136,4640,15,0.027669,0.001653,0.038964,0.068286,0.017002,0.019807
Small (<100 lines),secrets.yml,9,136,4640,16,0.027855,0.00162,0.039082,0.068557,0.018673,0.017581
Small (<100 lines),secrets.yml,9,136,4640,17,0.027724,0.001673,0.03934,0.068737,0.016921,0.019517
Small (<100 lines),secrets.yml,9,136,4640,18,0.027534,0.001653,0.039253,0.06844,0.018793,0.017862
Small (<100 lines),secrets.yml,9,136,4640,19,0.027473,0.001645,0.03938,0.068498,0.016815,0.019419
Small (<100 lines),secrets.yml,9,136,4640,20,0.027741,0.001576,0.039166,0.068483,0.018667,0.017504
Small (<100 lines),secrets.yml,9,136,4640,21,0.027383,0.001616,0.039044,0.068043,0.016834,0.019373
Small (<100 lines),secrets.yml,9,136,4640,22,0.027773,0.001591,0.039312,0.068676,0.018813,0.022784
Small (<100 lines),secrets.yml,9,136,4640,23,0.03748,0.002338,0.048821,0.088639,0.018047,0.020988
Small (<100 lines),secrets.yml,9,136,4640,24,0.029765,0.001956,0.043419,0.07514,0.019343,0.017765
Small (<100 lines),secrets.yml,9,136,4640,25,0.029214,0.001616,0.040784,0.071614,0.017435,0.01975
Small (<100 lines),secrets.yml,9,136,4640,26,0.028591,0.001762,0.041722,0.072075,0.019682,0.017642
Small (<100 lines),secrets.yml,9,136,4640,27,0.07618,0.002203,0.048548,0.126931,0.017241,0.020505
Small (<100 lines),secrets.yml,9,136,4640,28,0.031354,0.001871,0.044077,0.077302,0.019514,0.017581
Small (<100 lines),secrets.yml,9,136,4640,29,0.029351,0.001841,0.041892,0.073084,0.017376,0.019687
Small (<100 lines),services-minimal.yml,3,40,4760,0,0.03799,0.81243,0.229582,1.08,0.026719,0.010722
Small (<100 lines),services-minimal.yml,3,40,4760,1,0.046863,0.00853,0.148243,0.203636,0.012874,0.025244
Small (<100 lines),services-minimal.yml,3,40,4760,2,0.039404,0.004175,0.108973,0.152552,0.012258,0.009331
Small (<100 lines),services-minimal.yml,3,40,4760,3,0.030923,0.003396,0.076226,0.110545,0.010466,0.012988
Small (<100 lines),services-minimal.yml,3,40,4760,4,0.031797,0.003644,0.082184,0.117625,0.013276,0.009993
Small (<100 lines),services-minimal.yml,3,40,4760,5,0.031643,0.003629,0.076309,0.111581,0.009573,0.012961
Small (<100 lines),services-minimal.yml,3,40,4760,6,0.032667,0.00353,0.085596,0.121793,0.012977,0.009372
Small (<100 lines),services-minimal.yml,3,40,4760,7,0.032903,0.003543,0.079329,0.115775,0.009354,0.013423
Small (<100 lines),services-minimal.yml,3,40,4760,8,0.030921,0.003362,0.083658,0.117941,0.014555,0.009449
Small (<100 lines),services-minimal.yml,3,40,4760,9,0.034645,0.004408,0.087671,0.126724,0.010133,0.013548
Small (<100 lines),services-minimal.yml,3,40,4760,10,0.035077,0.00376,0.088976,0.127813,0.013788,0.010789
Small (<100 lines),services-minimal.yml,3,40,4760,11,0.033762,0.003699,0.085913,0.123374,0.009986,0.012901
Small (<100 lines),services-minimal.yml,3,40,4760,12,0.032354,0.003485,0.09244,0.128279,0.013575,0.009703
Small (<100 lines),services-minimal.yml,3,40,4760,13,0.034101,0.003612,0.084638,0.122351,0.009455,0.013768
Small (<100 lines),services-minimal.yml,3,40,4760,14,0.032079,0.003713,0.082143,0.117935,0.012011,0.009194
Small (<100 lines),services-minimal.yml,3,40,4760,15,0.030261,0.00346,0.081005,0.114726,0.010411,0.013457
Small (<100 lines),services-minimal.yml,3,40,4760,16,0.031982,0.003572,0.080635,0.116189,0.013286,0.01019
Small (<100 lines),services-minimal.yml,3,40,4760,17,0.030593,0.00362,0.077799,0.112012,0.009293,0.0123
Small (<100 lines),services-minimal.yml,3,40,4760,18,0.030272,0.003409,0.081676,0.115357,0.012696,0.009425
Small (<100 lines),services-minimal.yml,3,40,4760,19,0.031572,0.003467,0.079826,0.114865,0.00925,0.012616
Small (<100 lines),services-minimal.yml,3,40,4760,20,0.029688,0.003841,0.076865,0.110394,0.01247,0.010003
Small (<100 lines),services-minimal.yml,3,40,4760,21,0.028238,0.002921,0.075816,0.106975,0.009844,0.012723
Small (<100 lines),services-minimal.yml,3,40,4760,22,0.029569,0.003136,0.075236,0.107941,0.012866,0.010971
Small (<100 lines),services-minimal.yml,3,40,4760,23,0.029348,0.003351,0.07707,0.109769,0.009421,0.012402
Small (<100 lines),services-minimal.yml,3,40,4760,24,0.029479,0.003291,0.072574,0.105344,0.011936,0.00986
Small (<100 lines),services-minimal.yml,3,40,4760,25,0.029122,0.002904,0.075665,0.107691,0.009363,0.011857
Small (<100 lines),services-minimal.yml,3,40,4760,26,0.029155,0.00291,0.07077,0.102835,0.012435,0.010076
Small (<100 lines),services-minimal.yml,3,40,4760,27,0.02669,0.002897,0.06943,0.099017,0.009569,0.012331
Small (<100 lines),services-minimal.yml,3,40,4760,28,0.026567,0.002757,0.067532,0.096856,0.012007,0.009693
Small (<100 lines),services-minimal.yml,3,40,4760,29,0.05817,0.006202,0.094108,0.15848,0.008516,0.008352
Small (<100 lines),sysctls.yml,10,200,4776,0,0.066612,0.79897,0.204872,1.07045,0.046718,0.035606
Small (<100 lines),sysctls.yml,10,200,4776,1,0.071982,0.004056,0.130521,0.206559,0.03429,0.039471
Small (<100 lines),sysctls.yml,10,200,4776,2,0.064063,0.003874,0.107711,0.175648,0.036512,0.034436
Small (<100 lines),sysctls.yml,10,200,4776,3,0.062181,0.003945,0.105476,0.171602,0.033545,0.038458
Small (<100 lines),sysctls.yml,10,200,4776,4,0.061478,0.00342,0.101017,0.165915,0.036587,0.034321
Small (<100 lines),sysctls.yml,10,200,4776,5,0.061104,0.003343,0.100362,0.164809,0.033049,0.037802
Small (<100 lines),sysctls.yml,10,200,4776,6,0.060026,0.003352,0.09783,0.161208,0.036068,0.033711
Small (<100 lines),sysctls.yml,10,200,4776,7,0.05877,0.003156,0.094941,0.156867,0.03289,0.0372
Small (<100 lines),sysctls.yml,10,200,4776,8,0.062533,0.003241,0.096325,0.162099,0.035526,0.0334
Small (<100 lines),sysctls.yml,10,200,4776,9,0.061584,0.003228,0.100958,0.16577,0.032821,0.036977
Small (<100 lines),sysctls.yml,10,200,4776,10,0.060311,0.003128,0.096001,0.15944,0.034924,0.03326
Small (<100 lines),sysctls.yml,10,200,4776,11,0.059473,0.003139,0.100352,0.162964,0.036698,0.040756
Small (<100 lines),sysctls.yml,10,200,4776,12,0.059609,0.003076,0.09813,0.160815,0.035382,0.033637
Small (<100 lines),sysctls.yml,10,200,4776,13,0.059691,0.003138,0.095502,0.158331,0.032607,0.036645
Small (<100 lines),sysctls.yml,10,200,4776,14,0.060324,0.003201,0.093229,0.156754,0.034834,0.033803
Small (<100 lines),sysctls.yml,10,200,4776,15,0.060955,0.002994,0.095098,0.159047,0.032611,0.037161
Small (<100 lines),sysctls.yml,10,200,4776,16,0.058253,0.002994,0.093491,0.154738,0.035094,0.03411
Small (<100 lines),sysctls.yml,10,200,4776,17,0.061877,0.003144,0.095022,0.160043,0.053268,0.036955
Small (<100 lines),sysctls.yml,10,200,4776,18,0.058766,0.004596,0.164492,0.227854,0.042805,0.037564
Small (<100 lines),sysctls.yml,10,200,4776,19,0.073687,0.007501,0.132235,0.213423,0.034332,0.040171
Small (<100 lines),sysctls.yml,10,200,4776,20,0.066902,0.004037,0.108425,0.179364,0.038342,0.034928
Small (<100 lines),sysctls.yml,10,200,4776,21,0.063961,0.003786,0.105368,0.173115,0.033843,0.038232
Small (<100 lines),sysctls.yml,10,200,4776,22,0.062616,0.003621,0.101159,0.167396,0.036593,0.034382
Small (<100 lines),sysctls.yml,10,200,4776,23,0.062021,0.003317,0.099711,0.165049,0.033137,0.037628
Small (<100 lines),sysctls.yml,10,200,4776,24,0.06155,0.00336,0.098894,0.163804,0.036563,0.033988
Small (<100 lines),sysctls.yml,10,200,4776,25,0.061065,0.003168,0.100367,0.1646,0.033226,0.037462
Small (<100 lines),sysctls.yml,10,200,4776,26,0.060838,0.003299,0.098551,0.162688,0.036021,0.033095
Small (<100 lines),sysctls.yml,10,200,4776,27,0.058673,0.003004,0.095593,0.15727,0.032883,0.036896
Small (<100 lines),sysctls.yml,10,200,4776,28,0.062461,0.00308,0.097542,0.163083,0.035674,0.034018
Small (<100 lines),sysctls.yml,10,200,4776,29,0.060016,0.003127,0.097527,0.16067,0.033241,0.037077
Small (<100 lines),ulimits.yml,8,128,4708,0,0.058045,0.809552,0.22028,1.08788,0.038673,0.02367
Small (<100 lines),ulimits.yml,8,128,4708,1,0.061934,0.004107,0.121296,0.187337,0.024582,0.028355
Small (<100 lines),ulimits.yml,8,128,4708,2,0.052676,0.003714,0.106659,0.163049,0.025458,0.02192
Small (<100 lines),ulimits.yml,8,128,4708,3,0.051227,0.003605,0.092783,0.147615,0.023457,0.027038
Small (<100 lines),ulimits.yml,8,128,4708,4,0.050183,0.003221,0.089032,0.142436,0.024676,0.021454
Small (<100 lines),ulimits.yml,8,128,4708,5,0.04892,0.003051,0.086173,0.138144,0.021424,0.025177
Small (<100 lines),ulimits.yml,8,128,4708,6,0.048691,0.003202,0.104553,0.156446,0.024907,0.021484
Small (<100 lines),ulimits.yml,8,128,4708,7,0.050338,0.003163,0.087863,0.141364,0.023542,0.026053
Small (<100 lines),ulimits.yml,8,128,4708,8,0.048716,0.003116,0.086878,0.13871,0.024219,0.02107
Small (<100 lines),ulimits.yml,8,128,4708,9,0.0502,0.003335,0.091864,0.145399,0.023699,0.026422
Small (<100 lines),ulimits.yml,8,128,4708,10,0.049276,0.003379,0.086106,0.138761,0.026561,0.023224
Small (<100 lines),ulimits.yml,8,128,4708,11,0.049547,0.003078,0.088159,0.140784,0.020882,0.024562
Small (<100 lines),ulimits.yml,8,128,4708,12,0.047774,0.003054,0.084048,0.134876,0.023907,0.02108
Small (<100 lines),ulimits.yml,8,128,4708,13,0.047813,0.003316,0.084122,0.135251,0.020748,0.024259
Small (<100 lines),ulimits.yml,8,128,4708,14,0.047179,0.003044,0.08254,0.132763,0.023909,0.02129
Small (<100 lines),ulimits.yml,8,128,4708,15,0.046936,0.002962,0.082267,0.132165,0.022528,0.026129
Small (<100 lines),ulimits.yml,8,128,4708,16,0.04651,0.002862,0.082808,0.13218,0.025449,0.02302
Small (<100 lines),ulimits.yml,8,128,4708,17,0.046948,0.002885,0.081573,0.131406,0.022522,0.026206
Small (<100 lines),ulimits.yml,8,128,4708,18,0.04701,0.002925,0.08195,0.131885,0.023844,0.021029
Small (<100 lines),ulimits.yml,8,128,4708,19,0.046291,0.002869,0.083315,0.132475,0.022481,0.026163
Small (<100 lines),ulimits.yml,8,128,4708,20,0.046613,0.002828,0.081984,0.131425,0.023815,0.021169
Small (<100 lines),ulimits.yml,8,128,4708,21,0.04644,0.002984,0.081711,0.131135,0.02259,0.025844
Small (<100 lines),ulimits.yml,8,128,4708,22,0.046327,0.002987,0.080808,0.130122,0.025692,0.02323
Small (<100 lines),ulimits.yml,8,128,4708,23,0.046398,0.002891,0.082412,0.131701,0.022432,0.025698
Small (<100 lines),ulimits.yml,8,128,4708,24,0.046538,0.002903,0.08088,0.130321,0.025162,0.023096
Small (<100 lines),ulimits.yml,8,128,4708,25,0.046155,0.002837,0.081246,0.130238,0.022348,0.025846
Small (<100 lines),ulimits.yml,8,128,4708,26,0.046836,0.002842,0.080622,0.1303,0.025396,0.023119
Small (<100 lines),ulimits.yml,8,128,4708,27,0.046335,0.002829,0.091487,0.140651,0.020315,0.024262
Small (<100 lines),ulimits.yml,8,128,4708,28,0.047176,0.003036,0.082324,0.132536,0.023604,0.021168
Small (<100 lines),ulimits.yml,8,128,4708,29,0.04692,0.00289,0.081167,0.130977,0.022427,0.026281
Small (<100 lines),unknown-properties.yml,9,201,4704,0,0.067893,0.79652,0.245462,1.10987,0.042828,0.029742
Small (<100 lines),unknown-properties.yml,9,201,4704,1,0.057542,0.007865,0.082701,0.148108,0.026921,0.033447
Small (<100 lines),unknown-properties.yml,9,201,4704,2,0.040169,0.002331,0.060907,0.103407,0.026327,0.026382
Small (<100 lines),unknown-properties.yml,9,201,4704,3,0.037808,0.002101,0.051659,0.091568,0.025608,0.028351
Small (<100 lines),unknown-properties.yml,9,201,4704,4,0.036767,0.001903,0.049379,0.088049,0.02764,0.026091
Small (<100 lines),unknown-properties.yml,9,201,4704,5,0.035916,0.001762,0.051847,0.089525,0.025443,0.028095
Small (<100 lines),unknown-properties.yml,9,201,4704,6,0.036651,0.001831,0.054002,0.092484,0.028997,0.025964
Small (<100 lines),unknown-properties.yml,9,201,4704,7,0.038042,0.001853,0.051005,0.0909,0.025279,0.027824
Small (<100 lines),unknown-properties.yml,9,201,4704,8,0.035672,0.001764,0.048415,0.085851,0.027222,0.025811
Small (<100 lines),unknown-properties.yml,9,201,4704,9,0.03497,0.001754,0.04827,0.084994,0.025132,0.0277
Small (<100 lines),unknown-properties.yml,9,201,4704,10,0.034998,0.001749,0.04813,0.084877,0.026828,0.025721
Small (<100 lines),unknown-properties.yml,9,201,4704,11,0.03487,0.001727,0.047962,0.084559,0.024779,0.028073
Small (<100 lines),unknown-properties.yml,9,201,4704,12,0.03429,0.001715,0.048051,0.084056,0.027076,0.026016
Small (<100 lines),unknown-properties.yml,9,201,4704,13,0.034573,0.001653,0.049561,0.085787,0.024867,0.028022
Small (<100 lines),unknown-properties.yml,9,201,4704,14,0.035856,0.001722,0.048194,0.085772,0.027077,0.026183
Small (<100 lines),unknown-properties.yml,9,201,4704,15,0.035418,0.001927,0.049751,0.087096,0.025168,0.027976
Small (<100 lines),unknown-properties.yml,9,201,4704,16,0.035378,0.002029,0.049103,0.08651,0.027038,0.026278
Small (<100 lines),unknown-properties.yml,9,201,4704,17,0.035174,0.001797,0.048526,0.085497,0.024795,0.027987
Small (<100 lines),unknown-properties.yml,9,201,4704,18,0.034594,0.001591,0.047837,0.084022,0.026859,0.025924
Small (<100 lines),unknown-properties.yml,9,201,4704,19,0.034548,0.001539,0.047452,0.083539,0.024933,0.027776
Small (<100 lines),unknown-properties.yml,9,201,4704,20,0.034284,0.001686,0.048078,0.084048,0.026933,0.025678
Small (<100 lines),unknown-properties.yml,9,201,4704,21,0.034145,0.001648,0.047711,0.083504,0.024824,0.027667
Small (<100 lines),unknown-properties.yml,9,201,4704,22,0.034809,0.001797,0.047262,0.083868,0.0271,0.025802
Small (<100 lines),unknown-properties.yml,9,201,4704,23,0.034045,0.001518,0.048342,0.083905,0.024955,0.027574
Small (<100 lines),unknown-properties.yml,9,201,4704,24,0.034419,0.001671,0.04766,0.08375,0.027018,0.026008
Small (<100 lines),unknown-properties.yml,9,201,4704,25,0.034646,0.001754,0.048603,0.085003,0.02489,0.027715
Small (<100 lines),unknown-properties.yml,9,201,4704,26,0.036557,0.002157,0.05115,0.089864,0.0274,0.02566
Small (<100 lines),unknown-properties.yml,9,201,4704,27,0.034822,0.002124,0.079445,0.116391,0.024756,0.028303
Small (<100 lines),unknown-properties.yml,9,201,4704,28,0.03616,0.002157,0.049331,0.087648,0.026989,0.025538
Small (<100 lines),unknown-properties.yml,9,201,4704,29,0.034172,0.001632,0.047959,0.083763,0.02505,0.027578
Small (<100 lines),volumes-long.yml,12,198,4708,0,0.066171,0.816464,0.263006,1.14564,0.052751,0.036196
Small (<100 lines),volumes-long.yml,12,198,4708,1,0.077116,0.004962,0.186524,0.268602,0.034586,0.042971
Small (<100 lines),volumes-long.yml,12,198,4708,2,0.075532,0.004629,0.125015,0.205176,0.038515,0.035304
Small (<100 lines),volumes-long.yml,12,198,4708,3,0.071764,0.004089,0.11655,0.192403,0.035094,0.040559
Small (<100 lines),volumes-long.yml,12,198,4708,4,0.070231,0.004195,0.112311,0.186737,0.038189,0.035386
Small (<100 lines),volumes-long.yml,12,198,4708,5,0.069218,0.003705,0.106751,0.179674,0.033267,0.040842
Small (<100 lines),volumes-long.yml,12,198,4708,6,0.066356,0.003554,0.104457,0.174367,0.03661,0.033933
Small (<100 lines),volumes-long.yml,12,198,4708,7,0.06341,0.003234,0.101647,0.168291,0.032225,0.036758
Small (<100 lines),volumes-long.yml,12,198,4708,8,0.064404,0.003329,0.100773,0.168506,0.035612,0.033089
Small (<100 lines),volumes-long.yml,12,198,4708,9,0.06456,0.003551,0.101782,0.169893,0.031928,0.036479
Small (<100 lines),volumes-long.yml,12,198,4708,10,0.061821,0.003378,0.096833,0.162032,0.035416,0.032959
Small (<100 lines),volumes-long.yml,12,198,4708,11,0.062445,0.00335,0.098583,0.164378,0.031672,0.03619
Small (<100 lines),volumes-long.yml,12,198,4708,12,0.062136,0.003363,0.096973,0.162472,0.035379,0.032658
Small (<100 lines),volumes-long.yml,12,198,4708,13,0.062519,0.003155,0.097221,0.162895,0.031786,0.035997
Small (<100 lines),volumes-long.yml,12,198,4708,14,0.062299,0.003216,0.097139,0.162654,0.034931,0.032879
Small (<100 lines),volumes-long.yml,12,198,4708,15,0.10834,0.005436,0.098681,0.212457,0.025531,0.026914
Small (<100 lines),volumes-long.yml,12,198,4708,16,0.047045,0.002667,0.054899,0.104611,0.025606,0.023551
Small (<100 lines),volumes-long.yml,12,198,4708,17,0.041238,0.002052,0.049101,0.092391,0.022586,0.026061
Small (<100 lines),volumes-long.yml,12,198,4708,18,0.040202,0.00202,0.047703,0.089925,0.024384,0.023533
Small (<100 lines),volumes-long.yml,12,198,4708,19,0.039867,0.001773,0.047026,0.088666,0.021953,0.025226
Small (<100 lines),volumes-long.yml,12,198,4708,20,0.039074,0.001814,0.047786,0.088674,0.024885,0.023168
Small (<100 lines),volumes-long.yml,12,198,4708,21,0.039185,0.001743,0.046611,0.087539,0.022361,0.025049
Small (<100 lines),volumes-long.yml,12,198,4708,22,0.038496,0.001873,0.046722,0.087091,0.02416,0.023084
Small (<100 lines),volumes-long.yml,12,198,4708,23,0.038049,0.001767,0.046491,0.086307,0.022284,0.025013
Small (<100 lines),volumes-long.yml,12,198,4708,24,0.038309,0.001768,0.046498,0.086575,0.023986,0.02299
Small (<100 lines),volumes-long.yml,12,198,4708,25,0.038721,0.001695,0.045667,0.086083,0.022082,0.025271
Small (<100 lines),volumes-long.yml,12,198,4708,26,0.038117,0.001711,0.04602,0.085848,0.023821,0.022672
Small (<100 lines),volumes-long.yml,12,198,4708,27,0.038157,0.001743,0.045577,0.085477,0.021732,0.02487
Small (<100 lines),volumes-long.yml,12,198,4708,28,0.038022,0.001842,0.046667,0.086531,0.024026,0.023342
Small (<100 lines),volumes-long.yml,12,198,4708,29,0.038951,0.001739,0.046466,0.087156,0.021951,0.025153
Small (<100 lines),volumes-short.yml,9,150,4704,0,0.063431,0.800024,0.211895,1.07535,0.04212,0.028037
Small (<100 lines),volumes-short.yml,9,150,4704,1,0.05815,0.007031,0.119981,0.185162,0.026854,0.031703
Small (<100 lines),volumes-short.yml,9,150,4704,2,0.053957,0.003812,0.10208,0.159849,0.030401,0.027795
Small (<100 lines),volumes-short.yml,9,150,4704,3,0.053991,0.003587,0.096322,0.1539,0.026964,0.029989
Small (<100 lines),volumes-short.yml,9,150,4704,4,0.052424,0.003236,0.094092,0.149752,0.029571,0.027765
Small (<100 lines),volumes-short.yml,9,150,4704,5,0.051867,0.003134,0.092769,0.14777,0.026492,0.030423
Small (<100 lines),volumes-short.yml,9,150,4704,6,0.051226,0.003123,0.091701,0.14605,0.02947,0.02735
Small (<100 lines),volumes-short.yml,9,150,4704,7,0.052325,0.003083,0.093227,0.148635,0.026776,0.032809
Small (<100 lines),volumes-short.yml,9,150,4704,8,0.049822,0.003043,0.091781,0.144646,0.032192,0.030591
Small (<100 lines),volumes-short.yml,9,150,4704,9,0.051032,0.003124,0.095382,0.149538,0.026791,0.029946
Small (<100 lines),volumes-short.yml,9,150,4704,10,0.051502,0.003264,0.093113,0.147879,0.030153,0.027238
Small (<100 lines),volumes-short.yml,9,150,4704,11,0.07696,0.003343,0.096646,0.176949,0.029276,0.03294
Small (<100 lines),volumes-short.yml,9,150,4704,12,0.05108,0.003083,0.092884,0.147047,0.030514,0.027338
Small (<100 lines),volumes-short.yml,9,150,4704,13,0.050584,0.003234,0.090448,0.144266,0.026699,0.029494
Small (<100 lines),volumes-short.yml,9,150,4704,14,0.051369,0.003191,0.089454,0.144014,0.029516,0.02711
Small (<100 lines),volumes-short.yml,9,150,4704,15,0.050756,0.003049,0.08858,0.142385,0.029982,0.032655
Small (<100 lines),volumes-short.yml,9,150,4704,16,0.048627,0.002954,0.092197,0.143778,0.032315,0.030324
Small (<100 lines),volumes-short.yml,9,150,4704,17,0.049127,0.002983,0.092924,0.145034,0.029583,0.032444
Small (<100 lines),volumes-short.yml,9,150,4704,18,0.049392,0.002961,0.092011,0.144364,0.032754,0.029514
Small (<100 lines),volumes-short.yml,9,150,4704,19,0.058363,0.003213,0.105245,0.166821,0.030779,0.035902
Small (<100 lines),volumes-short.yml,9,150,4704,20,0.056808,0.003767,0.106914,0.167489,0.032012,0.027333
Small (<100 lines),volumes-short.yml,9,150,4704,21,0.054192,0.003444,0.096791,0.154427,0.03183,0.034744
Small (<100 lines),volumes-short.yml,9,150,4704,22,0.056417,0.003908,0.115131,0.175456,0.031542,0.028209
Small (<100 lines),volumes-short.yml,9,150,4704,23,0.056635,0.003686,0.105723,0.166044,0.027816,0.032073
Small (<100 lines),volumes-short.yml,9,150,4704,24,0.055747,0.003737,0.110177,0.169661,0.034322,0.028694
Small (<100 lines),volumes-short.yml,9,150,4704,25,0.059519,0.003733,0.105853,0.169105,0.026634,0.030578
Small (<100 lines),volumes-short.yml,9,150,4704,26,0.051631,0.003266,0.090339,0.145236,0.029804,0.027427
Small (<100 lines),volumes-short.yml,9,150,4704,27,0.050026,0.00297,0.089891,0.142887,0.026522,0.029728
Small (<100 lines),volumes-short.yml,9,150,4704,28,0.049921,0.00287,0.090909,0.1437,0.029033,0.026975
Small (<100 lines),volumes-short.yml,9,150,4704,29,0.061999,0.002958,0.092386,0.157343,0.026351,0.030217
Small (<100 lines),preservation-edge-cases.yml,31,452,4740,0,0.128669,0.826699,0.305872,1.26124,0.098931,0.073699
Small (<100 lines),preservation-edge-cases.yml,31,452,4740,1,0.167656,0.010222,0.28564,0.463518,0.116737,0.156998
Small (<100 lines),preservation-edge-cases.yml,31,452,4740,2,0.174599,0.00874,0.221595,0.404934,0.101885,0.073442
Small (<100 lines),preservation-edge-cases.yml,31,452,4740,3,0.117316,0.004664,0.142238,0.264218,0.068922,0.071905
Small (<100 lines),preservation-edge-cases.yml,31,452,4740,4,0.117857,0.004601,0.142249,0.264707,0.072039,0.068268
Small (<100 lines),preservation-edge-cases.yml,31,452,4740,5,0.115297,0.004369,0.144862,0.264528,0.067902,0.07073
Small (<100 lines),preservation-edge-cases.yml,31,452,4740,6,0.118675,0.004823,0.173815,0.297313,0.078956,0.074571
Small (<100 lines),preservation-edge-cases.yml,31,452,4740,7,0.118669,0.004762,0.149956,0.273387,0.069575,0.073025
Small (<100 lines),preservation-edge-cases.yml,31,452,4740,8,0.129335,0.006163,0.170432,0.30593,0.074565,0.0702
Small (<100 lines),preservation-edge-cases.yml,31,452,4740,9,0.119475,0.00522,0.143509,0.268204,0.074836,0.078126
Small (<100 lines),preservation-edge-cases.yml,31,452,4740,10,0.112913,0.008206,0.134198,0.255317,0.077361,0.073501
Small (<100 lines),preservation-edge-cases.yml,31,452,4740,11,0.111263,0.004338,0.136118,0.251719,0.073925,0.076711
Small (<100 lines),preservation-edge-cases.yml,31,452,4740,12,0.111718,0.004303,0.137274,0.253295,0.069452,0.067068
Small (<100 lines),preservation-edge-cases.yml,31,452,4740,13,0.110674,0.004284,0.129999,0.244957,0.074073,0.07667
Small (<100 lines),preservation-edge-cases.yml,31,452,4740,14,0.110129,0.004249,0.135774,0.250152,0.076174,0.073268
Small (<100 lines),preservation-edge-cases.yml,31,452,4740,15,0.112222,0.004109,0.1334,0.249731,0.075989,0.084027
Small (<100 lines),preservation-edge-cases.yml,31,452,4740,16,0.115099,0.004505,0.140961,0.260565,0.072539,0.069194
Small (<100 lines),preservation-edge-cases.yml,31,452,4740,17,0.110602,0.0042,0.138695,0.253497,0.066374,0.071363
Small (<100 lines),preservation-edge-cases.yml,31,452,4740,18,0.110142,0.004149,0.135922,0.250213,0.071691,0.068505
Small (<100 lines),preservation-edge-cases.yml,31,452,4740,19,0.113668,0.004495,0.13211,0.250273,0.068506,0.071587
Small (<100 lines),preservation-edge-cases.yml,31,452,4740,20,0.111279,0.004391,0.13006,0.24573,0.078141,0.075079
Small (<100 lines),preservation-edge-cases.yml,31,452,4740,21,0.113331,0.004054,0.142586,0.259971,0.072755,0.085075
Small (<100 lines),preservation-edge-cases.yml,31,452,4740,22,0.121666,0.005167,0.149151,0.275984,0.072308,0.069233
Small (<100 lines),preservation-edge-cases.yml,31,452,4740,23,0.120983,0.00492,0.14229,0.268193,0.075738,0.078723
Small (<100 lines),preservation-edge-cases.yml,31,452,4740,24,0.116272,0.004667,0.139962,0.260901,0.071775,0.068481
Small (<100 lines),preservation-edge-cases.yml,31,452,4740,25,0.114541,0.004204,0.145892,0.264637,0.076018,0.078732
Small (<100 lines),preservation-edge-cases.yml,31,452,4740,26,0.114853,0.004411,0.141117,0.260381,0.079136,0.075914
Small (<100 lines),preservation-edge-cases.yml,31,452,4740,27,0.113619,0.004155,0.138152,0.255926,0.075285,0.077168
Small (<100 lines),preservation-edge-cases.yml,31,452,4740,28,0.11375,0.004253,0.133874,0.251877,0.068809,0.066241
Small (<100 lines),preservation-edge-cases.yml,31,452,4740,29,0.109193,0.004143,0.129098,0.242434,0.075336,0.076901
Small (<100 lines),preservation-standard-markers.yml,32,527,4744,0,0.136477,0.788807,0.264003,1.18929,0.097175,0.082364
Small (<100 lines),preservation-standard-markers.yml,32,527,4744,1,0.132668,0.00489,0.170858,0.308416,0.0813,0.085574
Small (<100 lines),preservation-standard-markers.yml,32,527,4744,2,0.132158,0.00846,0.163901,0.304519,0.091124,0.088536
Small (<100 lines),preservation-standard-markers.yml,32,527,4744,3,0.129028,0.004333,0.1745,0.307861,0.079645,0.086219
Small (<100 lines),preservation-standard-markers.yml,32,527,4744,4,0.130911,0.005083,0.162733,0.298727,0.092808,0.087626
Small (<100 lines),preservation-standard-markers.yml,32,527,4744,5,0.128856,0.004671,0.163062,0.296589,0.08835,0.093009
Small (<100 lines),preservation-standard-markers.yml,32,527,4744,6,0.127239,0.004591,0.157823,0.289653,0.087291,0.078462
Small (<100 lines),preservation-standard-markers.yml,32,527,4744,7,0.125972,0.004375,0.149773,0.28012,0.088549,0.093077
Small (<100 lines),preservation-standard-markers.yml,32,527,4744,8,0.125619,0.004309,0.155876,0.285804,0.09139,0.089456
Small (<100 lines),preservation-standard-markers.yml,32,527,4744,9,0.130181,0.00424,0.157901,0.292322,0.081957,0.09293
Small (<100 lines),preservation-standard-markers.yml,32,527,4744,10,0.128304,0.004014,0.149815,0.282133,0.09242,0.089451
Small (<100 lines),preservation-standard-markers.yml,32,527,4744,11,0.128914,0.004146,0.155639,0.288699,0.086228,0.09871
Small (<100 lines),preservation-standard-markers.yml,32,527,4744,12,0.126415,0.004176,0.15539,0.285981,0.080668,0.078487
Small (<100 lines),preservation-standard-markers.yml,32,527,4744,13,0.125864,0.004195,0.146489,0.276548,0.076422,0.081469
Small (<100 lines),preservation-standard-markers.yml,32,527,4744,14,0.125336,0.004296,0.156382,0.286014,0.089819,0.086964
Small (<100 lines),preservation-standard-markers.yml,32,527,4744,15,0.124968,0.004487,0.155874,0.285329,0.0766,0.084174
Small (<100 lines),preservation-standard-markers.yml,32,527,4744,16,0.125567,0.004156,0.14931,0.279033,0.091571,0.090213
Small (<100 lines),preservation-standard-markers.yml,32,527,4744,17,0.130905,0.004639,0.167106,0.30265,0.085207,0.090935
Small (<100 lines),preservation-standard-markers.yml,32,527,4744,18,0.127911,0.004609,0.165898,0.298418,0.083713,0.082537
Small (<100 lines),preservation-standard-markers.yml,32,527,4744,19,0.136182,0.004851,0.166787,0.30782,0.088042,0.096696
Small (<100 lines),preservation-standard-markers.yml,32,527,4744,20,0.141011,0.004757,0.164501,0.310269,0.082191,0.081687
Small (<100 lines),preservation-standard-markers.yml,32,527,4744,21,0.129522,0.00432,0.147762,0.281604,0.087476,0.092172
Small (<100 lines),preservation-standard-markers.yml,32,527,4744,22,0.125791,0.004172,0.153119,0.283082,0.090228,0.0889
Small (<100 lines),preservation-standard-markers.yml,32,527,4744,23,0.126221,0.003889,0.153425,0.283535,0.078148,0.083261
Small (<100 lines),preservation-standard-markers.yml,32,527,4744,24,0.127086,0.004359,0.146262,0.277707,0.080984,0.080435
Small (<100 lines),preservation-standard-markers.yml,32,527,4744,25,0.127172,0.003909,0.142793,0.273874,0.078174,0.082955
Small (<100 lines),preservation-standard-markers.yml,32,527,4744,26,0.126734,0.003829,0.14363,0.274193,0.09027,0.089259
Small (<100 lines),preservation-standard-markers.yml,32,527,4744,27,0.125272,0.00386,0.151194,0.280326,0.0872,0.091748
Small (<100 lines),preservation-standard-markers.yml,32,527,4744,28,0.124992,0.003724,0.151815,0.280531,0.090055,0.080318
Small (<100 lines),preservation-standard-markers.yml,32,527,4744,29,0.127971,0.004027,0.142244,0.274242,0.077774,0.083308
Medium (100-500 lines),full-featured.yml,118,2234,4924,0,0.459187,0.792477,0.520669,1.77233,0.398555,0.351193
Medium (100-500 lines),full-featured.yml,118,2234,4924,1,0.431152,0.007912,0.396817,0.835881,0.394018,0.324367
Medium (100-500 lines),full-featured.yml,118,2234,4924,2,0.432371,0.007816,0.411234,0.851421,0.337083,0.314202
Medium (100-500 lines),full-featured.yml,118,2234,4924,3,0.426896,0.007206,0.387706,0.821808,0.329892,0.31191
Medium (100-500 lines),full-featured.yml,118,2234,4924,4,0.423693,0.007156,0.384995,0.815844,0.340257,0.322011
Medium (100-500 lines),full-featured.yml,118,2234,4924,5,0.414851,0.007291,0.395896,0.818038,0.329804,0.310824
Medium (100-500 lines),full-featured.yml,118,2234,4924,6,0.42273,0.006847,0.394493,0.82407,0.333419,0.313356
Medium (100-500 lines),full-featured.yml,118,2234,4924,7,0.446933,0.007766,0.322252,0.776951,0.219497,0.215479
Medium (100-500 lines),full-featured.yml,118,2234,4924,8,0.362214,0.005711,0.294194,0.662119,0.252049,0.237084
Medium (100-500 lines),full-featured.yml,118,2234,4924,9,0.332652,0.005387,0.286644,0.624683,0.249611,0.236447
Medium (100-500 lines),full-featured.yml,118,2234,4924,10,0.333617,0.00501,0.28149,0.620117,0.261007,0.235706
Medium (100-500 lines),full-featured.yml,118,2234,4924,11,0.330633,0.005234,0.292672,0.628539,0.257498,0.245284
Medium (100-500 lines),full-featured.yml,118,2234,4924,12,0.338034,0.006323,0.296433,0.64079,0.259841,0.239572
Medium (100-500 lines),full-featured.yml,118,2234,4924,13,0.345877,0.006584,0.306769,0.65923,0.253374,0.241655
Medium (100-500 lines),full-featured.yml,118,2234,4924,14,0.368425,0.008034,0.325187,0.701646,0.260271,0.239469
Medium (100-500 lines),full-featured.yml,118,2234,4924,15,0.344243,0.006437,0.297479,0.648159,0.247661,0.237332
Medium (100-500 lines),full-featured.yml,118,2234,4924,16,0.332518,0.00534,0.285569,0.623427,0.252242,0.235645
Medium (100-500 lines),full-featured.yml,118,2234,4924,17,0.328832,0.004953,0.278435,0.61222,0.333461,0.3489
Medium (100-500 lines),full-featured.yml,118,2234,4924,18,0.448496,0.008548,0.392864,0.849908,0.234555,0.209792
Medium (100-500 lines),full-featured.yml,118,2234,4924,19,0.329969,0.010672,0.283184,0.623825,0.217324,0.21666
Medium (100-500 lines),full-featured.yml,118,2234,4924,20,0.294303,0.004698,0.268608,0.567609,0.251019,0.232559
Medium (100-500 lines),full-featured.yml,118,2234,4924,21,0.292637,0.004554,0.273903,0.571094,0.218036,0.229276
Medium (100-500 lines),full-featured.yml,118,2234,4924,22,0.291011,0.004658,0.246372,0.542041,0.22084,0.279359
Medium (100-500 lines),full-featured.yml,118,2234,4924,23,0.299865,0.004974,0.257537,0.562376,0.222514,0.210604
Medium (100-500 lines),full-featured.yml,118,2234,4924,24,0.30784,0.004919,0.27102,0.583779,0.263033,0.227676
Medium (100-500 lines),full-featured.yml,118,2234,4924,25,0.327741,0.00498,0.264913,0.597634,0.226278,0.21542
Medium (100-500 lines),full-featured.yml,118,2234,4924,26,0.291527,0.004543,0.241514,0.537584,0.245892,0.205047
Medium (100-500 lines),full-featured.yml,118,2234,4924,27,0.289758,0.004387,0.244009,0.538154,0.216025,0.206323
Medium (100-500 lines),full-featured.yml,118,2234,4924,28,0.292534,0.004235,0.255545,0.552314,0.251694,0.234486
Medium (100-500 lines),full-featured.yml,118,2234,4924,29,0.331981,0.005191,0.272282,0.609454,0.248335,0.241262
