bucket,file,total_lines,size_bytes,peak_rss_kb,iteration,load_ms,modify_ms,save_ms,total_ms,emit_yamlcpp_ms,emit_preserving_ms
Small (<100 lines),0kkun__tennis-track__.openapi_docker-compose.yml.yml,32,692,4792,0,0.158012,0.823743,0.324183,1.30594,0.144299,0.12873
Small (<100 lines),0kkun__tennis-track__.openapi_docker-compose.yml.yml,32,692,4792,1,0.263652,0.008666,0.194442,0.46676,0.081096,0.083031
Small (<100 lines),0kkun__tennis-track__.openapi_docker-compose.yml.yml,32,692,4792,2,0.115759,0.006096,0.112503,0.234358,0.081308,0.081593
Small (<100 lines),0kkun__tennis-track__.openapi_docker-compose.yml.yml,32,692,4792,3,0.106407,0.002583,0.110152,0.219142,0.069776,0.083447
Small (<100 lines),0kkun__tennis-track__.openapi_docker-compose.yml.yml,32,692,4792,4,0.091798,0.002052,0.103493,0.197343,0.081165,0.080652
Small (<100 lines),0kkun__tennis-track__.openapi_docker-compose.yml.yml,32,692,4792,5,0.104648,0.002381,0.106783,0.213812,0.079014,0.083353
Small (<100 lines),0kkun__tennis-track__.openapi_docker-compose.yml.yml,32,692,4792,6,0.103095,0.00221,0.106375,0.21168,0.080813,0.080682
Small (<100 lines),0kkun__tennis-track__.openapi_docker-compose.yml.yml,32,692,4792,7,0.104581,0.002207,0.108113,0.214901,0.07899,0.083653
Small (<100 lines),0kkun__tennis-track__.openapi_docker-compose.yml.yml,32,692,4792,8,0.110592,0.002463,0.132912,0.245967,0.086838,0.082933
Small (<100 lines),0kkun__tennis-track__.openapi_docker-compose.yml.yml,32,692,4792,9,0.114552,0.002475,0.11218,0.229207,0.078385,0.084896
Small (<100 lines),0kkun__tennis-track__.openapi_docker-compose.yml.yml,32,692,4792,10,0.103576,0.002148,0.122094,0.227818,0.081769,0.081092
Small (<100 lines),0kkun__tennis-track__.openapi_docker-compose.yml.yml,32,692,4792,11,0.105269,0.002517,0.10698,0.214766,0.078552,0.083395
Small (<100 lines),0kkun__tennis-track__.openapi_docker-compose.yml.yml,32,692,4792,12,0.104244,0.002092,0.107646,0.213982,0.08144,0.081118
Small (<100 lines),0kkun__tennis-track__.openapi_docker-compose.yml.yml,32,692,4792,13,0.104022,0.002175,0.105626,0.211823,0.078127,0.082812
Small (<100 lines),0kkun__tennis-track__.openapi_docker-compose.yml.yml,32,692,4792,14,0.103839,0.002237,0.106786,0.212862,0.079886,0.080712
Small (<100 lines),0kkun__tennis-track__.openapi_docker-compose.yml.yml,32,692,4792,15,0.101808,0.002265,0.104774,0.208847,0.078208,0.08305
Small (<100 lines),0kkun__tennis-track__.openapi_docker-compose.yml.yml,32,692,4792,16,0.1032,0.002259,0.117012,0.222471,0.089164,0.117644
Small (<100 lines),0kkun__tennis-track__.openapi_docker-compose.yml.yml,32,692,4792,17,0.132457,0.003222,0.160345,0.296024,0.090085,0.104554
Small (<100 lines),0kkun__tennis-track__.openapi_docker-compose.yml.yml,32,692,4792,18,0.122824,0.003432,0.151771,0.278027,0.089739,0.090062
Small (<100 lines),0kkun__tennis-track__.openapi_docker-compose.yml.yml,32,692,4792,19,0.119557,0.002662,0.145203,0.267422,0.087383,0.091362
Small (<100 lines),0kkun__tennis-track__.openapi_docker-compose.yml.yml,32,692,4792,20,0.141236,0.002475,0.119593,0.263304,0.081743,0.081199
Small (<100 lines),0kkun__tennis-track__.openapi_docker-compose.yml.yml,32,692,4792,21,0.105608,0.002466,0.108067,0.216141,0.078461,0.08268
Small (<100 lines),0kkun__tennis-track__.openapi_docker-compose.yml.yml,32,692,4792,22,0.103456,0.002341,0.106349,0.212146,0.079916,0.080542
Small (<100 lines),0kkun__tennis-track__.openapi_docker-compose.yml.yml,32,692,4792,23,0.103026,0.002161,0.106757,0.211944,0.077861,0.083094
Small (<100 lines),0kkun__tennis-track__.openapi_docker-compose.yml.yml,32,692,4792,24,0.103685,0.002197,0.108685,0.214567,0.081515,0.080888
Small (<100 lines),0kkun__tennis-track__.openapi_docker-compose.yml.yml,32,692,4792,25,0.104111,0.002227,0.106795,0.213133,0.078641,0.083147
Small (<100 lines),0kkun__tennis-track__.openapi_docker-compose.yml.yml,32,692,4792,26,0.102456,0.002186,0.105938,0.21058,0.080345,0.080709
Small (<100 lines),0kkun__tennis-track__.openapi_docker-compose.yml.yml,32,692,4792,27,0.10207,0.002174,0.106958,0.211202,0.078283,0.08352
Small (<100 lines),0kkun__tennis-track__.openapi_docker-compose.yml.yml,32,692,4792,28,0.103934,0.002216,0.10927,0.21542,0.080283,0.080613
Small (<100 lines),0kkun__tennis-track__.openapi_docker-compose.yml.yml,32,692,4792,29,0.102654,0.00213,0.105062,0.209846,0.078256,0.082242
Small (<100 lines),1qzxc__infra__shared-files_docker_gitlabci_docker-compose.yml.yml,19,495,4744,0,0.0922,0.007855,0.154869,0.254924,0.056439,0.027488
Small (<100 lines),1qzxc__infra__shared-files_docker_gitlabci_docker-compose.yml.yml,19,495,4744,1,0.06706,0.0006,0.072295,0.139955,0.047716,0.033462
Small (<100 lines),1qzxc__infra__shared-files_docker_gitlabci_docker-compose.yml.yml,19,495,4744,2,0.061302,0.000534,0.057584,0.11942,0.049605,0.026392
Small (<100 lines),1qzxc__infra__shared-files_docker_gitlabci_docker-compose.yml.yml,19,495,4744,3,0.059371,0.000498,0.052591,0.11246,0.046208,0.028285
Small (<100 lines),1qzxc__infra__shared-files_docker_gitlabci_docker-compose.yml.yml,19,495,4744,4,0.057836,0.000472,0.05138,0.109688,0.048255,0.026184
Small (<100 lines),1qzxc__infra__shared-files_docker_gitlabci_docker-compose.yml.yml,19,495,4744,5,0.057168,0.000407,0.050367,0.107942,0.046209,0.02805
Small (<100 lines),1qzxc__infra__shared-files_docker_gitlabci_docker-compose.yml.yml,19,495,4744,6,0.057218,0.000448,0.050259,0.107925,0.048376,0.025802
Small (<100 lines),1qzxc__infra__shared-files_docker_gitlabci_docker-compose.yml.yml,19,495,4744,7,0.056652,0.000443,0.05031,0.107405,0.045719,0.027492
Small (<100 lines),1qzxc__infra__shared-files_docker_gitlabci_docker-compose.yml.yml,19,495,4744,8,0.056428,0.000479,0.050458,0.107365,0.048029,0.02583
Small (<100 lines),1qzxc__infra__shared-files_docker_gitlabci_docker-compose.yml.yml,19,495,4744,9,0.056853,0.000445,0.050697,0.107995,0.04577,0.027662
Small (<100 lines),1qzxc__infra__shared-files_docker_gitlabci_docker-compose.yml.yml,19,495,4744,10,0.056227,0.0005,0.049623,0.10635,0.047694,0.025832
Small (<100 lines),1qzxc__infra__shared-files_docker_gitlabci_docker-compose.yml.yml,19,495,4744,11,0.056035,0.000479,0.050878,0.107392,0.045958,0.028314
Small (<100 lines),1qzxc__infra__shared-files_docker_gitlabci_docker-compose.yml.yml,19,495,4744,12,0.057698,0.000442,0.051701,0.109841,0.049121,0.025769
Small (<100 lines),1qzxc__infra__shared-files_docker_gitlabci_docker-compose.yml.yml,19,495,4744,13,0.061217,0.00045,0.064973,0.12664,0.047802,0.030839
Small (<100 lines),1qzxc__infra__shared-files_docker_gitlabci_docker-compose.yml.yml,19,495,4744,14,0.073432,0.000427,0.06796,0.141819,0.052936,0.027875
Small (<100 lines),1qzxc__infra__shared-files_docker_gitlabci_docker-compose.yml.yml,19,495,4744,15,0.072382,0.000509,0.059957,0.132848,0.04649,0.030289
Small (<100 lines),1qzxc__infra__shared-files_docker_gitlabci_docker-compose.yml.yml,19,495,4744,16,0.063217,0.000432,0.05507,0.118719,0.049603,0.026171
Small (<100 lines),1qzxc__infra__shared-files_docker_gitlabci_docker-compose.yml.yml,19,495,4744,17,0.06331,0.000574,0.056893,0.120777,0.046071,0.029754
Small (<100 lines),1qzxc__infra__shared-files_docker_gitlabci_docker-compose.yml.yml,19,495,4744,18,0.060355,0.00051,0.071828,0.132693,0.04983,0.025415
Small (<100 lines),1qzxc__infra__shared-files_docker_gitlabci_docker-compose.yml.yml,19,495,4744,19,0.060624,0.000448,0.05219,0.113262,0.04588,0.027413
Small (<100 lines),1qzxc__infra__shared-files_docker_gitlabci_docker-compose.yml.yml,19,495,4744,20,0.056946,0.000447,0.051141,0.108534,0.047998,0.025368
Small (<100 lines),1qzxc__infra__shared-files_docker_gitlabci_docker-compose.yml.yml,19,495,4744,21,0.056309,0.000454,0.049157,0.10592,0.045935,0.027309
Small (<100 lines),1qzxc__infra__shared-files_docker_gitlabci_docker-compose.yml.yml,19,495,4744,22,0.056436,0.000413,0.05065,0.107499,0.047904,0.026239
Small (<100 lines),1qzxc__infra__shared-files_docker_gitlabci_docker-compose.yml.yml,19,495,4744,23,0.057462,0.000614,0.051052,0.109128,0.045999,0.027914
Small (<100 lines),1qzxc__infra__shared-files_docker_gitlabci_docker-compose.yml.yml,19,495,4744,24,0.05692,0.000418,0.050035,0.107373,0.047859,0.025694
Small (<100 lines),1qzxc__infra__shared-files_docker_gitlabci_docker-compose.yml.yml,19,495,4744,25,0.056391,0.00041,0.05046,0.107261,0.045537,0.027723
Small (<100 lines),1qzxc__infra__shared-files_docker_gitlabci_docker-compose.yml.yml,19,495,4744,26,0.056982,0.000386,0.050397,0.107765,0.047702,0.025386
Small (<100 lines),1qzxc__infra__shared-files_docker_gitlabci_docker-compose.yml.yml,19,495,4744,27,0.055629,0.000415,0.049094,0.105138,0.045635,0.027573
Small (<100 lines),1qzxc__infra__shared-files_docker_gitlabci_docker-compose.yml.yml,19,495,4744,28,0.055511,0.000425,0.050627,0.106563,0.047471,0.025523
Small (<100 lines),1qzxc__infra__shared-files_docker_gitlabci_docker-compose.yml.yml,19,495,4744,29,0.055738,0.000396,0.049532,0.105666,0.045674,0.027822
Small (<100 lines),3PillarGlobal__engineering-playbook__dockerized-automation_docker-compose.yml.yml,31,592,4800,0,0.132825,0.812929,0.281942,1.2277,0.091766,0.078167
Small (<100 lines),3PillarGlobal__engineering-playbook__dockerized-automation_docker-compose.yml.yml,31,592,4800,1,0.133153,0.005226,0.189084,0.327463,0.076664,0.081241
Small (<100 lines),3PillarGlobal__engineering-playbook__dockerized-automation_docker-compose.yml.yml,31,592,4800,2,0.126257,0.004717,0.160594,0.291568,0.082673,0.081948
Small (<100 lines),3PillarGlobal__engineering-playbook__dockerized-automation_docker-compose.yml.yml,31,592,4800,3,0.121585,0.004012,0.216774,0.342371,0.058684,0.064854
Small (<100 lines),3PillarGlobal__engineering-playbook__dockerized-automation_docker-compose.yml.yml,31,592,4800,4,0.10696,0.005851,0.097831,0.210642,0.060083,0.058174
Small (<100 lines),3PillarGlobal__engineering-playbook__dockerized-automation_docker-compose.yml.yml,31,592,4800,5,0.087934,0.002675,0.085929,0.176538,0.055913,0.060073
Small (<100 lines),3PillarGlobal__engineering-playbook__dockerized-automation_docker-compose.yml.yml,31,592,4800,6,0.085715,0.002459,0.083737,0.171911,0.057353,0.057183
Small (<100 lines),3PillarGlobal__engineering-playbook__dockerized-automation_docker-compose.yml.yml,31,592,4800,7,0.084993,0.00245,0.082955,0.170398,0.055042,0.058537
Small (<100 lines),3PillarGlobal__engineering-playbook__dockerized-automation_docker-compose.yml.yml,31,592,4800,8,0.084551,0.002399,0.082045,0.168995,0.056741,0.05695
Small (<100 lines),3PillarGlobal__engineering-playbook__dockerized-automation_docker-compose.yml.yml,31,592,4800,9,0.083759,0.002278,0.082702,0.168739,0.054861,0.058955
Small (<100 lines),3PillarGlobal__engineering-playbook__dockerized-automation_docker-compose.yml.yml,31,592,4800,10,0.082888,0.002156,0.082724,0.167768,0.057583,0.056909
Small (<100 lines),3PillarGlobal__engineering-playbook__dockerized-automation_docker-compose.yml.yml,31,592,4800,11,0.082704,0.002197,0.082111,0.167012,0.054124,0.058964
Small (<100 lines),3PillarGlobal__engineering-playbook__dockerized-automation_docker-compose.yml.yml,31,592,4800,12,0.082146,0.002227,0.081393,0.165766,0.056375,0.057039
Small (<100 lines),3PillarGlobal__engineering-playbook__dockerized-automation_docker-compose.yml.yml,31,592,4800,13,0.083026,0.002121,0.082152,0.167299,0.054537,0.058524
Small (<100 lines),3PillarGlobal__engineering-playbook__dockerized-automation_docker-compose.yml.yml,31,592,4800,14,0.081461,0.002208,0.081815,0.165484,0.055959,0.056669
Small (<100 lines),3PillarGlobal__engineering-playbook__dockerized-automation_docker-compose.yml.yml,31,592,4800,15,0.081913,0.00224,0.081162,0.165315,0.05392,0.058718
Small (<100 lines),3PillarGlobal__engineering-playbook__dockerized-automation_docker-compose.yml.yml,31,592,4800,16,0.082295,0.00218,0.083347,0.167822,0.068036,0.057024
Small (<100 lines),3PillarGlobal__engineering-playbook__dockerized-automation_docker-compose.yml.yml,31,592,4800,17,0.083743,0.002262,0.083358,0.169363,0.054992,0.059998
Small (<100 lines),3PillarGlobal__engineering-playbook__dockerized-automation_docker-compose.yml.yml,31,592,4800,18,0.082503,0.002219,0.082572,0.167294,0.05724,0.056317
Small (<100 lines),3PillarGlobal__engineering-playbook__dockerized-automation_docker-compose.yml.yml,31,592,4800,19,0.082364,0.002165,0.082489,0.167018,0.054212,0.059228
Small (<100 lines),3PillarGlobal__engineering-playbook__dockerized-automation_docker-compose.yml.yml,31,592,4800,20,0.081579,0.002322,0.081445,0.165346,0.056846,0.056817
Small (<100 lines),3PillarGlobal__engineering-playbook__dockerized-automation_docker-compose.yml.yml,31,592,4800,21,0.080862,0.002297,0.08167,0.164829,0.053943,0.059035
Small (<100 lines),3PillarGlobal__engineering-playbook__dockerized-automation_docker-compose.yml.yml,31,592,4800,22,0.081631,0.002328,0.080741,0.1647,0.056176,0.057504
Small (<100 lines),3PillarGlobal__engineering-playbook__dockerized-automation_docker-compose.yml.yml,31,592,4800,23,0.081825,0.002355,0.081335,0.165515,0.053894,0.05864
Small (<100 lines),3PillarGlobal__engineering-playbook__dockerized-automation_docker-compose.yml.yml,31,592,4800,24,0.081441,0.002173,0.081466,0.16508,0.055857,0.056923
Small (<100 lines),3PillarGlobal__engineering-playbook__dockerized-automation_docker-compose.yml.yml,31,592,4800,25,0.081841,0.002349,0.0811,0.16529,0.053895,0.059445
Small (<100 lines),3PillarGlobal__engineering-playbook__dockerized-automation_docker-compose.yml.yml,31,592,4800,26,0.082385,0.002826,0.085201,0.170412,0.057544,0.058003
Small (<100 lines),3PillarGlobal__engineering-playbook__dockerized-automation_docker-compose.yml.yml,31,592,4800,27,0.086191,0.002469,0.085614,0.174274,0.0544,0.059656
Small (<100 lines),3PillarGlobal__engineering-playbook__dockerized-automation_docker-compose.yml.yml,31,592,4800,28,0.081638,0.002503,0.082059,0.1662,0.056318,0.056525
Small (<100 lines),3PillarGlobal__engineering-playbook__dockerized-automation_docker-compose.yml.yml,31,592,4800,29,0.083015,0.002779,0.089107,0.174901,0.055822,0.062368
Small (<100 lines),3bsolutionsltd__transconnect-app__docker-compose.yml.yml,81,2077,4916,0,0.377249,0.796561,0.528315,1.70213,0.337081,0.312733
Small (<100 lines),3bsolutionsltd__transconnect-app__docker-compose.yml.yml,81,2077,4916,1,0.369969,0.006251,0.400207,0.776427,0.308491,0.295853
Small (<100 lines),3bsolutionsltd__transconnect-app__docker-compose.yml.yml,81,2077,4916,2,0.362003,0.00577,0.378982,0.746755,0.312167,0.293601
Small (<100 lines),3bsolutionsltd__transconnect-app__docker-compose.yml.yml,81,2077,4916,3,0.361651,0.005112,0.365461,0.732224,0.309347,0.342922
Small (<100 lines),3bsolutionsltd__transconnect-app__docker-compose.yml.yml,81,2077,4916,4,0.367339,0.005594,0.370039,0.742972,0.311256,0.293743
Small (<100 lines),3bsolutionsltd__transconnect-app__docker-compose.yml.yml,81,2077,4916,5,0.365339,0.005169,0.363948,0.734456,0.352568,0.331623
Small (<100 lines),3bsolutionsltd__transconnect-app__docker-compose.yml.yml,81,2077,4916,6,0.372206,0.006151,0.384065,0.762422,0.29151,0.204201
Small (<100 lines),3bsolutionsltd__transconnect-app__docker-compose.yml.yml,81,2077,4916,7,0.274728,0.005698,0.275463,0.555889,0.206791,0.222777
Small (<100 lines),3bsolutionsltd__transconnect-app__docker-compose.yml.yml,81,2077,4916,8,0.244785,0.003799,0.225379,0.473963,0.208334,0.195217
Small (<100 lines),3bsolutionsltd__transconnect-app__docker-compose.yml.yml,81,2077,4916,9,0.24256,0.003277,0.221694,0.467531,0.234095,0.220621
Small (<100 lines),3bsolutionsltd__transconnect-app__docker-compose.yml.yml,81,2077,4916,10,0.274763,0.00342,0.249377,0.52756,0.248957,0.226528
Small (<100 lines),3bsolutionsltd__transconnect-app__docker-compose.yml.yml,81,2077,4916,11,0.277472,0.00372,0.254695,0.535887,0.232403,0.225613
Small (<100 lines),3bsolutionsltd__transconnect-app__docker-compose.yml.yml,81,2077,4916,12,0.27288,0.003594,0.223966,0.50044,0.223111,0.194916
Small (<100 lines),3bsolutionsltd__transconnect-app__docker-compose.yml.yml,81,2077,4916,13,0.238292,0.003077,0.226295,0.467664,0.207851,0.20318
Small (<100 lines),3bsolutionsltd__transconnect-app__docker-compose.yml.yml,81,2077,4916,14,0.241461,0.003507,0.225285,0.470253,0.23259,0.211251
Small (<100 lines),3bsolutionsltd__transconnect-app__docker-compose.yml.yml,81,2077,4916,15,0.240509,0.003127,0.218769,0.462405,0.202503,0.197598
Small (<100 lines),3bsolutionsltd__transconnect-app__docker-compose.yml.yml,81,2077,4916,16,0.237963,0.002992,0.218603,0.459558,0.223491,0.195578
Small (<100 lines),3bsolutionsltd__transconnect-app__docker-compose.yml.yml,81,2077,4916,17,0.238817,0.003189,0.21702,0.459026,0.202704,0.195545
Small (<100 lines),3bsolutionsltd__transconnect-app__docker-compose.yml.yml,81,2077,4916,18,0.235733,0.003014,0.216375,0.455122,0.230893,0.223461
Small (<100 lines),3bsolutionsltd__transconnect-app__docker-compose.yml.yml,81,2077,4916,19,0.273019,0.003452,0.245836,0.522307,0.201492,0.196347
Small (<100 lines),3bsolutionsltd__transconnect-app__docker-compose.yml.yml,81,2077,4916,20,0.238166,0.002976,0.234188,0.47533,0.204005,0.194164
Small (<100 lines),3bsolutionsltd__transconnect-app__docker-compose.yml.yml,81,2077,4916,21,0.236065,0.003013,0.218518,0.457596,0.203029,0.196369
Small (<100 lines),3bsolutionsltd__transconnect-app__docker-compose.yml.yml,81,2077,4916,22,0.238671,0.002985,0.240319,0.481975,0.217747,0.220244
Small (<100 lines),3bsolutionsltd__transconnect-app__docker-compose.yml.yml,81,2077,4916,23,0.239686,0.003101,0.236869,0.479656,0.202395,0.249539
Small (<100 lines),3bsolutionsltd__transconnect-app__docker-compose.yml.yml,81,2077,4916,24,0.239926,0.003163,0.244387,0.487476,0.216016,0.194972
Small (<100 lines),3bsolutionsltd__transconnect-app__docker-compose.yml.yml,81,2077,4916,25,0.239138,0.003345,0.261859,0.504342,0.206462,0.227349
Small (<100 lines),3bsolutionsltd__transconnect-app__docker-compose.yml.yml,81,2077,4916,26,0.271237,0.003949,0.252744,0.52793,0.2356,0.223919
Small (<100 lines),3bsolutionsltd__transconnect-app__docker-compose.yml.yml,81,2077,4916,27,0.27317,0.00338,0.251766,0.528316,0.235988,0.224697
Small (<100 lines),3bsolutionsltd__transconnect-app__docker-compose.yml.yml,81,2077,4916,28,0.237881,0.003155,0.216299,0.457335,0.228251,0.194647
Small (<100 lines),3bsolutionsltd__transconnect-app__docker-compose.yml.yml,81,2077,4916,29,0.238148,0.003015,0.236357,0.47752,0.201329,0.195498
Small (<100 lines),4linux__540__mentoria_compose_frontend2_docker-compose.yml.yml,37,717,4752,0,0.169416,0.810055,0.314412,1.29388,0.135519,0.119157
Small (<100 lines),4linux__540__mentoria_compose_frontend2_docker-compose.yml.yml,37,717,4752,1,0.15567,0.004551,0.214125,0.374346,0.114389,0.120967
Small (<100 lines),4linux__540__mentoria_compose_frontend2_docker-compose.yml.yml,37,717,4752,2,0.158101,0.004129,0.209011,0.371241,0.113052,0.112307
Small (<100 lines),4linux__540__mentoria_compose_frontend2_docker-compose.yml.yml,37,717,4752,3,0.1563,0.004128,0.186655,0.347083,0.108413,0.115193
Small (<100 lines),4linux__540__mentoria_compose_frontend2_docker-compose.yml.yml,37,717,4752,4,0.156358,0.003992,0.183545,0.343895,0.112459,0.111768
Small (<100 lines),4linux__540__mentoria_compose_frontend2_docker-compose.yml.yml,37,717,4752,5,0.154204,0.003987,0.182327,0.340518,0.107907,0.11529
Small (<100 lines),4linux__540__mentoria_compose_frontend2_docker-compose.yml.yml,37,717,4752,6,0.153729,0.003826,0.19868,0.356235,0.112111,0.113117
Small (<100 lines),4linux__540__mentoria_compose_frontend2_docker-compose.yml.yml,37,717,4752,7,0.155799,0.004015,0.197601,0.357415,0.108529,0.116858
Small (<100 lines),4linux__540__mentoria_compose_frontend2_docker-compose.yml.yml,37,717,4752,8,0.151865,0.003789,0.180395,0.336049,0.111843,0.111223
Small (<100 lines),4linux__540__mentoria_compose_frontend2_docker-compose.yml.yml,37,717,4752,9,0.158932,0.005955,0.18461,0.349497,0.111422,0.11522
Small (<100 lines),4linux__540__mentoria_compose_frontend2_docker-compose.yml.yml,37,717,4752,10,0.155709,0.004175,0.203349,0.363233,0.128367,0.125242
Small (<100 lines),4linux__540__mentoria_compose_frontend2_docker-compose.yml.yml,37,717,4752,11,0.152052,0.004121,0.18417,0.340343,0.111741,0.11605
Small (<100 lines),4linux__540__mentoria_compose_frontend2_docker-compose.yml.yml,37,717,4752,12,0.163957,0.00457,0.21199,0.380517,0.133639,0.115474
Small (<100 lines),4linux__540__mentoria_compose_frontend2_docker-compose.yml.yml,37,717,4752,13,0.171577,0.005337,0.206829,0.383743,0.107565,0.115107
Small (<100 lines),4linux__540__mentoria_compose_frontend2_docker-compose.yml.yml,37,717,4752,14,0.154486,0.004305,0.184295,0.343086,0.110767,0.110806
Small (<100 lines),4linux__540__mentoria_compose_frontend2_docker-compose.yml.yml,37,717,4752,15,0.151569,0.003928,0.179464,0.334961,0.118755,0.126979
Small (<100 lines),4linux__540__mentoria_compose_frontend2_docker-compose.yml.yml,37,717,4752,16,0.122236,0.004827,0.144032,0.271095,0.075136,0.075265
Small (<100 lines),4linux__540__mentoria_compose_frontend2_docker-compose.yml.yml,37,717,4752,17,0.103489,0.002623,0.103352,0.209464,0.083231,0.084143
Small (<100 lines),4linux__540__mentoria_compose_frontend2_docker-compose.yml.yml,37,717,4752,18,0.104326,0.0021,0.097713,0.204139,0.076556,0.085279
Small (<100 lines),4linux__540__mentoria_compose_frontend2_docker-compose.yml.yml,37,717,4752,19,0.098451,0.001922,0.102902,0.203275,0.079082,0.082516
Small (<100 lines),4linux__540__mentoria_compose_frontend2_docker-compose.yml.yml,37,717,4752,20,0.098415,0.001889,0.102198,0.202502,0.084093,0.085052
Small (<100 lines),4linux__540__mentoria_compose_frontend2_docker-compose.yml.yml,37,717,4752,21,0.111333,0.002207,0.108989,0.222529,0.081753,0.086617
Small (<100 lines),4linux__540__mentoria_compose_frontend2_docker-compose.yml.yml,37,717,4752,22,0.111242,0.002073,0.109729,0.223044,0.08368,0.08478
Small (<100 lines),4linux__540__mentoria_compose_frontend2_docker-compose.yml.yml,37,717,4752,23,0.111514,0.002247,0.111667,0.225428,0.081206,0.094021
Small (<100 lines),4linux__540__mentoria_compose_frontend2_docker-compose.yml.yml,37,717,4752,24,0.110568,0.002174,0.108883,0.221625,0.082918,0.083806
Small (<100 lines),4linux__540__mentoria_compose_frontend2_docker-compose.yml.yml,37,717,4752,25,0.112336,0.002123,0.109266,0.223725,0.08065,0.093391
Small (<100 lines),4linux__540__mentoria_compose_frontend2_docker-compose.yml.yml,37,717,4752,26,0.111658,0.002199,0.110118,0.223975,0.083862,0.084021
Small (<100 lines),4linux__540__mentoria_compose_frontend2_docker-compose.yml.yml,37,717,4752,27,0.112132,0.002045,0.108305,0.222482,0.081249,0.086646
Small (<100 lines),4linux__540__mentoria_compose_frontend2_docker-compose.yml.yml,37,717,4752,28,0.113057,0.002165,0.108261,0.223483,0.083731,0.083767
Small (<100 lines),4linux__540__mentoria_compose_frontend2_docker-compose.yml.yml,37,717,4752,29,0.111101,0.002137,0.108531,0.221769,0.080866,0.085938
Small (<100 lines),97jsantos__atividade-pratica-modulo-14__docker-compose.yml.yml,61,1711,4756,0,0.305851,0.010542,0.471581,0.787974,0.274618,0.234304
Small (<100 lines),97jsantos__atividade-pratica-modulo-14__docker-compose.yml.yml,61,1711,4756,1,0.310221,0.001655,0.369637,0.681513,0.187213,0.181897
Small (<100 lines),97jsantos__atividade-pratica-modulo-14__docker-compose.yml.yml,61,1711,4756,2,0.246289,0.003126,0.221,0.470415,0.185835,0.177211
Small (<100 lines),97jsantos__atividade-pratica-modulo-14__docker-compose.yml.yml,61,1711,4756,3,0.219499,0.000726,0.206014,0.426239,0.183174,0.178981
Small (<100 lines),97jsantos__atividade-pratica-modulo-14__docker-compose.yml.yml,61,1711,4756,4,0.215413,0.000649,0.208481,0.424543,0.190033,0.181539
Small (<100 lines),97jsantos__atividade-pratica-modulo-14__docker-compose.yml.yml,61,1711,4756,5,0.220647,0.000828,0.207785,0.42926,0.189829,0.180125
Small (<100 lines),97jsantos__atividade-pratica-modulo-14__docker-compose.yml.yml,61,1711,4756,6,0.21656,0.000661,0.203888,0.421109,0.183937,0.175207
Small (<100 lines),97jsantos__atividade-pratica-modulo-14__docker-compose.yml.yml,61,1711,4756,7,0.21391,0.000555,0.202732,0.417197,0.180525,0.176066
Small (<100 lines),97jsantos__atividade-pratica-modulo-14__docker-compose.yml.yml,61,1711,4756,8,0.211947,0.000504,0.200544,0.412995,0.183144,0.17553
Small (<100 lines),97jsantos__atividade-pratica-modulo-14__docker-compose.yml.yml,61,1711,4756,9,0.213497,0.000547,0.207992,0.422036,0.184928,0.181398
Small (<100 lines),97jsantos__atividade-pratica-modulo-14__docker-compose.yml.yml,61,1711,4756,10,0.218588,0.000969,0.206221,0.425778,0.184263,0.198379
Small (<100 lines),97jsantos__atividade-pratica-modulo-14__docker-compose.yml.yml,61,1711,4756,11,0.2172,0.000986,0.205554,0.42374,0.181364,0.177094
Small (<100 lines),97jsantos__atividade-pratica-modulo-14__docker-compose.yml.yml,61,1711,4756,12,0.212502,0.000516,0.202516,0.415534,0.182956,0.175553
Small (<100 lines),97jsantos__atividade-pratica-modulo-14__docker-compose.yml.yml,61,1711,4756,13,0.212203,0.000572,0.200982,0.413757,0.180278,0.176787
Small (<100 lines),97jsantos__atividade-pratica-modulo-14__docker-compose.yml.yml,61,1711,4756,14,0.211317,0.000516,0.200808,0.412641,0.182234,0.175745
Small (<100 lines),97jsantos__atividade-pratica-modulo-14__docker-compose.yml.yml,61,1711,4756,15,0.212289,0.000582,0.200249,0.41312,0.186507,0.176305
Small (<100 lines),97jsantos__atividade-pratica-modulo-14__docker-compose.yml.yml,61,1711,4756,16,0.212757,0.000531,0.201225,0.414513,0.184239,0.176007
Small (<100 lines),97jsantos__atividade-pratica-modulo-14__docker-compose.yml.yml,61,1711,4756,17,0.213451,0.000546,0.203432,0.417429,0.182459,0.177465
Small (<100 lines),97jsantos__atividade-pratica-modulo-14__docker-compose.yml.yml,61,1711,4756,18,0.211941,0.000518,0.213295,0.425754,0.184938,0.17529
Small (<100 lines),97jsantos__atividade-pratica-modulo-14__docker-compose.yml.yml,61,1711,4756,19,0.213149,0.000439,0.207496,0.421084,0.181884,0.178967
Small (<100 lines),97jsantos__atividade-pratica-modulo-14__docker-compose.yml.yml,61,1711,4756,20,0.215206,0.000649,0.202002,0.417857,0.183903,0.175508
Small (<100 lines),97jsantos__atividade-pratica-modulo-14__docker-compose.yml.yml,61,1711,4756,21,0.211713,0.000612,0.201865,0.41419,0.181544,0.177341
Small (<100 lines),97jsantos__atividade-pratica-modulo-14__docker-compose.yml.yml,61,1711,4756,22,0.213126,0.000458,0.202926,0.41651,0.183245,0.17562
Small (<100 lines),97jsantos__atividade-pratica-modulo-14__docker-compose.yml.yml,61,1711,4756,23,0.212592,0.000592,0.20331,0.416494,0.180695,0.176913
Small (<100 lines),97jsantos__atividade-pratica-modulo-14__docker-compose.yml.yml,61,1711,4756,24,0.213039,0.00068,0.202075,0.415794,0.183306,0.178583
Small (<100 lines),97jsantos__atividade-pratica-modulo-14__docker-compose.yml.yml,61,1711,4756,25,0.218546,0.001023,0.217539,0.437108,0.180852,0.179801
Small (<100 lines),97jsantos__atividade-pratica-modulo-14__docker-compose.yml.yml,61,1711,4756,26,0.221248,0.00067,0.205618,0.427536,0.183036,0.175293
Small (<100 lines),97jsantos__atividade-pratica-modulo-14__docker-compose.yml.yml,61,1711,4756,27,0.21093,0.000481,0.202542,0.413953,0.179507,0.176703
Small (<100 lines),97jsantos__atividade-pratica-modulo-14__docker-compose.yml.yml,61,1711,4756,28,0.208316,0.000459,0.202229,0.411004,0.181803,0.175533
Small (<100 lines),97jsantos__atividade-pratica-modulo-14__docker-compose.yml.yml,61,1711,4756,29,0.211685,0.000462,0.203733,0.41588,0.179961,0.17756
Small (<100 lines),AAARRRCCC__richmond-walk-roulette__valhalla_docker-compose.yml.yml,45,2389,4784,0,0.192219,0.815395,0.26407,1.27168,0.088209,0.071758
Small (<100 lines),AAARRRCCC__richmond-walk-roulette__valhalla_docker-compose.yml.yml,45,2389,4784,1,0.197787,0.004537,0.168888,0.371212,0.072886,0.075382
Small (<100 lines),AAARRRCCC__richmond-walk-roulette__valhalla_docker-compose.yml.yml,45,2389,4784,2,0.200161,0.004096,0.147205,0.351462,0.076,0.070816
Small (<100 lines),AAARRRCCC__richmond-walk-roulette__valhalla_docker-compose.yml.yml,45,2389,4784,3,0.18741,0.00382,0.147306,0.338536,0.072418,0.074212
Small (<100 lines),AAARRRCCC__richmond-walk-roulette__valhalla_docker-compose.yml.yml,45,2389,4784,4,0.186129,0.003901,0.142709,0.332739,0.067694,0.063124
Small (<100 lines),AAARRRCCC__richmond-walk-roulette__valhalla_docker-compose.yml.yml,45,2389,4784,5,0.185188,0.003776,0.140978,0.329942,0.071923,0.073871
Small (<100 lines),AAARRRCCC__richmond-walk-roulette__valhalla_docker-compose.yml.yml,45,2389,4784,6,0.185772,0.003752,0.13759,0.327114,0.066947,0.062882
Small (<100 lines),AAARRRCCC__richmond-walk-roulette__valhalla_docker-compose.yml.yml,45,2389,4784,7,0.182257,0.003489,0.135734,0.32148,0.062174,0.065512
Small (<100 lines),AAARRRCCC__richmond-walk-roulette__valhalla_docker-compose.yml.yml,45,2389,4784,8,0.180521,0.003776,0.13795,0.322247,0.065929,0.061044
Small (<100 lines),AAARRRCCC__richmond-walk-roulette__valhalla_docker-compose.yml.yml,45,2389,4784,9,0.179371,0.00341,0.13244,0.315221,0.06951,0.071331
Small (<100 lines),AAARRRCCC__richmond-walk-roulette__valhalla_docker-compose.yml.yml,45,2389,4784,10,0.188525,0.003487,0.178241,0.370253,0.044665,0.040569
Small (<100 lines),AAARRRCCC__richmond-walk-roulette__valhalla_docker-compose.yml.yml,45,2389,4784,11,0.139653,0.00426,0.090382,0.234295,0.041991,0.046896
Small (<100 lines),AAARRRCCC__richmond-walk-roulette__valhalla_docker-compose.yml.yml,45,2389,4784,12,0.127659,0.00206,0.079836,0.209555,0.05069,0.043229
Small (<100 lines),AAARRRCCC__richmond-walk-roulette__valhalla_docker-compose.yml.yml,45,2389,4784,13,0.134109,0.001745,0.072937,0.208791,0.044734,0.047644
Small (<100 lines),AAARRRCCC__richmond-walk-roulette__valhalla_docker-compose.yml.yml,45,2389,4784,14,0.134613,0.001845,0.07134,0.207798,0.047805,0.04477
Small (<100 lines),AAARRRCCC__richmond-walk-roulette__valhalla_docker-compose.yml.yml,45,2389,4784,15,0.132342,0.001784,0.070103,0.204229,0.044835,0.046582
Small (<100 lines),AAARRRCCC__richmond-walk-roulette__valhalla_docker-compose.yml.yml,45,2389,4784,16,0.132053,0.001757,0.068692,0.202502,0.047006,0.044363
Small (<100 lines),AAARRRCCC__richmond-walk-roulette__valhalla_docker-compose.yml.yml,45,2389,4784,17,0.132196,0.001664,0.068559,0.202419,0.044716,0.046488
Small (<100 lines),AAARRRCCC__richmond-walk-roulette__valhalla_docker-compose.yml.yml,45,2389,4784,18,0.131286,0.001689,0.068354,0.201329,0.047039,0.044338
Small (<100 lines),AAARRRCCC__richmond-walk-roulette__valhalla_docker-compose.yml.yml,45,2389,4784,19,0.131708,0.00167,0.06923,0.202608,0.044727,0.045992
Small (<100 lines),AAARRRCCC__richmond-walk-roulette__valhalla_docker-compose.yml.yml,45,2389,4784,20,0.129947,0.001696,0.067985,0.199628,0.046711,0.044361
Small (<100 lines),AAARRRCCC__richmond-walk-roulette__valhalla_docker-compose.yml.yml,45,2389,4784,21,0.130477,0.001762,0.068082,0.200321,0.044486,0.046384
Small (<100 lines),AAARRRCCC__richmond-walk-roulette__valhalla_docker-compose.yml.yml,45,2389,4784,22,0.130407,0.001625,0.071704,0.203736,0.04708,0.044179
Small (<100 lines),AAARRRCCC__richmond-walk-roulette__valhalla_docker-compose.yml.yml,45,2389,4784,23,0.149241,0.00216,0.075186,0.226587,0.045531,0.047557
Small (<100 lines),AAARRRCCC__richmond-walk-roulette__valhalla_docker-compose.yml.yml,45,2389,4784,24,0.140515,0.002815,0.089074,0.232404,0.051301,0.04533
Small (<100 lines),AAARRRCCC__richmond-walk-roulette__valhalla_docker-compose.yml.yml,45,2389,4784,25,0.134077,0.002301,0.071343,0.207721,0.044521,0.046381
Small (<100 lines),AAARRRCCC__richmond-walk-roulette__valhalla_docker-compose.yml.yml,45,2389,4784,26,0.131105,0.001826,0.069624,0.202555,0.046677,0.044401
Small (<100 lines),AAARRRCCC__richmond-walk-roulette__valhalla_docker-compose.yml.yml,45,2389,4784,27,0.130765,0.002002,0.06779,0.200557,0.044443,0.045966
Small (<100 lines),AAARRRCCC__richmond-walk-roulette__valhalla_docker-compose.yml.yml,45,2389,4784,28,0.130434,0.001687,0.06845,0.200571,0.046507,0.044254
Small (<100 lines),AAARRRCCC__richmond-walk-roulette__valhalla_docker-compose.yml.yml,45,2389,4784,29,0.129199,0.001677,0.067701,0.198577,0.044379,0.046213
Small (<100 lines),AAhmed233__microservice_dxc__sonarqube_docker-compose.yml.yml,21,380,4736,0,0.073317,0.594299,0.176503,0.844119,0.052434,0.043908
Small (<100 lines),AAhmed233__microservice_dxc__sonarqube_docker-compose.yml.yml,21,380,4736,1,0.074902,0.00327,0.094433,0.172605,0.043334,0.049576
Small (<100 lines),AAhmed233__microservice_dxc__sonarqube_docker-compose.yml.yml,21,380,4736,2,0.068718,0.002862,0.07734,0.14892,0.043708,0.042762
Small (<100 lines),AAhmed233__microservice_dxc__sonarqube_docker-compose.yml.yml,21,380,4736,3,0.0679,0.002285,0.069767,0.139952,0.042583,0.045337
Small (<100 lines),AAhmed233__microservice_dxc__sonarqube_docker-compose.yml.yml,21,380,4736,4,0.067732,0.002129,0.070718,0.140579,0.044718,0.04298
Small (<100 lines),AAhmed233__microservice_dxc__sonarqube_docker-compose.yml.yml,21,380,4736,5,0.066308,0.002043,0.067699,0.13605,0.041804,0.044542
Small (<100 lines),AAhmed233__microservice_dxc__sonarqube_docker-compose.yml.yml,21,380,4736,6,0.065458,0.002012,0.066252,0.133722,0.043803,0.04221
Small (<100 lines),AAhmed233__microservice_dxc__sonarqube_docker-compose.yml.yml,21,380,4736,7,0.064876,0.001946,0.066647,0.133469,0.041675,0.044233
Small (<100 lines),AAhmed233__microservice_dxc__sonarqube_docker-compose.yml.yml,21,380,4736,8,0.06507,0.002222,0.06565,0.132942,0.043735,0.041697
Small (<100 lines),AAhmed233__microservice_dxc__sonarqube_docker-compose.yml.yml,21,380,4736,9,0.064263,0.002006,0.064936,0.131205,0.040674,0.043696
Small (<100 lines),AAhmed233__microservice_dxc__sonarqube_docker-compose.yml.yml,21,380,4736,10,0.064452,0.001959,0.064749,0.13116,0.04307,0.041685
Small (<100 lines),AAhmed233__microservice_dxc__sonarqube_docker-compose.yml.yml,21,380,4736,11,0.063242,0.00192,0.065078,0.13024,0.081585,0.043985
Small (<100 lines),AAhmed233__microservice_dxc__sonarqube_docker-compose.yml.yml,21,380,4736,12,0.112252,0.004778,0.16784,0.28487,0.063398,0.059724
Small (<100 lines),AAhmed233__microservice_dxc__sonarqube_docker-compose.yml.yml,21,380,4736,13,0.101891,0.004107,0.135323,0.241321,0.058752,0.062412
Small (<100 lines),AAhmed233__microservice_dxc__sonarqube_docker-compose.yml.yml,21,380,4736,14,0.100519,0.003802,0.130464,0.234785,0.062481,0.059159
Small (<100 lines),AAhmed233__microservice_dxc__sonarqube_docker-compose.yml.yml,21,380,4736,15,0.099818,0.003674,0.134321,0.237813,0.065188,0.067773
Small (<100 lines),AAhmed233__microservice_dxc__sonarqube_docker-compose.yml.yml,21,380,4736,16,0.097409,0.003559,0.127901,0.228869,0.061759,0.058437
Small (<100 lines),AAhmed233__microservice_dxc__sonarqube_docker-compose.yml.yml,21,380,4736,17,0.097732,0.003595,0.12661,0.227937,0.058183,0.061506
Small (<100 lines),AAhmed233__microservice_dxc__sonarqube_docker-compose.yml.yml,21,380,4736,18,0.098559,0.003505,0.133599,0.235663,0.062289,0.060461
Small (<100 lines),AAhmed233__microservice_dxc__sonarqube_docker-compose.yml.yml,21,380,4736,19,0.103928,0.004097,0.138363,0.246388,0.058275,0.062277
Small (<100 lines),AAhmed233__microservice_dxc__sonarqube_docker-compose.yml.yml,21,380,4736,20,0.099359,0.003933,0.130659,0.233951,0.065061,0.062142
Small (<100 lines),AAhmed233__microservice_dxc__sonarqube_docker-compose.yml.yml,21,380,4736,21,0.096412,0.003342,0.127043,0.226797,0.061962,0.063959
Small (<100 lines),AAhmed233__microservice_dxc__sonarqube_docker-compose.yml.yml,21,380,4736,22,0.09617,0.003404,0.183128,0.282702,0.053836,0.047428
Small (<100 lines),AAhmed233__microservice_dxc__sonarqube_docker-compose.yml.yml,21,380,4736,23,0.085641,0.004583,0.091243,0.181467,0.043845,0.047192
Small (<100 lines),AAhmed233__microservice_dxc__sonarqube_docker-compose.yml.yml,21,380,4736,24,0.069774,0.00266,0.073126,0.14556,0.044931,0.04257
Small (<100 lines),AAhmed233__microservice_dxc__sonarqube_docker-compose.yml.yml,21,380,4736,25,0.067115,0.002207,0.067785,0.137107,0.041951,0.044047
Small (<100 lines),AAhmed233__microservice_dxc__sonarqube_docker-compose.yml.yml,21,380,4736,26,0.066336,0.002097,0.065958,0.134391,0.043373,0.042077
Small (<100 lines),AAhmed233__microservice_dxc__sonarqube_docker-compose.yml.yml,21,380,4736,27,0.064351,0.002152,0.066542,0.133045,0.041185,0.043943
Small (<100 lines),AAhmed233__microservice_dxc__sonarqube_docker-compose.yml.yml,21,380,4736,28,0.063745,0.002065,0.066401,0.132211,0.04296,0.041415
Small (<100 lines),AAhmed233__microservice_dxc__sonarqube_docker-compose.yml.yml,21,380,4736,29,0.064042,0.001923,0.065603,0.131568,0.041265,0.043697
Small (<100 lines),ALipckin__task-flow-backend__auth_docker-compose.yml.yml,45,984,4784,0,0.337678,1.07251,0.410075,1.82026,0.214964,0.143343
Small (<100 lines),ALipckin__task-flow-backend__auth_docker-compose.yml.yml,45,984,4784,1,0.217258,0.005989,0.248117,0.471364,0.156987,0.133141
Small (<100 lines),ALipckin__task-flow-backend__auth_docker-compose.yml.yml,45,984,4784,2,0.193922,0.005034,0.225046,0.424002,0.157361,0.124339
Small (<100 lines),ALipckin__task-flow-backend__auth_docker-compose.yml.yml,45,984,4784,3,0.194289,0.004618,0.206848,0.405755,0.15331,0.127936
Small (<100 lines),ALipckin__task-flow-backend__auth_docker-compose.yml.yml,45,984,4784,4,0.19414,0.004408,0.206461,0.405009,0.156337,0.12505
Small (<100 lines),ALipckin__task-flow-backend__auth_docker-compose.yml.yml,45,984,4784,5,0.245801,0.0056,0.170179,0.42158,0.106405,0.087608
Small (<100 lines),ALipckin__task-flow-backend__auth_docker-compose.yml.yml,45,984,4784,6,0.13672,0.004086,0.116819,0.257625,0.116203,0.08878
Small (<100 lines),ALipckin__task-flow-backend__auth_docker-compose.yml.yml,45,984,4784,7,0.131672,0.002717,0.108203,0.242592,0.099305,0.083922
Small (<100 lines),ALipckin__task-flow-backend__auth_docker-compose.yml.yml,45,984,4784,8,0.126208,0.002408,0.107482,0.236098,0.111729,0.089055
Small (<100 lines),ALipckin__task-flow-backend__auth_docker-compose.yml.yml,45,984,4784,9,0.125487,0.002231,0.106876,0.234594,0.098506,0.081949
Small (<100 lines),ALipckin__task-flow-backend__auth_docker-compose.yml.yml,45,984,4784,10,0.123282,0.002186,0.106221,0.231689,0.111018,0.09294
Small (<100 lines),ALipckin__task-flow-backend__auth_docker-compose.yml.yml,45,984,4784,11,0.141666,0.002822,0.121622,0.26611,0.113304,0.095234
Small (<100 lines),ALipckin__task-flow-backend__auth_docker-compose.yml.yml,45,984,4784,12,0.143459,0.002634,0.121839,0.267932,0.115324,0.092231
Small (<100 lines),ALipckin__task-flow-backend__auth_docker-compose.yml.yml,45,984,4784,13,0.141966,0.00249,0.135816,0.280272,0.100829,0.092995
Small (<100 lines),ALipckin__task-flow-backend__auth_docker-compose.yml.yml,45,984,4784,14,0.124826,0.002405,0.107349,0.23458,0.111285,0.087735
Small (<100 lines),ALipckin__task-flow-backend__auth_docker-compose.yml.yml,45,984,4784,15,0.122313,0.002243,0.105247,0.229803,0.097689,0.08273
Small (<100 lines),ALipckin__task-flow-backend__auth_docker-compose.yml.yml,45,984,4784,16,0.121592,0.002246,0.107166,0.231004,0.114503,0.07998
Small (<100 lines),ALipckin__task-flow-backend__auth_docker-compose.yml.yml,45,984,4784,17,0.122823,0.00224,0.105456,0.230519,0.097165,0.08203
Small (<100 lines),ALipckin__task-flow-backend__auth_docker-compose.yml.yml,45,984,4784,18,0.122558,0.002351,0.106161,0.23107,0.111905,0.092529
Small (<100 lines),ALipckin__task-flow-backend__auth_docker-compose.yml.yml,45,984,4784,19,0.143966,0.002662,0.120906,0.267534,0.112566,0.094325
Small (<100 lines),ALipckin__task-flow-backend__auth_docker-compose.yml.yml,45,984,4784,20,0.141834,0.002545,0.120762,0.265141,0.101622,0.080372
Small (<100 lines),ALipckin__task-flow-backend__auth_docker-compose.yml.yml,45,984,4784,21,0.122032,0.00224,0.105764,0.230036,0.111622,0.090647
Small (<100 lines),ALipckin__task-flow-backend__auth_docker-compose.yml.yml,45,984,4784,22,0.139092,0.002806,0.138371,0.280269,0.102306,0.079845
Small (<100 lines),ALipckin__task-flow-backend__auth_docker-compose.yml.yml,45,984,4784,23,0.122778,0.002562,0.105522,0.230862,0.106694,0.090489
Small (<100 lines),ALipckin__task-flow-backend__auth_docker-compose.yml.yml,45,984,4784,24,0.122203,0.002362,0.105114,0.229679,0.100284,0.08218
Small (<100 lines),ALipckin__task-flow-backend__auth_docker-compose.yml.yml,45,984,4784,25,0.124881,0.002691,0.116895,0.244467,0.098696,0.09886
Small (<100 lines),ALipckin__task-flow-backend__auth_docker-compose.yml.yml,45,984,4784,26,0.134149,0.003659,0.130683,0.268491,0.10327,0.081781
Small (<100 lines),ALipckin__task-flow-backend__auth_docker-compose.yml.yml,45,984,4784,27,0.131946,0.002888,0.111135,0.245969,0.109434,0.090863
Small (<100 lines),ALipckin__task-flow-backend__auth_docker-compose.yml.yml,45,984,4784,28,0.124651,0.002396,0.109707,0.236754,0.115947,0.093888
Small (<100 lines),ALipckin__task-flow-backend__auth_docker-compose.yml.yml,45,984,4784,29,0.150943,0.004046,0.12912,0.284109,0.097969,0.088024
Small (<100 lines),AP0827__Multi-Threaded-Web-Server__docker-compose.yml.yml,93,2405,4964,0,0.330927,0.523613,0.358737,1.21328,0.256334,0.232312
Small (<100 lines),AP0827__Multi-Threaded-Web-Server__docker-compose.yml.yml,93,2405,4964,1,0.310521,0.003871,0.279098,0.59349,0.278217,0.266941
Small (<100 lines),AP0827__Multi-Threaded-Web-Server__docker-compose.yml.yml,93,2405,4964,2,0.331226,0.004233,0.299239,0.634698,0.279676,0.230471
Small (<100 lines),AP0827__Multi-Threaded-Web-Server__docker-compose.yml.yml,93,2405,4964,3,0.313807,0.003842,0.27697,0.594619,0.241214,0.239385
Small (<100 lines),AP0827__Multi-Threaded-Web-Server__docker-compose.yml.yml,93,2405,4964,4,0.327666,0.003865,0.290103,0.621634,0.278409,0.261198
Small (<100 lines),AP0827__Multi-Threaded-Web-Server__docker-compose.yml.yml,93,2405,4964,5,0.325167,0.003566,0.287919,0.616652,0.27499,0.261872
Small (<100 lines),AP0827__Multi-Threaded-Web-Server__docker-compose.yml.yml,93,2405,4964,6,0.328243,0.003228,0.265422,0.596893,0.25877,0.229839
Small (<100 lines),AP0827__Multi-Threaded-Web-Server__docker-compose.yml.yml,93,2405,4964,7,0.333296,0.003663,0.288673,0.625632,0.276752,0.265012
Small (<100 lines),AP0827__Multi-Threaded-Web-Server__docker-compose.yml.yml,93,2405,4964,8,0.341786,0.003898,0.308024,0.653708,0.279686,0.263781
Small (<100 lines),AP0827__Multi-Threaded-Web-Server__docker-compose.yml.yml,93,2405,4964,9,0.341022,0.003843,0.293038,0.637903,0.274729,0.272125
Small (<100 lines),AP0827__Multi-Threaded-Web-Server__docker-compose.yml.yml,93,2405,4964,10,0.328598,0.003891,0.292113,0.624602,0.276627,0.260603
Small (<100 lines),AP0827__Multi-Threaded-Web-Server__docker-compose.yml.yml,93,2405,4964,11,0.32981,0.003575,0.288572,0.621957,0.275056,0.261477
Small (<100 lines),AP0827__Multi-Threaded-Web-Server__docker-compose.yml.yml,93,2405,4964,12,0.32639,0.003449,0.287995,0.617834,0.276851,0.269691
Small (<100 lines),AP0827__Multi-Threaded-Web-Server__docker-compose.yml.yml,93,2405,4964,13,0.329498,0.003767,0.292871,0.626136,0.276928,0.262524
Small (<100 lines),AP0827__Multi-Threaded-Web-Server__docker-compose.yml.yml,93,2405,4964,14,0.324789,0.003624,0.289204,0.617617,0.2784,0.262505
Small (<100 lines),AP0827__Multi-Threaded-Web-Server__docker-compose.yml.yml,93,2405,4964,15,0.329423,0.00368,0.290047,0.62315,0.275668,0.260975
Small (<100 lines),AP0827__Multi-Threaded-Web-Server__docker-compose.yml.yml,93,2405,4964,16,0.327381,0.003645,0.305025,0.636051,0.279218,0.26101
Small (<100 lines),AP0827__Multi-Threaded-Web-Server__docker-compose.yml.yml,93,2405,4964,17,0.328482,0.003866,0.287996,0.620344,0.274443,0.26034
Small (<100 lines),AP0827__Multi-Threaded-Web-Server__docker-compose.yml.yml,93,2405,4964,18,0.328305,0.003542,0.290098,0.621945,0.278907,0.262232
Small (<100 lines),AP0827__Multi-Threaded-Web-Server__docker-compose.yml.yml,93,2405,4964,19,0.324929,0.003608,0.287606,0.616143,0.275608,0.284352
Small (<100 lines),AP0827__Multi-Threaded-Web-Server__docker-compose.yml.yml,93,2405,4964,20,0.328644,0.00398,0.290563,0.623187,0.277986,0.260779
Small (<100 lines),AP0827__Multi-Threaded-Web-Server__docker-compose.yml.yml,93,2405,4964,21,0.328272,0.003652,0.290159,0.622083,0.277307,0.263249
Small (<100 lines),AP0827__Multi-Threaded-Web-Server__docker-compose.yml.yml,93,2405,4964,22,0.331142,0.004487,0.302518,0.638147,0.280125,0.261826
Small (<100 lines),AP0827__Multi-Threaded-Web-Server__docker-compose.yml.yml,93,2405,4964,23,0.337351,0.004419,0.287548,0.629318,0.274059,0.26084
Small (<100 lines),AP0827__Multi-Threaded-Web-Server__docker-compose.yml.yml,93,2405,4964,24,0.296122,0.003221,0.252214,0.551557,0.272079,0.260935
Small (<100 lines),AP0827__Multi-Threaded-Web-Server__docker-compose.yml.yml,93,2405,4964,25,0.298822,0.003476,0.251619,0.553917,0.238942,0.228055
Small (<100 lines),AP0827__Multi-Threaded-Web-Server__docker-compose.yml.yml,93,2405,4964,26,0.315564,0.003192,0.277152,0.595908,0.274916,0.229224
Small (<100 lines),AP0827__Multi-Threaded-Web-Server__docker-compose.yml.yml,93,2405,4964,27,0.310739,0.003376,0.25456,0.568675,0.239286,0.245948
Small (<100 lines),AP0827__Multi-Threaded-Web-Server__docker-compose.yml.yml,93,2405,4964,28,0.337381,0.003702,0.289026,0.630109,0.278119,0.261774
Small (<100 lines),AP0827__Multi-Threaded-Web-Server__docker-compose.yml.yml,93,2405,4964,29,0.330801,0.003808,0.265535,0.600144,0.274529,0.256086
Small (<100 lines),AbdullahSholi__DOS_Project_Part1__docker-compose.yml.yml,64,1329,4804,0,0.283495,0.730675,0.293255,1.30743,0.166073,0.135604
Small (<100 lines),AbdullahSholi__DOS_Project_Part1__docker-compose.yml.yml,64,1329,4804,1,0.218913,0.004875,0.188517,0.412305,0.151037,0.159206
Small (<100 lines),AbdullahSholi__DOS_Project_Part1__docker-compose.yml.yml,64,1329,4804,2,0.200273,0.00362,0.190444,0.394337,0.150292,0.151808
Small (<100 lines),AbdullahSholi__DOS_Project_Part1__docker-compose.yml.yml,64,1329,4804,3,0.19798,0.003285,0.185177,0.386442,0.150459,0.159998
Small (<100 lines),AbdullahSholi__DOS_Project_Part1__docker-compose.yml.yml,64,1329,4804,4,0.216516,0.006354,0.2091,0.43197,0.155064,0.161139
Small (<100 lines),AbdullahSholi__DOS_Project_Part1__docker-compose.yml.yml,64,1329,4804,5,0.299764,0.006888,0.344024,0.650676,0.202948,0.212708
Small (<100 lines),AbdullahSholi__DOS_Project_Part1__docker-compose.yml.yml,64,1329,4804,6,0.273797,0.006,0.309859,0.589656,0.231233,0.23156
Small (<100 lines),AbdullahSholi__DOS_Project_Part1__docker-compose.yml.yml,64,1329,4804,7,0.270616,0.005799,0.287315,0.56373,0.201263,0.208371
Small (<100 lines),AbdullahSholi__DOS_Project_Part1__docker-compose.yml.yml,64,1329,4804,8,0.264768,0.005189,0.284022,0.553979,0.22993,0.23926
Small (<100 lines),AbdullahSholi__DOS_Project_Part1__docker-compose.yml.yml,64,1329,4804,9,0.271392,0.005315,0.289327,0.566034,0.224486,0.233096
Small (<100 lines),AbdullahSholi__DOS_Project_Part1__docker-compose.yml.yml,64,1329,4804,10,0.267228,0.005301,0.279411,0.55194,0.198291,0.200362
Small (<100 lines),AbdullahSholi__DOS_Project_Part1__docker-compose.yml.yml,64,1329,4804,11,0.259409,0.004946,0.28,0.544355,0.200422,0.206064
Small (<100 lines),AbdullahSholi__DOS_Project_Part1__docker-compose.yml.yml,64,1329,4804,12,0.267774,0.005588,0.285425,0.558787,0.223735,0.222572
Small (<100 lines),AbdullahSholi__DOS_Project_Part1__docker-compose.yml.yml,64,1329,4804,13,0.258698,0.00521,0.2852,0.549108,0.193601,0.202136
Small (<100 lines),AbdullahSholi__DOS_Project_Part1__docker-compose.yml.yml,64,1329,4804,14,0.255089,0.005213,0.284323,0.544625,0.197851,0.199615
Small (<100 lines),AbdullahSholi__DOS_Project_Part1__docker-compose.yml.yml,64,1329,4804,15,0.257741,0.004878,0.270769,0.533388,0.218058,0.226304
Small (<100 lines),AbdullahSholi__DOS_Project_Part1__docker-compose.yml.yml,64,1329,4804,16,0.25391,0.004706,0.274582,0.533198,0.201572,0.201142
Small (<100 lines),AbdullahSholi__DOS_Project_Part1__docker-compose.yml.yml,64,1329,4804,17,0.264268,0.005056,0.28136,0.550684,0.193639,0.201236
Small (<100 lines),AbdullahSholi__DOS_Project_Part1__docker-compose.yml.yml,64,1329,4804,18,0.256007,0.004847,0.270772,0.531626,0.196857,0.200275
Small (<100 lines),AbdullahSholi__DOS_Project_Part1__docker-compose.yml.yml,64,1329,4804,19,0.256261,0.004561,0.270939,0.531761,0.196658,0.202003
Small (<100 lines),AbdullahSholi__DOS_Project_Part1__docker-compose.yml.yml,64,1329,4804,20,0.272785,0.005404,0.282503,0.560692,0.198706,0.2031
Small (<100 lines),AbdullahSholi__DOS_Project_Part1__docker-compose.yml.yml,64,1329,4804,21,0.26592,0.005119,0.284522,0.555561,0.194635,0.208088
Small (<100 lines),AbdullahSholi__DOS_Project_Part1__docker-compose.yml.yml,64,1329,4804,22,0.259343,0.005209,0.275476,0.540028,0.222614,0.222957
Small (<100 lines),AbdullahSholi__DOS_Project_Part1__docker-compose.yml.yml,64,1329,4804,23,0.253509,0.005103,0.275965,0.534577,0.217562,0.225562
Small (<100 lines),AbdullahSholi__DOS_Project_Part1__docker-compose.yml.yml,64,1329,4804,24,0.257076,0.004757,0.294454,0.556287,0.221623,0.223147
Small (<100 lines),AbdullahSholi__DOS_Project_Part1__docker-compose.yml.yml,64,1329,4804,25,0.265294,0.004836,0.294298,0.564428,0.193559,0.202652
Small (<100 lines),AbdullahSholi__DOS_Project_Part1__docker-compose.yml.yml,64,1329,4804,26,0.258149,0.004931,0.270262,0.533342,0.22383,0.226198
Small (<100 lines),AbdullahSholi__DOS_Project_Part1__docker-compose.yml.yml,64,1329,4804,27,0.255199,0.004532,0.280166,0.539897,0.196869,0.203758
Small (<100 lines),AbdullahSholi__DOS_Project_Part1__docker-compose.yml.yml,64,1329,4804,28,0.264218,0.006212,0.287269,0.557699,0.198106,0.19935
Small (<100 lines),AbdullahSholi__DOS_Project_Part1__docker-compose.yml.yml,64,1329,4804,29,0.269856,0.005304,0.271961,0.547121,0.192264,0.201786
Small (<100 lines),Aish2140__movie-recommender-endee__docker-compose.yml.yml,35,764,4768,0,0.162263,0.803261,0.328145,1.29367,0.137167,0.10465
Small (<100 lines),Aish2140__movie-recommender-endee__docker-compose.yml.yml,35,764,4768,1,0.16451,0.00516,0.241036,0.410706,0.075896,0.084559
Small (<100 lines),Aish2140__movie-recommender-endee__docker-compose.yml.yml,35,764,4768,2,0.136752,0.004773,0.125101,0.266626,0.094943,0.076665
Small (<100 lines),Aish2140__movie-recommender-endee__docker-compose.yml.yml,35,764,4768,3,0.119352,0.003072,0.108225,0.230649,0.08427,0.080783
Small (<100 lines),Aish2140__movie-recommender-endee__docker-compose.yml.yml,35,764,4768,4,0.118654,0.00263,0.120252,0.241536,0.085596,0.075795
Small (<100 lines),Aish2140__movie-recommender-endee__docker-compose.yml.yml,35,764,4768,5,0.115447,0.002478,0.102584,0.220509,0.081136,0.078751
Small (<100 lines),Aish2140__movie-recommender-endee__docker-compose.yml.yml,35,764,4768,6,0.113933,0.002434,0.102071,0.218438,0.083902,0.074733
Small (<100 lines),Aish2140__movie-recommender-endee__docker-compose.yml.yml,35,764,4768,7,0.113213,0.002467,0.104038,0.219718,0.082249,0.078719
Small (<100 lines),Aish2140__movie-recommender-endee__docker-compose.yml.yml,35,764,4768,8,0.113977,0.002275,0.102448,0.2187,0.085097,0.075742
Small (<100 lines),Aish2140__movie-recommender-endee__docker-compose.yml.yml,35,764,4768,9,0.113328,0.002391,0.102973,0.218692,0.081304,0.078558
Small (<100 lines),Aish2140__movie-recommender-endee__docker-compose.yml.yml,35,764,4768,10,0.111669,0.002164,0.099613,0.213446,0.084227,0.075092
Small (<100 lines),Aish2140__movie-recommender-endee__docker-compose.yml.yml,35,764,4768,11,0.111508,0.002241,0.118586,0.232335,0.081273,0.07835
Small (<100 lines),Aish2140__movie-recommender-endee__docker-compose.yml.yml,35,764,4768,12,0.11289,0.002564,0.100725,0.216179,0.084971,0.07494
Small (<100 lines),Aish2140__movie-recommender-endee__docker-compose.yml.yml,35,764,4768,13,0.111516,0.002251,0.101463,0.21523,0.079658,0.077731
Small (<100 lines),Aish2140__movie-recommender-endee__docker-compose.yml.yml,35,764,4768,14,0.111524,0.002269,0.100726,0.214519,0.084051,0.075454
Small (<100 lines),Aish2140__movie-recommender-endee__docker-compose.yml.yml,35,764,4768,15,0.114006,0.002298,0.100618,0.216922,0.081512,0.077895
Small (<100 lines),Aish2140__movie-recommender-endee__docker-compose.yml.yml,35,764,4768,16,0.111713,0.002273,0.100917,0.214903,0.083272,0.074788
Small (<100 lines),Aish2140__movie-recommender-endee__docker-compose.yml.yml,35,764,4768,17,0.111991,0.002246,0.100192,0.214429,0.0806,0.077579
Small (<100 lines),Aish2140__movie-recommender-endee__docker-compose.yml.yml,35,764,4768,18,0.112837,0.002898,0.10657,0.222305,0.085198,0.077088
Small (<100 lines),Aish2140__movie-recommender-endee__docker-compose.yml.yml,35,764,4768,19,0.118106,0.002864,0.110877,0.231847,0.080581,0.080633
Small (<100 lines),Aish2140__movie-recommender-endee__docker-compose.yml.yml,35,764,4768,20,0.11417,0.002634,0.101765,0.218569,0.082673,0.074779
Small (<100 lines),Aish2140__movie-recommender-endee__docker-compose.yml.yml,35,764,4768,21,0.112354,0.002376,0.099104,0.213834,0.081176,0.086308
Small (<100 lines),Aish2140__movie-recommender-endee__docker-compose.yml.yml,35,764,4768,22,0.114432,0.002624,0.104328,0.221384,0.082459,0.073664
Small (<100 lines),Aish2140__movie-recommender-endee__docker-compose.yml.yml,35,764,4768,23,0.110643,0.002248,0.098869,0.21176,0.078732,0.076263
Small (<100 lines),Aish2140__movie-recommender-endee__docker-compose.yml.yml,35,764,4768,24,0.111127,0.002275,0.09828,0.211682,0.081154,0.073784
Small (<100 lines),Aish2140__movie-recommender-endee__docker-compose.yml.yml,35,764,4768,25,0.11027,0.002253,0.098813,0.211336,0.079904,0.076696
Small (<100 lines),Aish2140__movie-recommender-endee__docker-compose.yml.yml,35,764,4768,26,0.111659,0.002303,0.098807,0.212769,0.082302,0.074798
Small (<100 lines),Aish2140__movie-recommender-endee__docker-compose.yml.yml,35,764,4768,27,0.110598,0.002249,0.098157,0.211004,0.079587,0.076516
Small (<100 lines),Aish2140__movie-recommender-endee__docker-compose.yml.yml,35,764,4768,28,0.10975,0.002271,0.098029,0.21005,0.081578,0.073684
Small (<100 lines),Aish2140__movie-recommender-endee__docker-compose.yml.yml,35,764,4768,29,0.11186,0.002226,0.09876,0.212846,0.078991,0.076229
Small (<100 lines),Akash112004__ChaiGallery__docker-compose.yml.yml,16,310,4768,0,0.08476,0.820362,0.271157,1.17628,0.069703,0.053929
Small (<100 lines),Akash112004__ChaiGallery__docker-compose.yml.yml,16,310,4768,1,0.091693,0.00416,0.164141,0.259994,0.058374,0.061611
Small (<100 lines),Akash112004__ChaiGallery__docker-compose.yml.yml,16,310,4768,2,0.086253,0.004505,0.141482,0.23224,0.05786,0.054342
Small (<100 lines),Akash112004__ChaiGallery__docker-compose.yml.yml,16,310,4768,3,0.084625,0.003998,0.144288,0.232911,0.054351,0.05775
Small (<100 lines),Akash112004__ChaiGallery__docker-compose.yml.yml,16,310,4768,4,0.09667,0.004008,0.140882,0.24156,0.056095,0.05207
Small (<100 lines),Akash112004__ChaiGallery__docker-compose.yml.yml,16,310,4768,5,0.083561,0.004464,0.1308,0.218825,0.051697,0.054733
Small (<100 lines),Akash112004__ChaiGallery__docker-compose.yml.yml,16,310,4768,6,0.083818,0.003926,0.129344,0.217088,0.056654,0.05161
Small (<100 lines),Akash112004__ChaiGallery__docker-compose.yml.yml,16,310,4768,7,0.085986,0.004193,0.142139,0.232318,0.051323,0.05602
Small (<100 lines),Akash112004__ChaiGallery__docker-compose.yml.yml,16,310,4768,8,0.085738,0.003934,0.136215,0.225887,0.057215,0.052033
Small (<100 lines),Akash112004__ChaiGallery__docker-compose.yml.yml,16,310,4768,9,0.087016,0.004041,0.159812,0.250869,0.054034,0.059665
Small (<100 lines),Akash112004__ChaiGallery__docker-compose.yml.yml,16,310,4768,10,0.097328,0.004386,0.140786,0.2425,0.056296,0.051382
Small (<100 lines),Akash112004__ChaiGallery__docker-compose.yml.yml,16,310,4768,11,0.085453,0.003981,0.131946,0.22138,0.052236,0.053925
Small (<100 lines),Akash112004__ChaiGallery__docker-compose.yml.yml,16,310,4768,12,0.083533,0.003904,0.138711,0.226148,0.057719,0.053285
Small (<100 lines),Akash112004__ChaiGallery__docker-compose.yml.yml,16,310,4768,13,0.083553,0.003909,0.132187,0.219649,0.049681,0.054853
Small (<100 lines),Akash112004__ChaiGallery__docker-compose.yml.yml,16,310,4768,14,0.080658,0.003779,0.121762,0.206199,0.053131,0.049985
Small (<100 lines),Akash112004__ChaiGallery__docker-compose.yml.yml,16,310,4768,15,0.079689,0.003388,0.120892,0.203969,0.050317,0.065352
Small (<100 lines),Akash112004__ChaiGallery__docker-compose.yml.yml,16,310,4768,16,0.079753,0.003596,0.128197,0.211546,0.058417,0.055044
Small (<100 lines),Akash112004__ChaiGallery__docker-compose.yml.yml,16,310,4768,17,0.080921,0.003266,0.127374,0.211561,0.049467,0.053903
Small (<100 lines),Akash112004__ChaiGallery__docker-compose.yml.yml,16,310,4768,18,0.080958,0.003365,0.124532,0.208855,0.053346,0.050413
Small (<100 lines),Akash112004__ChaiGallery__docker-compose.yml.yml,16,310,4768,19,0.080692,0.003398,0.134092,0.218182,0.050174,0.053818
Small (<100 lines),Akash112004__ChaiGallery__docker-compose.yml.yml,16,310,4768,20,0.081611,0.004029,0.131658,0.217298,0.058102,0.053431
Small (<100 lines),Akash112004__ChaiGallery__docker-compose.yml.yml,16,310,4768,21,0.08628,0.004241,0.147486,0.238007,0.052039,0.057659
Small (<100 lines),Akash112004__ChaiGallery__docker-compose.yml.yml,16,310,4768,22,0.082092,0.003793,0.125237,0.211122,0.054516,0.051632
Small (<100 lines),Akash112004__ChaiGallery__docker-compose.yml.yml,16,310,4768,23,0.079618,0.003248,0.129284,0.21215,0.052228,0.057177
Small (<100 lines),Akash112004__ChaiGallery__docker-compose.yml.yml,16,310,4768,24,0.081111,0.003514,0.136416,0.221041,0.058033,0.052985
Small (<100 lines),Akash112004__ChaiGallery__docker-compose.yml.yml,16,310,4768,25,0.089899,0.00425,0.154796,0.248945,0.052112,0.058561
Small (<100 lines),Akash112004__ChaiGallery__docker-compose.yml.yml,16,310,4768,26,0.082148,0.003605,0.128939,0.214692,0.054259,0.05073
Small (<100 lines),Akash112004__ChaiGallery__docker-compose.yml.yml,16,310,4768,27,0.0784,0.003493,0.17215,0.254043,0.05183,0.056571
Small (<100 lines),Akash112004__ChaiGallery__docker-compose.yml.yml,16,310,4768,28,0.080011,0.003763,0.128735,0.212509,0.054859,0.052383
Small (<100 lines),Akash112004__ChaiGallery__docker-compose.yml.yml,16,310,4768,29,0.078994,0.003528,0.123845,0.206367,0.051465,0.055945
Small (<100 lines),Alanaktion__artdeck__docker-compose.yml.yml,72,2043,4844,0,0.316065,0.940302,0.414183,1.67055,0.210731,0.135425
Small (<100 lines),Alanaktion__artdeck__docker-compose.yml.yml,72,2043,4844,1,0.255829,0.009955,0.21033,0.476114,0.187637,0.131443
Small (<100 lines),Alanaktion__artdeck__docker-compose.yml.yml,72,2043,4844,2,0.234244,0.004062,0.177666,0.415972,0.187631,0.131765
Small (<100 lines),Alanaktion__artdeck__docker-compose.yml.yml,72,2043,4844,3,0.232331,0.003379,0.177536,0.413246,0.185176,0.136617
Small (<100 lines),Alanaktion__artdeck__docker-compose.yml.yml,72,2043,4844,4,0.229945,0.003569,0.165578,0.399092,0.187308,0.130642
Small (<100 lines),Alanaktion__artdeck__docker-compose.yml.yml,72,2043,4844,5,0.227814,0.003325,0.194052,0.425191,0.18662,0.133582
Small (<100 lines),Alanaktion__artdeck__docker-compose.yml.yml,72,2043,4844,6,0.228486,0.003702,0.162863,0.395051,0.188075,0.131713
Small (<100 lines),Alanaktion__artdeck__docker-compose.yml.yml,72,2043,4844,7,0.226913,0.003315,0.159387,0.389615,0.184656,0.131127
Small (<100 lines),Alanaktion__artdeck__docker-compose.yml.yml,72,2043,4844,8,0.225086,0.003207,0.159079,0.387372,0.185972,0.129902
Small (<100 lines),Alanaktion__artdeck__docker-compose.yml.yml,72,2043,4844,9,0.230832,0.003224,0.167393,0.401449,0.187841,0.136719
Small (<100 lines),Alanaktion__artdeck__docker-compose.yml.yml,72,2043,4844,10,0.225794,0.003809,0.165201,0.394804,0.189381,0.140111
Small (<100 lines),Alanaktion__artdeck__docker-compose.yml.yml,72,2043,4844,11,0.227276,0.003473,0.163481,0.39423,0.18644,0.132984
Small (<100 lines),Alanaktion__artdeck__docker-compose.yml.yml,72,2043,4844,12,0.226731,0.00331,0.161528,0.391569,0.188359,0.130794
Small (<100 lines),Alanaktion__artdeck__docker-compose.yml.yml,72,2043,4844,13,0.226791,0.003244,0.158115,0.38815,0.184128,0.130717
Small (<100 lines),Alanaktion__artdeck__docker-compose.yml.yml,72,2043,4844,14,0.22397,0.00332,0.157787,0.385077,0.185612,0.129232
Small (<100 lines),Alanaktion__artdeck__docker-compose.yml.yml,72,2043,4844,15,0.224927,0.00325,0.157617,0.385794,0.18267,0.130179
Small (<100 lines),Alanaktion__artdeck__docker-compose.yml.yml,72,2043,4844,16,0.223111,0.00328,0.16746,0.393851,0.188261,0.131481
Small (<100 lines),Alanaktion__artdeck__docker-compose.yml.yml,72,2043,4844,17,0.22544,0.003252,0.159562,0.388254,0.184085,0.129914
Small (<100 lines),Alanaktion__artdeck__docker-compose.yml.yml,72,2043,4844,18,0.225941,0.003288,0.157834,0.387063,0.187066,0.129313
Small (<100 lines),Alanaktion__artdeck__docker-compose.yml.yml,72,2043,4844,19,0.225429,0.003309,0.158374,0.387112,0.182775,0.131454
Small (<100 lines),Alanaktion__artdeck__docker-compose.yml.yml,72,2043,4844,20,0.228084,0.003426,0.165892,0.397402,0.189871,0.13298
Small (<100 lines),Alanaktion__artdeck__docker-compose.yml.yml,72,2043,4844,21,0.224689,0.003378,0.160967,0.389034,0.184754,0.130779
Small (<100 lines),Alanaktion__artdeck__docker-compose.yml.yml,72,2043,4844,22,0.234141,0.003395,0.159957,0.397493,0.187131,0.129444
Small (<100 lines),Alanaktion__artdeck__docker-compose.yml.yml,72,2043,4844,23,0.224694,0.003185,0.160126,0.388005,0.182454,0.131291
Small (<100 lines),Alanaktion__artdeck__docker-compose.yml.yml,72,2043,4844,24,0.223747,0.003338,0.160624,0.387709,0.187774,0.130671
Small (<100 lines),Alanaktion__artdeck__docker-compose.yml.yml,72,2043,4844,25,0.232194,0.003214,0.159483,0.394891,0.184454,0.132453
Small (<100 lines),Alanaktion__artdeck__docker-compose.yml.yml,72,2043,4844,26,0.228472,0.004083,0.163746,0.396301,0.186131,0.130234
Small (<100 lines),Alanaktion__artdeck__docker-compose.yml.yml,72,2043,4844,27,0.226861,0.003163,0.158128,0.388152,0.182982,0.14213
Small (<100 lines),Alanaktion__artdeck__docker-compose.yml.yml,72,2043,4844,28,0.225676,0.00325,0.172807,0.401733,0.188567,0.13118
Small (<100 lines),Alanaktion__artdeck__docker-compose.yml.yml,72,2043,4844,29,0.224556,0.003327,0.16188,0.389763,0.184396,0.131344
Small (<100 lines),Alexandra2888__eShop__docker-compose.yml.yml,48,1057,4840,0,0.151979,0.586461,0.245247,0.983687,0.132487,0.119424
Small (<100 lines),Alexandra2888__eShop__docker-compose.yml.yml,48,1057,4840,1,0.15391,0.004651,0.175793,0.334354,0.120801,0.119519
Small (<100 lines),Alexandra2888__eShop__docker-compose.yml.yml,48,1057,4840,2,0.150434,0.003231,0.154467,0.308132,0.122296,0.118748
Small (<100 lines),Alexandra2888__eShop__docker-compose.yml.yml,48,1057,4840,3,0.14778,0.002884,0.148781,0.299445,0.119532,0.12034
Small (<100 lines),Alexandra2888__eShop__docker-compose.yml.yml,48,1057,4840,4,0.14907,0.003114,0.149678,0.301862,0.12665,0.118652
Small (<100 lines),Alexandra2888__eShop__docker-compose.yml.yml,48,1057,4840,5,0.146815,0.00285,0.148663,0.298328,0.118272,0.119837
Small (<100 lines),Alexandra2888__eShop__docker-compose.yml.yml,48,1057,4840,6,0.145801,0.002657,0.145768,0.294226,0.119605,0.118419
Small (<100 lines),Alexandra2888__eShop__docker-compose.yml.yml,48,1057,4840,7,0.143702,0.002843,0.145765,0.29231,0.117254,0.118844
Small (<100 lines),Alexandra2888__eShop__docker-compose.yml.yml,48,1057,4840,8,0.144305,0.002649,0.143504,0.290458,0.118491,0.117152
Small (<100 lines),Alexandra2888__eShop__docker-compose.yml.yml,48,1057,4840,9,0.144624,0.002674,0.145768,0.293066,0.117588,0.119752
Small (<100 lines),Alexandra2888__eShop__docker-compose.yml.yml,48,1057,4840,10,0.146559,0.00311,0.145938,0.295607,0.119877,0.118036
Small (<100 lines),Alexandra2888__eShop__docker-compose.yml.yml,48,1057,4840,11,0.147321,0.002736,0.14377,0.293827,0.117783,0.119014
Small (<100 lines),Alexandra2888__eShop__docker-compose.yml.yml,48,1057,4840,12,0.151887,0.00299,0.145229,0.300106,0.119846,0.11748
Small (<100 lines),Alexandra2888__eShop__docker-compose.yml.yml,48,1057,4840,13,0.144258,0.002707,0.144061,0.291026,0.117553,0.118867
Small (<100 lines),Alexandra2888__eShop__docker-compose.yml.yml,48,1057,4840,14,0.143907,0.002714,0.143435,0.290056,0.11849,0.118031
Small (<100 lines),Alexandra2888__eShop__docker-compose.yml.yml,48,1057,4840,15,0.143777,0.002566,0.143125,0.289468,0.116666,0.118671
Small (<100 lines),Alexandra2888__eShop__docker-compose.yml.yml,48,1057,4840,16,0.143482,0.00258,0.143186,0.289248,0.118622,0.118452
Small (<100 lines),Alexandra2888__eShop__docker-compose.yml.yml,48,1057,4840,17,0.143333,0.00254,0.142736,0.288609,0.117812,0.119079
Small (<100 lines),Alexandra2888__eShop__docker-compose.yml.yml,48,1057,4840,18,0.145367,0.003072,0.146534,0.294973,0.120434,0.118879
Small (<100 lines),Alexandra2888__eShop__docker-compose.yml.yml,48,1057,4840,19,0.146647,0.002837,0.157549,0.307033,0.116019,0.119318
Small (<100 lines),Alexandra2888__eShop__docker-compose.yml.yml,48,1057,4840,20,0.144585,0.002624,0.144781,0.29199,0.118229,0.117349
Small (<100 lines),Alexandra2888__eShop__docker-compose.yml.yml,48,1057,4840,21,0.145699,0.002613,0.142996,0.291308,0.116892,0.11947
Small (<100 lines),Alexandra2888__eShop__docker-compose.yml.yml,48,1057,4840,22,0.143149,0.002469,0.142464,0.288082,0.118648,0.117131
Small (<100 lines),Alexandra2888__eShop__docker-compose.yml.yml,48,1057,4840,23,0.144132,0.002535,0.144702,0.291369,0.116848,0.118653
Small (<100 lines),Alexandra2888__eShop__docker-compose.yml.yml,48,1057,4840,24,0.143647,0.002526,0.144169,0.290342,0.119859,0.116961
Small (<100 lines),Alexandra2888__eShop__docker-compose.yml.yml,48,1057,4840,25,0.145163,0.002754,0.144841,0.292758,0.116183,0.118284
Small (<100 lines),Alexandra2888__eShop__docker-compose.yml.yml,48,1057,4840,26,0.143947,0.002739,0.142852,0.289538,0.118605,0.120114
Small (<100 lines),Alexandra2888__eShop__docker-compose.yml.yml,48,1057,4840,27,0.142983,0.002729,0.141549,0.287261,0.116586,0.11855
Small (<100 lines),Alexandra2888__eShop__docker-compose.yml.yml,48,1057,4840,28,0.142967,0.002626,0.143746,0.289339,0.118094,0.11682
Small (<100 lines),Alexandra2888__eShop__docker-compose.yml.yml,48,1057,4840,29,0.143225,0.002656,0.143205,0.289086,0.117454,0.119002
Small (<100 lines),Alexestgrand__RoyalChess__docker-compose.yml.yml,39,943,4812,0,0.20824,0.804421,0.326188,1.33885,0.178229,0.134287
Small (<100 lines),Alexestgrand__RoyalChess__docker-compose.yml.yml,39,943,4812,1,0.196026,0.004593,0.247716,0.448335,0.168171,0.141031
Small (<100 lines),Alexestgrand__RoyalChess__docker-compose.yml.yml,39,943,4812,2,0.198903,0.004919,0.221963,0.425785,0.15456,0.130882
Small (<100 lines),Alexestgrand__RoyalChess__docker-compose.yml.yml,39,943,4812,3,0.206674,0.004481,0.223139,0.434294,0.150233,0.134845
Small (<100 lines),Alexestgrand__RoyalChess__docker-compose.yml.yml,39,943,4812,4,0.186568,0.004189,0.199978,0.390735,0.150739,0.127237
Small (<100 lines),Alexestgrand__RoyalChess__docker-compose.yml.yml,39,943,4812,5,0.186228,0.004055,0.198077,0.38836,0.14548,0.131065
Small (<100 lines),Alexestgrand__RoyalChess__docker-compose.yml.yml,39,943,4812,6,0.183949,0.003908,0.196785,0.384642,0.158159,0.130066
Small (<100 lines),Alexestgrand__RoyalChess__docker-compose.yml.yml,39,943,4812,7,0.185513,0.004237,0.206133,0.395883,0.15796,0.148525
Small (<100 lines),Alexestgrand__RoyalChess__docker-compose.yml.yml,39,943,4812,8,0.184708,0.003956,0.216602,0.405266,0.164081,0.141206
Small (<100 lines),Alexestgrand__RoyalChess__docker-compose.yml.yml,39,943,4812,9,0.192572,0.005201,0.215766,0.413539,0.149688,0.134645
Small (<100 lines),Alexestgrand__RoyalChess__docker-compose.yml.yml,39,943,4812,10,0.190187,0.004398,0.201393,0.395978,0.150652,0.1294
Small (<100 lines),Alexestgrand__RoyalChess__docker-compose.yml.yml,39,943,4812,11,0.181742,0.003725,0.203977,0.389444,0.148907,0.13293
Small (<100 lines),Alexestgrand__RoyalChess__docker-compose.yml.yml,39,943,4812,12,0.183049,0.003932,0.198767,0.385748,0.153951,0.132874
Small (<100 lines),Alexestgrand__RoyalChess__docker-compose.yml.yml,39,943,4812,13,0.19903,0.004671,0.216696,0.420397,0.14559,0.133211
Small (<100 lines),Alexestgrand__RoyalChess__docker-compose.yml.yml,39,943,4812,14,0.185899,0.004121,0.201499,0.391519,0.157538,0.129547
Small (<100 lines),Alexestgrand__RoyalChess__docker-compose.yml.yml,39,943,4812,15,0.183083,0.003845,0.19802,0.384948,0.147684,0.131125
Small (<100 lines),Alexestgrand__RoyalChess__docker-compose.yml.yml,39,943,4812,16,0.181059,0.003799,0.200083,0.384941,0.159737,0.127419
Small (<100 lines),Alexestgrand__RoyalChess__docker-compose.yml.yml,39,943,4812,17,0.180933,0.003722,0.195228,0.379883,0.156718,0.145981
Small (<100 lines),Alexestgrand__RoyalChess__docker-compose.yml.yml,39,943,4812,18,0.182101,0.003749,0.196201,0.382051,0.146961,0.125573
Small (<100 lines),Alexestgrand__RoyalChess__docker-compose.yml.yml,39,943,4812,19,0.182649,0.003735,0.195366,0.38175,0.151985,0.143581
Small (<100 lines),Alexestgrand__RoyalChess__docker-compose.yml.yml,39,943,4812,20,0.181061,0.003824,0.204034,0.388919,0.146846,0.126731
Small (<100 lines),Alexestgrand__RoyalChess__docker-compose.yml.yml,39,943,4812,21,0.18209,0.00382,0.195256,0.381166,0.143244,0.128578
Small (<100 lines),Alexestgrand__RoyalChess__docker-compose.yml.yml,39,943,4812,22,0.179565,0.003736,0.195554,0.378855,0.146166,0.125449
Small (<100 lines),Alexestgrand__RoyalChess__docker-compose.yml.yml,39,943,4812,23,0.184634,0.003752,0.194314,0.3827,0.142857,0.12874
Small (<100 lines),Alexestgrand__RoyalChess__docker-compose.yml.yml,39,943,4812,24,0.181644,0.003571,0.200301,0.385516,0.158909,0.12902
Small (<100 lines),Alexestgrand__RoyalChess__docker-compose.yml.yml,39,943,4812,25,0.18681,0.004534,0.203448,0.394792,0.143732,0.128449
Small (<100 lines),Alexestgrand__RoyalChess__docker-compose.yml.yml,39,943,4812,26,0.180162,0.003853,0.207561,0.391576,0.146683,0.125008
Small (<100 lines),Alexestgrand__RoyalChess__docker-compose.yml.yml,39,943,4812,27,0.18512,0.003681,0.194979,0.38378,0.143058,0.128151
Small (<100 lines),Alexestgrand__RoyalChess__docker-compose.yml.yml,39,943,4812,28,0.179797,0.003677,0.193712,0.377186,0.165867,0.139913
Small (<100 lines),Alexestgrand__RoyalChess__docker-compose.yml.yml,39,943,4812,29,0.180726,0.003692,0.217058,0.401476,0.172319,0.15192
Small (<100 lines),Alijewa25__Eco-Audit-AI-ggc__docker-compose.yml.yml,59,1068,4804,0,0.233523,0.814734,0.398299,1.44656,0.191575,0.158644
Small (<100 lines),Alijewa25__Eco-Audit-AI-ggc__docker-compose.yml.yml,59,1068,4804,1,0.231035,0.007694,0.265948,0.504677,0.162292,0.16176
Small (<100 lines),Alijewa25__Eco-Audit-AI-ggc__docker-compose.yml.yml,59,1068,4804,2,0.224062,0.004496,0.261754,0.490312,0.166027,0.158199
Small (<100 lines),Alijewa25__Eco-Audit-AI-ggc__docker-compose.yml.yml,59,1068,4804,3,0.219733,0.004165,0.23703,0.460928,0.16093,0.160754
Small (<100 lines),Alijewa25__Eco-Audit-AI-ggc__docker-compose.yml.yml,59,1068,4804,4,0.216535,0.004357,0.232937,0.453829,0.164481,0.157074
Small (<100 lines),Alijewa25__Eco-Audit-AI-ggc__docker-compose.yml.yml,59,1068,4804,5,0.217715,0.004301,0.244574,0.46659,0.159393,0.160277
Small (<100 lines),Alijewa25__Eco-Audit-AI-ggc__docker-compose.yml.yml,59,1068,4804,6,0.215799,0.004293,0.233731,0.453823,0.163991,0.157414
Small (<100 lines),Alijewa25__Eco-Audit-AI-ggc__docker-compose.yml.yml,59,1068,4804,7,0.216964,0.004069,0.232606,0.453639,0.159322,0.160533
Small (<100 lines),Alijewa25__Eco-Audit-AI-ggc__docker-compose.yml.yml,59,1068,4804,8,0.215261,0.004276,0.230477,0.450014,0.165324,0.169049
Small (<100 lines),Alijewa25__Eco-Audit-AI-ggc__docker-compose.yml.yml,59,1068,4804,9,0.22803,0.005022,0.24966,0.482712,0.159316,0.160093
Small (<100 lines),Alijewa25__Eco-Audit-AI-ggc__docker-compose.yml.yml,59,1068,4804,10,0.228281,0.005051,0.241816,0.475148,0.127367,0.119872
Small (<100 lines),Alijewa25__Eco-Audit-AI-ggc__docker-compose.yml.yml,59,1068,4804,11,0.188253,0.012166,0.171693,0.372112,0.121654,0.119302
Small (<100 lines),Alijewa25__Eco-Audit-AI-ggc__docker-compose.yml.yml,59,1068,4804,12,0.16687,0.003205,0.150788,0.320863,0.122795,0.11861
Small (<100 lines),Alijewa25__Eco-Audit-AI-ggc__docker-compose.yml.yml,59,1068,4804,13,0.166015,0.002938,0.147876,0.316829,0.120101,0.118901
Small (<100 lines),Alijewa25__Eco-Audit-AI-ggc__docker-compose.yml.yml,59,1068,4804,14,0.163156,0.002811,0.146491,0.312458,0.120755,0.117096
Small (<100 lines),Alijewa25__Eco-Audit-AI-ggc__docker-compose.yml.yml,59,1068,4804,15,0.161448,0.002669,0.143535,0.307652,0.118787,0.117761
Small (<100 lines),Alijewa25__Eco-Audit-AI-ggc__docker-compose.yml.yml,59,1068,4804,16,0.159609,0.002564,0.144581,0.306754,0.119372,0.116617
Small (<100 lines),Alijewa25__Eco-Audit-AI-ggc__docker-compose.yml.yml,59,1068,4804,17,0.169045,0.003017,0.148144,0.320206,0.120129,0.119994
Small (<100 lines),Alijewa25__Eco-Audit-AI-ggc__docker-compose.yml.yml,59,1068,4804,18,0.162627,0.002933,0.146978,0.312538,0.121299,0.117496
Small (<100 lines),Alijewa25__Eco-Audit-AI-ggc__docker-compose.yml.yml,59,1068,4804,19,0.161331,0.002821,0.147656,0.311808,0.118871,0.119023
Small (<100 lines),Alijewa25__Eco-Audit-AI-ggc__docker-compose.yml.yml,59,1068,4804,20,0.160454,0.003232,0.144209,0.307895,0.1191,0.117014
Small (<100 lines),Alijewa25__Eco-Audit-AI-ggc__docker-compose.yml.yml,59,1068,4804,21,0.160149,0.002856,0.14279,0.305795,0.120399,0.118744
Small (<100 lines),Alijewa25__Eco-Audit-AI-ggc__docker-compose.yml.yml,59,1068,4804,22,0.169471,0.004023,0.158648,0.332142,0.121811,0.118948
Small (<100 lines),Alijewa25__Eco-Audit-AI-ggc__docker-compose.yml.yml,59,1068,4804,23,0.164724,0.00311,0.146169,0.314003,0.118034,0.120337
Small (<100 lines),Alijewa25__Eco-Audit-AI-ggc__docker-compose.yml.yml,59,1068,4804,24,0.167996,0.003016,0.145302,0.316314,0.119703,0.117194
Small (<100 lines),Alijewa25__Eco-Audit-AI-ggc__docker-compose.yml.yml,59,1068,4804,25,0.16157,0.002919,0.144312,0.308801,0.117427,0.119347
Small (<100 lines),Alijewa25__Eco-Audit-AI-ggc__docker-compose.yml.yml,59,1068,4804,26,0.160519,0.002666,0.144072,0.307257,0.118906,0.117184
Small (<100 lines),Alijewa25__Eco-Audit-AI-ggc__docker-compose.yml.yml,59,1068,4804,27,0.160299,0.00262,0.143291,0.30621,0.116739,0.119153
Small (<100 lines),Alijewa25__Eco-Audit-AI-ggc__docker-compose.yml.yml,59,1068,4804,28,0.161456,0.002867,0.146016,0.310339,0.122962,0.117425
Small (<100 lines),Alijewa25__Eco-Audit-AI-ggc__docker-compose.yml.yml,59,1068,4804,29,0.162419,0.002744,0.145277,0.31044,0.11666,0.118482
Medium (100-500 lines),9Roflander__BigData-Labs-UNIME__Lab3_docker-compose.yml.yml,115,3936,4824,0,0.463834,0.80762,0.522461,1.79391,0.357807,0.2764
Medium (100-500 lines),9Roflander__BigData-Labs-UNIME__Lab3_docker-compose.yml.yml,115,3936,4824,1,0.454069,0.006408,0.387384,0.847861,0.338336,0.286013
Medium (100-500 lines),9Roflander__BigData-Labs-UNIME__Lab3_docker-compose.yml.yml,115,3936,4824,2,0.459292,0.006001,0.381851,0.847144,0.338109,0.268941
Medium (100-500 lines),9Roflander__BigData-Labs-UNIME__Lab3_docker-compose.yml.yml,115,3936,4824,3,0.448632,0.005581,0.366869,0.821082,0.319977,0.284228
Medium (100-500 lines),9Roflander__BigData-Labs-UNIME__Lab3_docker-compose.yml.yml,115,3936,4824,4,0.438872,0.005973,0.473513,0.918358,0.221175,0.182395
Medium (100-500 lines),9Roflander__BigData-Labs-UNIME__Lab3_docker-compose.yml.yml,115,3936,4824,5,0.32227,0.005776,0.215341,0.543387,0.211341,0.19785
Medium (100-500 lines),9Roflander__BigData-Labs-UNIME__Lab3_docker-compose.yml.yml,115,3936,4824,6,0.293126,0.003169,0.205763,0.502058,0.213363,0.178093
Medium (100-500 lines),9Roflander__BigData-Labs-UNIME__Lab3_docker-compose.yml.yml,115,3936,4824,7,0.290409,0.002962,0.204188,0.497559,0.210292,0.1954
Medium (100-500 lines),9Roflander__BigData-Labs-UNIME__Lab3_docker-compose.yml.yml,115,3936,4824,8,0.288931,0.00294,0.203558,0.495429,0.238241,0.178057
Medium (100-500 lines),9Roflander__BigData-Labs-UNIME__Lab3_docker-compose.yml.yml,115,3936,4824,9,0.287952,0.002921,0.217278,0.508151,0.208921,0.196105
Medium (100-500 lines),9Roflander__BigData-Labs-UNIME__Lab3_docker-compose.yml.yml,115,3936,4824,10,0.290752,0.002935,0.204334,0.498021,0.211608,0.177724
Medium (100-500 lines),9Roflander__BigData-Labs-UNIME__Lab3_docker-compose.yml.yml,115,3936,4824,11,0.290421,0.002743,0.205137,0.498301,0.209375,0.196747
Medium (100-500 lines),9Roflander__BigData-Labs-UNIME__Lab3_docker-compose.yml.yml,115,3936,4824,12,0.286724,0.002992,0.201839,0.491555,0.210722,0.195397
Medium (100-500 lines),9Roflander__BigData-Labs-UNIME__Lab3_docker-compose.yml.yml,115,3936,4824,13,0.303288,0.00271,0.207979,0.513977,0.209084,0.198193
Medium (100-500 lines),9Roflander__BigData-Labs-UNIME__Lab3_docker-compose.yml.yml,115,3936,4824,14,0.291527,0.002749,0.204204,0.49848,0.211119,0.177827
Medium (100-500 lines),9Roflander__BigData-Labs-UNIME__Lab3_docker-compose.yml.yml,115,3936,4824,15,0.286672,0.00262,0.202896,0.492188,0.207821,0.202069
Medium (100-500 lines),9Roflander__BigData-Labs-UNIME__Lab3_docker-compose.yml.yml,115,3936,4824,16,0.287584,0.00264,0.200562,0.490786,0.210327,0.177332
Medium (100-500 lines),9Roflander__BigData-Labs-UNIME__Lab3_docker-compose.yml.yml,115,3936,4824,17,0.29058,0.002605,0.254318,0.547503,0.210466,0.194552
Medium (100-500 lines),9Roflander__BigData-Labs-UNIME__Lab3_docker-compose.yml.yml,115,3936,4824,18,0.288071,0.003042,0.22267,0.513783,0.218263,0.177078
Medium (100-500 lines),9Roflander__BigData-Labs-UNIME__Lab3_docker-compose.yml.yml,115,3936,4824,19,0.288404,0.003186,0.202204,0.493794,0.244905,0.201492
Medium (100-500 lines),9Roflander__BigData-Labs-UNIME__Lab3_docker-compose.yml.yml,115,3936,4824,20,0.335871,0.004441,0.255051,0.595363,0.21528,0.17735
Medium (100-500 lines),9Roflander__BigData-Labs-UNIME__Lab3_docker-compose.yml.yml,115,3936,4824,21,0.290944,0.003909,0.231617,0.52647,0.209155,0.194182
Medium (100-500 lines),9Roflander__BigData-Labs-UNIME__Lab3_docker-compose.yml.yml,115,3936,4824,22,0.293243,0.0028,0.202743,0.498786,0.212129,0.178215
Medium (100-500 lines),9Roflander__BigData-Labs-UNIME__Lab3_docker-compose.yml.yml,115,3936,4824,23,0.289885,0.002528,0.203265,0.495678,0.208428,0.197878
Medium (100-500 lines),9Roflander__BigData-Labs-UNIME__Lab3_docker-compose.yml.yml,115,3936,4824,24,0.288948,0.00273,0.208915,0.500593,0.215178,0.1812
Medium (100-500 lines),9Roflander__BigData-Labs-UNIME__Lab3_docker-compose.yml.yml,115,3936,4824,25,0.2936,0.002681,0.20724,0.503521,0.223476,0.198304
Medium (100-500 lines),9Roflander__BigData-Labs-UNIME__Lab3_docker-compose.yml.yml,115,3936,4824,26,0.292845,0.003346,0.213425,0.509616,0.216314,0.184476
Medium (100-500 lines),9Roflander__BigData-Labs-UNIME__Lab3_docker-compose.yml.yml,115,3936,4824,27,0.302261,0.002752,0.225968,0.530981,0.219611,0.187167
Medium (100-500 lines),9Roflander__BigData-Labs-UNIME__Lab3_docker-compose.yml.yml,115,3936,4824,28,0.29995,0.003316,0.212734,0.516,0.234328,0.187277
Medium (100-500 lines),9Roflander__BigData-Labs-UNIME__Lab3_docker-compose.yml.yml,115,3936,4824,29,0.301391,0.003228,0.215145,0.519764,0.21771,0.186116
Medium (100-500 lines),Akin-ctrl__Stock_pipeline__docker-compose.yml.yml,360,9841,5388,0,1.45848,0.52007,1.06291,3.04146,0.956042,0.907361
Medium (100-500 lines),Akin-ctrl__Stock_pipeline__docker-compose.yml.yml,360,9841,5388,1,1.03575,0.010762,0.969023,2.01554,0.970357,0.921584
Medium (100-500 lines),Akin-ctrl__Stock_pipeline__docker-compose.yml.yml,360,9841,5388,2,1.0386,0.012064,0.945183,1.99585,1.03821,0.965262
Medium (100-500 lines),Akin-ctrl__Stock_pipeline__docker-compose.yml.yml,360,9841,5388,3,1.03459,0.01137,0.926423,1.97239,1.00525,0.902616
Medium (100-500 lines),Akin-ctrl__Stock_pipeline__docker-compose.yml.yml,360,9841,5388,4,1.02624,0.010246,0.949771,1.98626,0.942985,0.903692
Medium (100-500 lines),Akin-ctrl__Stock_pipeline__docker-compose.yml.yml,360,9841,5388,5,1.03754,0.010093,0.922407,1.97004,0.944986,0.93955
Medium (100-500 lines),Akin-ctrl__Stock_pipeline__docker-compose.yml.yml,360,9841,5388,6,1.04937,0.011758,0.93921,2.00034,0.933973,0.920115
Medium (100-500 lines),Akin-ctrl__Stock_pipeline__docker-compose.yml.yml,360,9841,5388,7,1.13023,0.011137,0.955742,2.09711,0.983899,0.918123
Medium (100-500 lines),Akin-ctrl__Stock_pipeline__docker-compose.yml.yml,360,9841,5388,8,1.07952,0.010601,0.966833,2.05695,0.972832,0.942344
Medium (100-500 lines),Akin-ctrl__Stock_pipeline__docker-compose.yml.yml,360,9841,5388,9,1.06208,0.01007,0.940761,2.01291,1.03008,0.999131
Medium (100-500 lines),Akin-ctrl__Stock_pipeline__docker-compose.yml.yml,360,9841,5388,10,1.05494,0.012257,1.003,2.0702,0.949398,0.920732
Medium (100-500 lines),Akin-ctrl__Stock_pipeline__docker-compose.yml.yml,360,9841,5388,11,1.05039,0.011267,0.964387,2.02605,0.956863,0.940295
Medium (100-500 lines),Akin-ctrl__Stock_pipeline__docker-compose.yml.yml,360,9841,5388,12,1.07669,0.010793,0.980362,2.06784,0.96634,0.950925
Medium (100-500 lines),Akin-ctrl__Stock_pipeline__docker-compose.yml.yml,360,9841,5388,13,1.08325,0.010727,0.975409,2.06939,1.03405,0.989147
Medium (100-500 lines),Akin-ctrl__Stock_pipeline__docker-compose.yml.yml,360,9841,5388,14,1.03626,0.011872,0.963443,2.01157,0.959982,0.932995
Medium (100-500 lines),Akin-ctrl__Stock_pipeline__docker-compose.yml.yml,360,9841,5388,15,1.07635,0.01136,0.978439,2.06615,0.972388,0.938988
Medium (100-500 lines),Akin-ctrl__Stock_pipeline__docker-compose.yml.yml,360,9841,5388,16,1.07133,0.010276,0.966218,2.04783,0.967993,0.929486
Medium (100-500 lines),Akin-ctrl__Stock_pipeline__docker-compose.yml.yml,360,9841,5388,17,1.08899,0.010764,0.988938,2.08869,0.96149,0.918957
Medium (100-500 lines),Akin-ctrl__Stock_pipeline__docker-compose.yml.yml,360,9841,5388,18,1.0942,0.010204,0.993817,2.09822,0.969882,0.918615
Medium (100-500 lines),Akin-ctrl__Stock_pipeline__docker-compose.yml.yml,360,9841,5388,19,1.09354,0.010658,0.969205,2.0734,0.959762,0.920846
Medium (100-500 lines),Akin-ctrl__Stock_pipeline__docker-compose.yml.yml,360,9841,5388,20,1.05154,0.010744,0.979863,2.04214,0.958658,0.93032
Medium (100-500 lines),Akin-ctrl__Stock_pipeline__docker-compose.yml.yml,360,9841,5388,21,1.05784,0.010512,0.993978,2.06233,1.01978,0.926203
Medium (100-500 lines),Akin-ctrl__Stock_pipeline__docker-compose.yml.yml,360,9841,5388,22,1.14078,0.010086,0.948774,2.09964,0.939317,0.920821
Medium (100-500 lines),Akin-ctrl__Stock_pipeline__docker-compose.yml.yml,360,9841,5388,23,1.05396,0.011288,0.968082,2.03333,0.948687,0.904232
Medium (100-500 lines),Akin-ctrl__Stock_pipeline__docker-compose.yml.yml,360,9841,5388,24,1.05947,0.010746,0.964755,2.03497,0.950086,0.93634
Medium (100-500 lines),Akin-ctrl__Stock_pipeline__docker-compose.yml.yml,360,9841,5388,25,1.09575,0.01043,0.976304,2.08248,0.945042,0.924169
Medium (100-500 lines),Akin-ctrl__Stock_pipeline__docker-compose.yml.yml,360,9841,5388,26,1.12004,0.011718,1.0019,2.13366,0.958396,0.914789
Medium (100-500 lines),Akin-ctrl__Stock_pipeline__docker-compose.yml.yml,360,9841,5388,27,1.06608,0.010691,0.996564,2.07333,0.945042,0.925072
Medium (100-500 lines),Akin-ctrl__Stock_pipeline__docker-compose.yml.yml,360,9841,5388,28,1.03297,0.010197,0.941836,1.98501,0.938435,0.940114
Medium (100-500 lines),Akin-ctrl__Stock_pipeline__docker-compose.yml.yml,360,9841,5388,29,1.05174,0.010385,0.997138,2.05926,0.990184,0.925603
Medium (100-500 lines),BD2KGenomics__dcc-ops__boardwalk_docker-compose.yml.yml,176,4899,5032,0,0.534633,0.519406,0.532257,1.5863,0.469339,0.366634
Medium (100-500 lines),BD2KGenomics__dcc-ops__boardwalk_docker-compose.yml.yml,176,4899,5032,1,0.579693,0.007234,0.453056,1.03998,0.453405,0.37258
Medium (100-500 lines),BD2KGenomics__dcc-ops__boardwalk_docker-compose.yml.yml,176,4899,5032,2,0.520352,0.006503,0.402509,0.929364,0.456792,0.365866
Medium (100-500 lines),BD2KGenomics__dcc-ops__boardwalk_docker-compose.yml.yml,176,4899,5032,3,0.57678,0.006766,0.458195,1.04174,0.45127,0.368421
Medium (100-500 lines),BD2KGenomics__dcc-ops__boardwalk_docker-compose.yml.yml,176,4899,5032,4,0.519681,0.005453,0.395185,0.920319,0.453079,0.366814
Medium (100-500 lines),BD2KGenomics__dcc-ops__boardwalk_docker-compose.yml.yml,176,4899,5032,5,0.577276,0.006473,0.457558,1.04131,0.45361,0.408855
Medium (100-500 lines),BD2KGenomics__dcc-ops__boardwalk_docker-compose.yml.yml,176,4899,5032,6,0.528278,0.005988,0.402528,0.936794,0.461594,0.364443
Medium (100-500 lines),BD2KGenomics__dcc-ops__boardwalk_docker-compose.yml.yml,176,4899,5032,7,0.590476,0.007123,0.466185,1.06378,0.479926,0.422675
Medium (100-500 lines),BD2KGenomics__dcc-ops__boardwalk_docker-compose.yml.yml,176,4899,5032,8,0.5168,0.005958,0.399879,0.922637,0.456518,0.365524
Medium (100-500 lines),BD2KGenomics__dcc-ops__boardwalk_docker-compose.yml.yml,176,4899,5032,9,0.579348,0.006256,0.432279,1.01788,0.473015,0.365047
Medium (100-500 lines),BD2KGenomics__dcc-ops__boardwalk_docker-compose.yml.yml,176,4899,5032,10,0.511434,0.00575,0.395031,0.912215,0.455159,0.363403
Medium (100-500 lines),BD2KGenomics__dcc-ops__boardwalk_docker-compose.yml.yml,176,4899,5032,11,0.52047,0.005529,0.410939,0.936938,0.518426,0.41842
Medium (100-500 lines),BD2KGenomics__dcc-ops__boardwalk_docker-compose.yml.yml,176,4899,5032,12,0.549918,0.005713,0.394902,0.950533,0.45524,0.362467
Medium (100-500 lines),BD2KGenomics__dcc-ops__boardwalk_docker-compose.yml.yml,176,4899,5032,13,0.531389,0.005714,0.425068,0.962171,0.478173,0.367499
Medium (100-500 lines),BD2KGenomics__dcc-ops__boardwalk_docker-compose.yml.yml,176,4899,5032,14,0.505585,0.005492,0.454603,0.96568,0.478029,0.388377
Medium (100-500 lines),BD2KGenomics__dcc-ops__boardwalk_docker-compose.yml.yml,176,4899,5032,15,0.520102,0.005772,0.408533,0.934407,0.460725,0.397183
Medium (100-500 lines),BD2KGenomics__dcc-ops__boardwalk_docker-compose.yml.yml,176,4899,5032,16,0.535133,0.005872,0.421522,0.962527,0.47412,0.371411
Medium (100-500 lines),BD2KGenomics__dcc-ops__boardwalk_docker-compose.yml.yml,176,4899,5032,17,0.535605,0.005933,0.403938,0.945476,0.461952,0.374571
Medium (100-500 lines),BD2KGenomics__dcc-ops__boardwalk_docker-compose.yml.yml,176,4899,5032,18,0.577719,0.005937,0.448412,1.03207,0.506153,0.372341
Medium (100-500 lines),BD2KGenomics__dcc-ops__boardwalk_docker-compose.yml.yml,176,4899,5032,19,0.529987,0.005812,0.400245,0.936044,0.501081,0.389494
Medium (100-500 lines),BD2KGenomics__dcc-ops__boardwalk_docker-compose.yml.yml,176,4899,5032,20,0.572658,0.006418,0.406796,0.985872,0.486867,0.394794
Medium (100-500 lines),BD2KGenomics__dcc-ops__boardwalk_docker-compose.yml.yml,176,4899,5032,21,0.519338,0.005964,0.425137,0.950439,0.471551,0.375011
Medium (100-500 lines),BD2KGenomics__dcc-ops__boardwalk_docker-compose.yml.yml,176,4899,5032,22,0.580915,0.006634,0.451627,1.03918,0.516023,0.412626
Medium (100-500 lines),BD2KGenomics__dcc-ops__boardwalk_docker-compose.yml.yml,176,4899,5032,23,0.53473,0.005778,0.405327,0.945835,0.460788,0.397693
Medium (100-500 lines),BD2KGenomics__dcc-ops__boardwalk_docker-compose.yml.yml,176,4899,5032,24,0.581462,0.006468,0.456453,1.04438,0.50537,0.429888
Medium (100-500 lines),BD2KGenomics__dcc-ops__boardwalk_docker-compose.yml.yml,176,4899,5032,25,0.523058,0.006236,0.407539,0.936833,0.475143,0.384057
Medium (100-500 lines),BD2KGenomics__dcc-ops__boardwalk_docker-compose.yml.yml,176,4899,5032,26,0.576764,0.006263,0.453848,1.03687,0.52113,0.416629
Medium (100-500 lines),BD2KGenomics__dcc-ops__boardwalk_docker-compose.yml.yml,176,4899,5032,27,0.557028,0.005835,0.403252,0.966115,0.477012,0.389202
Medium (100-500 lines),BD2KGenomics__dcc-ops__boardwalk_docker-compose.yml.yml,176,4899,5032,28,0.58586,0.006131,0.453458,1.04545,0.522469,0.415221
Medium (100-500 lines),BD2KGenomics__dcc-ops__boardwalk_docker-compose.yml.yml,176,4899,5032,29,0.571239,0.006052,0.409066,0.986357,0.460088,0.403203
Medium (100-500 lines),BlackAntik__service-oriented-architecture-__kafka_clickhouse_postgresql_docker-compose.yml.yml,261,7147,5340,0,1.23092,0.827876,1.20365,3.26245,1.09494,0.773147
Medium (100-500 lines),BlackAntik__service-oriented-architecture-__kafka_clickhouse_postgresql_docker-compose.yml.yml,261,7147,5340,1,0.859428,0.009299,0.753156,1.62188,0.825039,0.719512
Medium (100-500 lines),BlackAntik__service-oriented-architecture-__kafka_clickhouse_postgresql_docker-compose.yml.yml,261,7147,5340,2,0.807373,0.007758,0.714604,1.52974,0.70864,0.644494
Medium (100-500 lines),BlackAntik__service-oriented-architecture-__kafka_clickhouse_postgresql_docker-compose.yml.yml,261,7147,5340,3,0.806412,0.007658,0.769983,1.58405,0.705562,0.682038
Medium (100-500 lines),BlackAntik__service-oriented-architecture-__kafka_clickhouse_postgresql_docker-compose.yml.yml,261,7147,5340,4,0.804718,0.007533,0.675596,1.48785,0.759381,0.644756
Medium (100-500 lines),BlackAntik__service-oriented-architecture-__kafka_clickhouse_postgresql_docker-compose.yml.yml,261,7147,5340,5,0.804872,0.007564,0.67588,1.48832,0.821057,0.740683
Medium (100-500 lines),BlackAntik__service-oriented-architecture-__kafka_clickhouse_postgresql_docker-compose.yml.yml,261,7147,5340,6,0.792763,0.007856,0.683446,1.48406,0.73431,0.641425
Medium (100-500 lines),BlackAntik__service-oriented-architecture-__kafka_clickhouse_postgresql_docker-compose.yml.yml,261,7147,5340,7,0.80822,0.007418,0.706606,1.52224,0.731789,0.671801
Medium (100-500 lines),BlackAntik__service-oriented-architecture-__kafka_clickhouse_postgresql_docker-compose.yml.yml,261,7147,5340,8,0.812943,0.007645,0.691077,1.51167,0.734445,0.666206
Medium (100-500 lines),BlackAntik__service-oriented-architecture-__kafka_clickhouse_postgresql_docker-compose.yml.yml,261,7147,5340,9,0.840908,0.007929,0.720227,1.56906,0.757989,0.696545
Medium (100-500 lines),BlackAntik__service-oriented-architecture-__kafka_clickhouse_postgresql_docker-compose.yml.yml,261,7147,5340,10,0.851607,0.008376,0.706493,1.56648,0.761719,0.671021
Medium (100-500 lines),BlackAntik__service-oriented-architecture-__kafka_clickhouse_postgresql_docker-compose.yml.yml,261,7147,5340,11,0.843177,0.00824,0.727287,1.5787,0.749882,0.680944
Medium (100-500 lines),BlackAntik__service-oriented-architecture-__kafka_clickhouse_postgresql_docker-compose.yml.yml,261,7147,5340,12,0.839495,0.008313,0.727091,1.5749,0.799324,0.671842
Medium (100-500 lines),BlackAntik__service-oriented-architecture-__kafka_clickhouse_postgresql_docker-compose.yml.yml,261,7147,5340,13,0.833864,0.008107,0.70415,1.54612,0.805243,0.723598
Medium (100-500 lines),BlackAntik__service-oriented-architecture-__kafka_clickhouse_postgresql_docker-compose.yml.yml,261,7147,5340,14,0.805063,0.007639,0.692738,1.50544,0.724828,0.657918
Medium (100-500 lines),BlackAntik__service-oriented-architecture-__kafka_clickhouse_postgresql_docker-compose.yml.yml,261,7147,5340,15,0.839215,0.009043,0.710647,1.5589,0.735635,0.689528
Medium (100-500 lines),BlackAntik__service-oriented-architecture-__kafka_clickhouse_postgresql_docker-compose.yml.yml,261,7147,5340,16,0.844779,0.007826,0.721959,1.57456,0.787267,0.696885
Medium (100-500 lines),BlackAntik__service-oriented-architecture-__kafka_clickhouse_postgresql_docker-compose.yml.yml,261,7147,5340,17,0.859888,0.008421,0.717788,1.5861,0.766826,0.688617
Medium (100-500 lines),BlackAntik__service-oriented-architecture-__kafka_clickhouse_postgresql_docker-compose.yml.yml,261,7147,5340,18,0.826909,0.008103,0.712905,1.54792,0.776096,0.687843
Medium (100-500 lines),BlackAntik__service-oriented-architecture-__kafka_clickhouse_postgresql_docker-compose.yml.yml,261,7147,5340,19,0.911104,0.008478,0.773445,1.69303,0.737216,0.73986
Medium (100-500 lines),BlackAntik__service-oriented-architecture-__kafka_clickhouse_postgresql_docker-compose.yml.yml,261,7147,5340,20,0.834736,0.007993,0.71958,1.56231,0.741286,0.669093
Medium (100-500 lines),BlackAntik__service-oriented-architecture-__kafka_clickhouse_postgresql_docker-compose.yml.yml,261,7147,5340,21,0.844709,0.00794,0.708174,1.56082,0.749007,0.70521
Medium (100-500 lines),BlackAntik__service-oriented-architecture-__kafka_clickhouse_postgresql_docker-compose.yml.yml,261,7147,5340,22,0.857303,0.007926,0.725347,1.59058,0.740186,0.669855
Medium (100-500 lines),BlackAntik__service-oriented-architecture-__kafka_clickhouse_postgresql_docker-compose.yml.yml,261,7147,5340,23,0.873375,0.008165,0.726155,1.6077,0.73529,0.686892
Medium (100-500 lines),BlackAntik__service-oriented-architecture-__kafka_clickhouse_postgresql_docker-compose.yml.yml,261,7147,5340,24,0.828349,0.00792,0.724573,1.56084,0.739508,0.678749
Medium (100-500 lines),BlackAntik__service-oriented-architecture-__kafka_clickhouse_postgresql_docker-compose.yml.yml,261,7147,5340,25,0.866296,0.007973,0.724132,1.5984,0.750552,0.707322
Medium (100-500 lines),BlackAntik__service-oriented-architecture-__kafka_clickhouse_postgresql_docker-compose.yml.yml,261,7147,5340,26,0.85293,0.008237,0.739535,1.6007,0.745937,0.679581
Medium (100-500 lines),BlackAntik__service-oriented-architecture-__kafka_clickhouse_postgresql_docker-compose.yml.yml,261,7147,5340,27,0.839213,0.008122,0.713154,1.56049,0.74884,0.711135
Medium (100-500 lines),BlackAntik__service-oriented-architecture-__kafka_clickhouse_postgresql_docker-compose.yml.yml,261,7147,5340,28,0.853492,0.010342,0.752791,1.61662,0.759383,0.68722
Medium (100-500 lines),BlackAntik__service-oriented-architecture-__kafka_clickhouse_postgresql_docker-compose.yml.yml,261,7147,5340,29,0.852016,0.008249,0.711017,1.57128,0.733154,0.718691
Medium (100-500 lines),BorowskaNatalia__mini_data_platform__docker-compose.yml.yml,262,8213,5256,0,1.26864,0.855045,1.22768,3.35136,1.07788,0.666151
Medium (100-500 lines),BorowskaNatalia__mini_data_platform__docker-compose.yml.yml,262,8213,5256,1,0.84779,0.008985,0.751948,1.60872,0.768442,0.650177
Medium (100-500 lines),BorowskaNatalia__mini_data_platform__docker-compose.yml.yml,262,8213,5256,2,0.834963,0.007401,0.688359,1.53072,0.760295,0.644679
Medium (100-500 lines),BorowskaNatalia__mini_data_platform__docker-compose.yml.yml,262,8213,5256,3,0.908061,0.007108,0.683117,1.59829,0.727856,0.646503
Medium (100-500 lines),BorowskaNatalia__mini_data_platform__docker-compose.yml.yml,262,8213,5256,4,0.838999,0.007136,0.680999,1.52713,0.759553,0.647463
Medium (100-500 lines),BorowskaNatalia__mini_data_platform__docker-compose.yml.yml,262,8213,5256,5,0.836218,0.007395,0.684371,1.52798,0.754158,0.644503
Medium (100-500 lines),BorowskaNatalia__mini_data_platform__docker-compose.yml.yml,262,8213,5256,6,0.824316,0.007309,0.681745,1.51337,0.73328,0.643832
Medium (100-500 lines),BorowskaNatalia__mini_data_platform__docker-compose.yml.yml,262,8213,5256,7,0.823197,0.007312,0.711688,1.5422,0.728716,0.646058
Medium (100-500 lines),BorowskaNatalia__mini_data_platform__docker-compose.yml.yml,262,8213,5256,8,0.825448,0.007223,0.686859,1.51953,0.760046,0.64177
Medium (100-500 lines),BorowskaNatalia__mini_data_platform__docker-compose.yml.yml,262,8213,5256,9,0.817828,0.007004,0.681434,1.50627,0.727751,0.643751
Medium (100-500 lines),BorowskaNatalia__mini_data_platform__docker-compose.yml.yml,262,8213,5256,10,0.837536,0.007431,0.684418,1.52938,0.732392,0.645799
Medium (100-500 lines),BorowskaNatalia__mini_data_platform__docker-compose.yml.yml,262,8213,5256,11,0.824156,0.007044,0.714893,1.54609,0.72887,0.649178
Medium (100-500 lines),BorowskaNatalia__mini_data_platform__docker-compose.yml.yml,262,8213,5256,12,0.821481,0.007142,0.685424,1.51405,0.756439,0.644619
Medium (100-500 lines),BorowskaNatalia__mini_data_platform__docker-compose.yml.yml,262,8213,5256,13,0.805635,0.007038,0.702296,1.51497,0.733721,0.659446
Medium (100-500 lines),BorowskaNatalia__mini_data_platform__docker-compose.yml.yml,262,8213,5256,14,0.88089,0.007687,0.686974,1.57555,0.758709,0.649384
Medium (100-500 lines),BorowskaNatalia__mini_data_platform__docker-compose.yml.yml,262,8213,5256,15,0.805666,0.007403,0.706617,1.51969,0.741164,0.649788
Medium (100-500 lines),BorowskaNatalia__mini_data_platform__docker-compose.yml.yml,262,8213,5256,16,0.851468,0.007713,0.699364,1.55855,0.774799,0.657044
Medium (100-500 lines),BorowskaNatalia__mini_data_platform__docker-compose.yml.yml,262,8213,5256,17,0.827085,0.007703,0.721473,1.55626,0.742873,0.657025
Medium (100-500 lines),BorowskaNatalia__mini_data_platform__docker-compose.yml.yml,262,8213,5256,18,0.865038,0.007848,0.707233,1.58012,0.746492,0.681599
Medium (100-500 lines),BorowskaNatalia__mini_data_platform__docker-compose.yml.yml,262,8213,5256,19,0.825886,0.007328,0.72795,1.56116,0.735537,0.673295
Medium (100-500 lines),BorowskaNatalia__mini_data_platform__docker-compose.yml.yml,262,8213,5256,20,0.839765,0.007326,0.701856,1.54895,0.755735,0.661062
Medium (100-500 lines),BorowskaNatalia__mini_data_platform__docker-compose.yml.yml,262,8213,5256,21,0.855542,0.007265,0.700363,1.56317,0.758835,0.678733
Medium (100-500 lines),BorowskaNatalia__mini_data_platform__docker-compose.yml.yml,262,8213,5256,22,0.857624,0.007135,0.718277,1.58304,0.749644,0.657835
Medium (100-500 lines),BorowskaNatalia__mini_data_platform__docker-compose.yml.yml,262,8213,5256,23,0.828806,0.007566,0.73603,1.5724,0.741639,0.680158
Medium (100-500 lines),BorowskaNatalia__mini_data_platform__docker-compose.yml.yml,262,8213,5256,24,0.842041,0.007355,0.726465,1.57586,0.773445,0.652063
Medium (100-500 lines),BorowskaNatalia__mini_data_platform__docker-compose.yml.yml,262,8213,5256,25,0.804894,0.007209,0.710787,1.52289,0.764549,0.672812
Medium (100-500 lines),BorowskaNatalia__mini_data_platform__docker-compose.yml.yml,262,8213,5256,26,0.851787,0.007232,0.717752,1.57677,0.758457,0.645299
Medium (100-500 lines),BorowskaNatalia__mini_data_platform__docker-compose.yml.yml,262,8213,5256,27,0.882224,0.007605,0.731485,1.62131,0.765033,0.667893
Medium (100-500 lines),BorowskaNatalia__mini_data_platform__docker-compose.yml.yml,262,8213,5256,28,0.833343,0.011543,0.721136,1.56602,0.794538,0.678615
Medium (100-500 lines),BorowskaNatalia__mini_data_platform__docker-compose.yml.yml,262,8213,5256,29,0.831631,0.007336,0.698458,1.53743,0.768578,0.681991
Medium (100-500 lines),CEIJ-GPSDE__GoTracker__docker-compose.yml.yml,108,2582,4864,0,0.30542,0.516207,0.338217,1.15984,0.242875,0.23295
Medium (100-500 lines),CEIJ-GPSDE__GoTracker__docker-compose.yml.yml,108,2582,4864,1,0.311424,0.004514,0.271695,0.587633,0.234729,0.237163
Medium (100-500 lines),CEIJ-GPSDE__GoTracker__docker-compose.yml.yml,108,2582,4864,2,0.338038,0.005159,0.309004,0.652201,0.243763,0.231065
Medium (100-500 lines),CEIJ-GPSDE__GoTracker__docker-compose.yml.yml,108,2582,4864,3,0.31507,0.004107,0.258313,0.57749,0.232775,0.231409
Medium (100-500 lines),CEIJ-GPSDE__GoTracker__docker-compose.yml.yml,108,2582,4864,4,0.31172,0.003974,0.274315,0.590009,0.234181,0.228634
Medium (100-500 lines),CEIJ-GPSDE__GoTracker__docker-compose.yml.yml,108,2582,4864,5,0.326061,0.004307,0.290054,0.620422,0.265872,0.263853
Medium (100-500 lines),CEIJ-GPSDE__GoTracker__docker-compose.yml.yml,108,2582,4864,6,0.30871,0.004016,0.269662,0.582388,0.234486,0.229771
Medium (100-500 lines),CEIJ-GPSDE__GoTracker__docker-compose.yml.yml,108,2582,4864,7,0.307302,0.003851,0.255154,0.566307,0.231593,0.229323
Medium (100-500 lines),CEIJ-GPSDE__GoTracker__docker-compose.yml.yml,108,2582,4864,8,0.319402,0.004421,0.288247,0.61207,0.267678,0.267797
Medium (100-500 lines),CEIJ-GPSDE__GoTracker__docker-compose.yml.yml,108,2582,4864,9,0.317501,0.004187,0.294013,0.615701,0.233837,0.269644
Medium (100-500 lines),CEIJ-GPSDE__GoTracker__docker-compose.yml.yml,108,2582,4864,10,0.306744,0.003772,0.270285,0.580801,0.234757,0.236056
Medium (100-500 lines),CEIJ-GPSDE__GoTracker__docker-compose.yml.yml,108,2582,4864,11,0.297259,0.003892,0.253858,0.555009,0.26576,0.248563
Medium (100-500 lines),CEIJ-GPSDE__GoTracker__docker-compose.yml.yml,108,2582,4864,12,0.318976,0.004146,0.297056,0.620178,0.269765,0.264531
Medium (100-500 lines),CEIJ-GPSDE__GoTracker__docker-compose.yml.yml,108,2582,4864,13,0.31919,0.004274,0.275082,0.598546,0.232761,0.25511
Medium (100-500 lines),CEIJ-GPSDE__GoTracker__docker-compose.yml.yml,108,2582,4864,14,0.305285,0.003765,0.268685,0.577735,0.28146,0.262676
Medium (100-500 lines),CEIJ-GPSDE__GoTracker__docker-compose.yml.yml,108,2582,4864,15,0.317525,0.004204,0.28922,0.610949,0.265508,0.262664
Medium (100-500 lines),CEIJ-GPSDE__GoTracker__docker-compose.yml.yml,108,2582,4864,16,0.287436,0.00386,0.289308,0.580604,0.269735,0.275042
Medium (100-500 lines),CEIJ-GPSDE__GoTracker__docker-compose.yml.yml,108,2582,4864,17,0.321861,0.004519,0.291937,0.618317,0.267102,0.264279
Medium (100-500 lines),CEIJ-GPSDE__GoTracker__docker-compose.yml.yml,108,2582,4864,18,0.318052,0.004414,0.290801,0.613267,0.268539,0.262749
Medium (100-500 lines),CEIJ-GPSDE__GoTracker__docker-compose.yml.yml,108,2582,4864,19,0.318969,0.004084,0.28975,0.612803,0.265666,0.263792
Medium (100-500 lines),CEIJ-GPSDE__GoTracker__docker-compose.yml.yml,108,2582,4864,20,0.322589,0.00434,0.293973,0.620902,0.268972,0.26321
Medium (100-500 lines),CEIJ-GPSDE__GoTracker__docker-compose.yml.yml,108,2582,4864,21,0.319215,0.004306,0.290359,0.61388,0.267547,0.26501
Medium (100-500 lines),CEIJ-GPSDE__GoTracker__docker-compose.yml.yml,108,2582,4864,22,0.316618,0.004089,0.290934,0.611641,0.268507,0.26304
Medium (100-500 lines),CEIJ-GPSDE__GoTracker__docker-compose.yml.yml,108,2582,4864,23,0.322418,0.004235,0.294626,0.621279,0.267915,0.268724
Medium (100-500 lines),CEIJ-GPSDE__GoTracker__docker-compose.yml.yml,108,2582,4864,24,0.317756,0.004351,0.294336,0.616443,0.269205,0.26375
Medium (100-500 lines),CEIJ-GPSDE__GoTracker__docker-compose.yml.yml,108,2582,4864,25,0.321079,0.00424,0.291705,0.617024,0.266837,0.26495
Medium (100-500 lines),CEIJ-GPSDE__GoTracker__docker-compose.yml.yml,108,2582,4864,26,0.31662,0.00412,0.291478,0.612218,0.268833,0.263416
Medium (100-500 lines),CEIJ-GPSDE__GoTracker__docker-compose.yml.yml,108,2582,4864,27,0.333598,0.00422,0.288628,0.626446,0.266442,0.264399
Medium (100-500 lines),CEIJ-GPSDE__GoTracker__docker-compose.yml.yml,108,2582,4864,28,0.319287,0.004229,0.289522,0.613038,0.267626,0.262445
Medium (100-500 lines),CEIJ-GPSDE__GoTracker__docker-compose.yml.yml,108,2582,4864,29,0.320597,0.004195,0.288755,0.613547,0.265822,0.264089
Medium (100-500 lines),CNR-ISMAR__iws__docker-compose.yml.old.yml,306,9649,5192,0,1.40198,0.821308,1.44958,3.67287,0.941054,0.84162
Medium (100-500 lines),CNR-ISMAR__iws__docker-compose.yml.old.yml,306,9649,5192,1,0.976073,0.009235,0.84231,1.82762,0.78246,0.795407
Medium (100-500 lines),CNR-ISMAR__iws__docker-compose.yml.old.yml,306,9649,5192,2,0.917346,0.007203,0.798688,1.72324,0.822786,0.760038
Medium (100-500 lines),CNR-ISMAR__iws__docker-compose.yml.old.yml,306,9649,5192,3,0.914561,0.008457,0.799538,1.72256,0.813341,0.767987
Medium (100-500 lines),CNR-ISMAR__iws__docker-compose.yml.old.yml,306,9649,5192,4,0.910415,0.008296,0.804829,1.72354,0.818283,0.841275
Medium (100-500 lines),CNR-ISMAR__iws__docker-compose.yml.old.yml,306,9649,5192,5,0.965642,0.00909,0.837845,1.81258,0.782929,0.762896
Medium (100-500 lines),CNR-ISMAR__iws__docker-compose.yml.old.yml,306,9649,5192,6,1.04517,0.007855,0.804277,1.8573,0.817356,0.755913
Medium (100-500 lines),CNR-ISMAR__iws__docker-compose.yml.old.yml,306,9649,5192,7,1.03624,0.008305,0.844197,1.88874,0.786517,0.77803
Medium (100-500 lines),CNR-ISMAR__iws__docker-compose.yml.old.yml,306,9649,5192,8,0.923374,0.007287,0.792883,1.72354,0.825581,0.774831
Medium (100-500 lines),CNR-ISMAR__iws__docker-compose.yml.old.yml,306,9649,5192,9,0.93935,0.008381,0.815408,1.76314,0.835054,0.800412
Medium (100-500 lines),CNR-ISMAR__iws__docker-compose.yml.old.yml,306,9649,5192,10,0.993936,0.007788,0.827096,1.82882,0.839092,0.818929
Medium (100-500 lines),CNR-ISMAR__iws__docker-compose.yml.old.yml,306,9649,5192,11,0.928421,0.007627,0.851945,1.78799,0.816284,0.808343
Medium (100-500 lines),CNR-ISMAR__iws__docker-compose.yml.old.yml,306,9649,5192,12,0.978116,0.007483,0.859925,1.84552,0.851914,0.794944
Medium (100-500 lines),CNR-ISMAR__iws__docker-compose.yml.old.yml,306,9649,5192,13,1.00368,0.007352,0.838539,1.84957,0.830507,0.793529
Medium (100-500 lines),CNR-ISMAR__iws__docker-compose.yml.old.yml,306,9649,5192,14,0.967721,0.008131,0.849994,1.82585,0.846597,0.771411
Medium (100-500 lines),CNR-ISMAR__iws__docker-compose.yml.old.yml,306,9649,5192,15,0.969144,0.007623,0.867523,1.84429,0.81602,0.794572
Medium (100-500 lines),CNR-ISMAR__iws__docker-compose.yml.old.yml,306,9649,5192,16,0.959309,0.007323,0.855615,1.82225,0.853555,0.789781
Medium (100-500 lines),CNR-ISMAR__iws__docker-compose.yml.old.yml,306,9649,5192,17,0.963346,0.007323,0.839766,1.81044,0.806061,0.86259
Medium (100-500 lines),CNR-ISMAR__iws__docker-compose.yml.old.yml,306,9649,5192,18,0.948807,0.00702,0.84317,1.799,0.838111,0.791225
Medium (100-500 lines),CNR-ISMAR__iws__docker-compose.yml.old.yml,306,9649,5192,19,0.9486,0.008058,0.846986,1.80364,0.816405,0.8097
Medium (100-500 lines),CNR-ISMAR__iws__docker-compose.yml.old.yml,306,9649,5192,20,0.954032,0.007815,0.838062,1.79991,0.840905,0.788089
Medium (100-500 lines),CNR-ISMAR__iws__docker-compose.yml.old.yml,306,9649,5192,21,1.01314,0.008624,0.831123,1.85288,0.79927,0.79368
Medium (100-500 lines),CNR-ISMAR__iws__docker-compose.yml.old.yml,306,9649,5192,22,0.95767,0.007543,0.861996,1.82721,0.838946,0.796155
Medium (100-500 lines),CNR-ISMAR__iws__docker-compose.yml.old.yml,306,9649,5192,23,0.963852,0.007498,0.876945,1.8483,0.82158,0.802066
Medium (100-500 lines),CNR-ISMAR__iws__docker-compose.yml.old.yml,306,9649,5192,24,0.954539,0.008003,0.877195,1.83974,0.837696,0.776714
Medium (100-500 lines),CNR-ISMAR__iws__docker-compose.yml.old.yml,306,9649,5192,25,0.968209,0.007516,0.844002,1.81973,0.816235,0.816853
Medium (100-500 lines),CNR-ISMAR__iws__docker-compose.yml.old.yml,306,9649,5192,26,0.957651,0.007288,0.845147,1.81009,0.905753,0.836548
Medium (100-500 lines),CNR-ISMAR__iws__docker-compose.yml.old.yml,306,9649,5192,27,0.930969,0.007263,0.848784,1.78702,0.864247,0.796505
Medium (100-500 lines),CNR-ISMAR__iws__docker-compose.yml.old.yml,306,9649,5192,28,0.946436,0.007788,0.969934,1.92416,0.841567,0.810789
Medium (100-500 lines),CNR-ISMAR__iws__docker-compose.yml.old.yml,306,9649,5192,29,0.959751,0.008422,0.831528,1.7997,0.815855,0.810269
Medium (100-500 lines),DimasHernandez__authentication-microservice__local_environment_docker-compose.yml.yml,144,4617,4984,0,0.733622,0.850837,0.909039,2.4935,0.728453,0.680633
Medium (100-500 lines),DimasHernandez__authentication-microservice__local_environment_docker-compose.yml.yml,144,4617,4984,1,0.710649,0.008433,0.784178,1.50326,0.774436,0.789364
Medium (100-500 lines),DimasHernandez__authentication-microservice__local_environment_docker-compose.yml.yml,144,4617,4984,2,0.708161,0.008879,0.774957,1.492,0.674833,0.669742
Medium (100-500 lines),DimasHernandez__authentication-microservice__local_environment_docker-compose.yml.yml,144,4617,4984,3,0.693042,0.007998,0.864661,1.5657,0.66579,0.678717
Medium (100-500 lines),DimasHernandez__authentication-microservice__local_environment_docker-compose.yml.yml,144,4617,4984,4,0.70011,0.008256,0.764426,1.47279,0.678268,0.668718
Medium (100-500 lines),DimasHernandez__authentication-microservice__local_environment_docker-compose.yml.yml,144,4617,4984,5,0.692379,0.008121,0.766335,1.46684,0.760279,0.76763
Medium (100-500 lines),DimasHernandez__authentication-microservice__local_environment_docker-compose.yml.yml,144,4617,4984,6,0.774371,0.013306,0.815027,1.6027,0.670597,0.698448
Medium (100-500 lines),DimasHernandez__authentication-microservice__local_environment_docker-compose.yml.yml,144,4617,4984,7,0.773088,0.009475,0.803893,1.58646,0.663938,0.671213
Medium (100-500 lines),DimasHernandez__authentication-microservice__local_environment_docker-compose.yml.yml,144,4617,4984,8,0.698793,0.00826,0.774798,1.48185,0.687842,0.691305
Medium (100-500 lines),DimasHernandez__authentication-microservice__local_environment_docker-compose.yml.yml,144,4617,4984,9,0.709612,0.008895,0.781639,1.50015,0.688691,0.674741
Medium (100-500 lines),DimasHernandez__authentication-microservice__local_environment_docker-compose.yml.yml,144,4617,4984,10,0.710053,0.008683,0.767197,1.48593,0.669023,0.667998
Medium (100-500 lines),DimasHernandez__authentication-microservice__local_environment_docker-compose.yml.yml,144,4617,4984,11,0.691956,0.007619,0.748623,1.4482,0.660949,0.677933
Medium (100-500 lines),DimasHernandez__authentication-microservice__local_environment_docker-compose.yml.yml,144,4617,4984,12,0.70223,0.007512,0.749705,1.45945,0.699072,0.754639
Medium (100-500 lines),DimasHernandez__authentication-microservice__local_environment_docker-compose.yml.yml,144,4617,4984,13,0.590854,0.009056,0.616293,1.2162,0.516186,0.520742
Medium (100-500 lines),DimasHernandez__authentication-microservice__local_environment_docker-compose.yml.yml,144,4617,4984,14,0.545969,0.005784,0.565536,1.11729,0.524995,0.515687
Medium (100-500 lines),DimasHernandez__authentication-microservice__local_environment_docker-compose.yml.yml,144,4617,4984,15,0.536695,0.005467,0.565314,1.10748,0.51241,0.516299
Medium (100-500 lines),DimasHernandez__authentication-microservice__local_environment_docker-compose.yml.yml,144,4617,4984,16,0.540043,0.005278,0.562433,1.10775,0.533331,0.515102
Medium (100-500 lines),DimasHernandez__authentication-microservice__local_environment_docker-compose.yml.yml,144,4617,4984,17,0.533217,0.005305,0.555112,1.09363,0.512684,0.51774
Medium (100-500 lines),DimasHernandez__authentication-microservice__local_environment_docker-compose.yml.yml,144,4617,4984,18,0.536074,0.004984,0.558265,1.09932,0.516166,0.516004
Medium (100-500 lines),DimasHernandez__authentication-microservice__local_environment_docker-compose.yml.yml,144,4617,4984,19,0.532876,0.005001,0.549261,1.08714,0.513318,0.519955
Medium (100-500 lines),DimasHernandez__authentication-microservice__local_environment_docker-compose.yml.yml,144,4617,4984,20,0.551468,0.006576,0.573153,1.1312,0.518424,0.514081
Medium (100-500 lines),DimasHernandez__authentication-microservice__local_environment_docker-compose.yml.yml,144,4617,4984,21,0.539731,0.006062,0.55318,1.09897,0.51115,0.516654
Medium (100-500 lines),DimasHernandez__authentication-microservice__local_environment_docker-compose.yml.yml,144,4617,4984,22,0.548373,0.005361,0.553921,1.10766,0.516409,0.513976
Medium (100-500 lines),DimasHernandez__authentication-microservice__local_environment_docker-compose.yml.yml,144,4617,4984,23,0.529452,0.004718,0.542012,1.07618,0.524172,0.515831
Medium (100-500 lines),DimasHernandez__authentication-microservice__local_environment_docker-compose.yml.yml,144,4617,4984,24,0.537615,0.005644,0.55204,1.0953,0.515879,0.513416
Medium (100-500 lines),DimasHernandez__authentication-microservice__local_environment_docker-compose.yml.yml,144,4617,4984,25,0.533688,0.005186,0.548979,1.08785,0.522867,0.515881
Medium (100-500 lines),DimasHernandez__authentication-microservice__local_environment_docker-compose.yml.yml,144,4617,4984,26,0.535334,0.005122,0.544705,1.08516,0.513443,0.513569
Medium (100-500 lines),DimasHernandez__authentication-microservice__local_environment_docker-compose.yml.yml,144,4617,4984,27,0.527877,0.00474,0.543254,1.07587,0.511504,0.521999
Medium (100-500 lines),DimasHernandez__authentication-microservice__local_environment_docker-compose.yml.yml,144,4617,4984,28,0.547065,0.005854,0.563442,1.11636,0.513415,0.514425
Medium (100-500 lines),DimasHernandez__authentication-microservice__local_environment_docker-compose.yml.yml,144,4617,4984,29,0.533059,0.004784,0.550102,1.08794,0.510053,0.524903
Medium (100-500 lines),Guilher0__agro_monitor__docker-compose.yml.yml,128,3895,4912,0,0.587588,0.844621,0.647572,2.07978,0.458445,0.42611
Medium (100-500 lines),Guilher0__agro_monitor__docker-compose.yml.yml,128,3895,4912,1,0.560607,0.007649,0.514464,1.08272,0.419817,0.41589
Medium (100-500 lines),Guilher0__agro_monitor__docker-compose.yml.yml,128,3895,4912,2,0.564835,0.008016,0.51285,1.0857,0.428044,0.4179
Medium (100-500 lines),Guilher0__agro_monitor__docker-compose.yml.yml,128,3895,4912,3,0.568707,0.008269,0.508098,1.08507,0.416016,0.416755
Medium (100-500 lines),Guilher0__agro_monitor__docker-compose.yml.yml,128,3895,4912,4,0.554916,0.007542,0.504685,1.06714,0.430169,0.413796
Medium (100-500 lines),Guilher0__agro_monitor__docker-compose.yml.yml,128,3895,4912,5,0.549528,0.007149,0.490282,1.04696,0.42519,0.416086
Medium (100-500 lines),Guilher0__agro_monitor__docker-compose.yml.yml,128,3895,4912,6,0.550144,0.007705,0.459818,1.01767,0.30374,0.276837
Medium (100-500 lines),Guilher0__agro_monitor__docker-compose.yml.yml,128,3895,4912,7,0.400601,0.009044,0.337672,0.747317,0.276618,0.294951
Medium (100-500 lines),Guilher0__agro_monitor__docker-compose.yml.yml,128,3895,4912,8,0.378227,0.004562,0.337107,0.719896,0.320054,0.312258
Medium (100-500 lines),Guilher0__agro_monitor__docker-compose.yml.yml,128,3895,4912,9,0.444589,0.004813,0.324856,0.774258,0.277003,0.300796
Medium (100-500 lines),Guilher0__agro_monitor__docker-compose.yml.yml,128,3895,4912,10,0.371206,0.003841,0.31998,0.695027,0.299925,0.272334
Medium (100-500 lines),Guilher0__agro_monitor__docker-compose.yml.yml,128,3895,4912,11,0.37474,0.004041,0.319188,0.697969,0.274962,0.283476
Medium (100-500 lines),Guilher0__agro_monitor__docker-compose.yml.yml,128,3895,4912,12,0.3702,0.003822,0.324268,0.69829,0.286903,0.270916
Medium (100-500 lines),Guilher0__agro_monitor__docker-compose.yml.yml,128,3895,4912,13,0.368072,0.00408,0.318384,0.690536,0.278543,0.306626
Medium (100-500 lines),Guilher0__agro_monitor__docker-compose.yml.yml,128,3895,4912,14,0.399786,0.004904,0.330232,0.734922,0.290465,0.271886
Medium (100-500 lines),Guilher0__agro_monitor__docker-compose.yml.yml,128,3895,4912,15,0.372544,0.00418,0.330345,0.707069,0.273033,0.283092
Medium (100-500 lines),Guilher0__agro_monitor__docker-compose.yml.yml,128,3895,4912,16,0.369832,0.004113,0.318664,0.692609,0.301884,0.272098
Medium (100-500 lines),Guilher0__agro_monitor__docker-compose.yml.yml,128,3895,4912,17,0.371883,0.003823,0.316966,0.692672,0.274873,0.289047
Medium (100-500 lines),Guilher0__agro_monitor__docker-compose.yml.yml,128,3895,4912,18,0.388977,0.004769,0.34467,0.738416,0.320407,0.311057
Medium (100-500 lines),Guilher0__agro_monitor__docker-compose.yml.yml,128,3895,4912,19,0.424472,0.004704,0.322104,0.75128,0.315,0.316931
Medium (100-500 lines),Guilher0__agro_monitor__docker-compose.yml.yml,128,3895,4912,20,0.426409,0.004909,0.341806,0.773124,0.316003,0.311708
Medium (100-500 lines),Guilher0__agro_monitor__docker-compose.yml.yml,128,3895,4912,21,0.42575,0.004381,0.343995,0.774126,0.312494,0.31163
Medium (100-500 lines),Guilher0__agro_monitor__docker-compose.yml.yml,128,3895,4912,22,0.4233,0.004387,0.343168,0.770855,0.318475,0.313014
Medium (100-500 lines),Guilher0__agro_monitor__docker-compose.yml.yml,128,3895,4912,23,0.424233,0.004474,0.343287,0.771994,0.315158,0.312514
Medium (100-500 lines),Guilher0__agro_monitor__docker-compose.yml.yml,128,3895,4912,24,0.440038,0.004932,0.346805,0.791775,0.318047,0.311849
Medium (100-500 lines),Guilher0__agro_monitor__docker-compose.yml.yml,128,3895,4912,25,0.426386,0.004665,0.345155,0.776206,0.316566,0.313909
Medium (100-500 lines),Guilher0__agro_monitor__docker-compose.yml.yml,128,3895,4912,26,0.444443,0.005078,0.350214,0.799735,0.318411,0.318799
Medium (100-500 lines),Guilher0__agro_monitor__docker-compose.yml.yml,128,3895,4912,27,0.426514,0.004643,0.341726,0.772883,0.31297,0.311617
Medium (100-500 lines),Guilher0__agro_monitor__docker-compose.yml.yml,128,3895,4912,28,0.422704,0.004202,0.338624,0.76553,0.314903,0.31019
Medium (100-500 lines),Guilher0__agro_monitor__docker-compose.yml.yml,128,3895,4912,29,0.429349,0.004531,0.347367,0.781247,0.319709,0.312672
Medium (100-500 lines),IT22277190__mtit-assignment2-hospital-microservices__docker-compose.yml.yml,284,6335,5264,0,1.16495,0.851632,0.950738,2.96733,0.624656,0.588056
Medium (100-500 lines),IT22277190__mtit-assignment2-hospital-microservices__docker-compose.yml.yml,284,6335,5264,1,0.762473,0.010778,0.657233,1.43048,0.602978,0.62912
Medium (100-500 lines),IT22277190__mtit-assignment2-hospital-microservices__docker-compose.yml.yml,284,6335,5264,2,0.738495,0.008579,0.657468,1.40454,0.603605,0.591344
Medium (100-500 lines),IT22277190__mtit-assignment2-hospital-microservices__docker-compose.yml.yml,284,6335,5264,3,0.797096,0.008255,0.623671,1.42902,0.600118,0.591741
Medium (100-500 lines),IT22277190__mtit-assignment2-hospital-microservices__docker-compose.yml.yml,284,6335,5264,4,0.733739,0.008016,0.617925,1.35968,0.633304,0.590312
Medium (100-500 lines),IT22277190__mtit-assignment2-hospital-microservices__docker-compose.yml.yml,284,6335,5264,5,0.747961,0.008404,0.624976,1.38134,0.627516,0.591035
Medium (100-500 lines),IT22277190__mtit-assignment2-hospital-microservices__docker-compose.yml.yml,284,6335,5264,6,0.848231,0.009275,0.682599,1.54011,0.637991,0.589624
Medium (100-500 lines),IT22277190__mtit-assignment2-hospital-microservices__docker-compose.yml.yml,284,6335,5264,7,0.839965,0.009618,0.644943,1.49453,0.600819,0.660171
Medium (100-500 lines),IT22277190__mtit-assignment2-hospital-microservices__docker-compose.yml.yml,284,6335,5264,8,0.760026,0.008763,0.659547,1.42834,0.620203,0.603616
Medium (100-500 lines),IT22277190__mtit-assignment2-hospital-microservices__docker-compose.yml.yml,284,6335,5264,9,0.85258,0.009917,0.726569,1.58907,0.689839,0.6796
Medium (100-500 lines),IT22277190__mtit-assignment2-hospital-microservices__docker-compose.yml.yml,284,6335,5264,10,0.824681,0.009223,0.678619,1.51252,0.608651,0.618643
Medium (100-500 lines),IT22277190__mtit-assignment2-hospital-microservices__docker-compose.yml.yml,284,6335,5264,11,0.783345,0.008358,0.630595,1.4223,0.638512,0.621735
Medium (100-500 lines),IT22277190__mtit-assignment2-hospital-microservices__docker-compose.yml.yml,284,6335,5264,12,0.780851,0.009246,0.701349,1.49145,0.655654,0.617346
Medium (100-500 lines),IT22277190__mtit-assignment2-hospital-microservices__docker-compose.yml.yml,284,6335,5264,13,0.796154,0.008657,0.691043,1.49585,0.637651,0.638374
Medium (100-500 lines),IT22277190__mtit-assignment2-hospital-microservices__docker-compose.yml.yml,284,6335,5264,14,0.835768,0.009275,0.715649,1.56069,0.684242,0.616625
Medium (100-500 lines),IT22277190__mtit-assignment2-hospital-microservices__docker-compose.yml.yml,284,6335,5264,15,0.774405,0.008215,0.665189,1.44781,0.648813,0.620052
Medium (100-500 lines),IT22277190__mtit-assignment2-hospital-microservices__docker-compose.yml.yml,284,6335,5264,16,0.791412,0.008864,0.655214,1.45549,0.657843,0.617708
Medium (100-500 lines),IT22277190__mtit-assignment2-hospital-microservices__docker-compose.yml.yml,284,6335,5264,17,0.822513,0.008239,0.662531,1.49328,0.614544,0.640815
Medium (100-500 lines),IT22277190__mtit-assignment2-hospital-microservices__docker-compose.yml.yml,284,6335,5264,18,0.764787,0.008956,0.663129,1.43687,0.667402,0.642414
Medium (100-500 lines),IT22277190__mtit-assignment2-hospital-microservices__docker-compose.yml.yml,284,6335,5264,19,0.776985,0.009129,0.668363,1.45448,0.640693,0.63479
Medium (100-500 lines),IT22277190__mtit-assignment2-hospital-microservices__docker-compose.yml.yml,284,6335,5264,20,0.796777,0.008896,0.695743,1.50142,0.664296,0.645213
Medium (100-500 lines),IT22277190__mtit-assignment2-hospital-microservices__docker-compose.yml.yml,284,6335,5264,21,0.833918,0.009073,0.721666,1.56466,0.646933,0.693488
Medium (100-500 lines),IT22277190__mtit-assignment2-hospital-microservices__docker-compose.yml.yml,284,6335,5264,22,0.766866,0.008364,0.665192,1.44042,0.635546,0.631872
Medium (100-500 lines),IT22277190__mtit-assignment2-hospital-microservices__docker-compose.yml.yml,284,6335,5264,23,0.79942,0.008762,0.653525,1.46171,0.641939,0.643153
Medium (100-500 lines),IT22277190__mtit-assignment2-hospital-microservices__docker-compose.yml.yml,284,6335,5264,24,0.789944,0.009113,0.694875,1.49393,0.68167,0.630233
Medium (100-500 lines),IT22277190__mtit-assignment2-hospital-microservices__docker-compose.yml.yml,284,6335,5264,25,0.788428,0.009139,0.671112,1.46868,0.690327,0.670239
Medium (100-500 lines),IT22277190__mtit-assignment2-hospital-microservices__docker-compose.yml.yml,284,6335,5264,26,0.772018,0.008948,0.651314,1.43228,0.633506,0.635646
Medium (100-500 lines),IT22277190__mtit-assignment2-hospital-microservices__docker-compose.yml.yml,284,6335,5264,27,0.792728,0.008504,0.683864,1.4851,0.628269,0.635534
Medium (100-500 lines),IT22277190__mtit-assignment2-hospital-microservices__docker-compose.yml.yml,284,6335,5264,28,0.784047,0.008831,0.652827,1.44571,0.676145,0.660555
Medium (100-500 lines),IT22277190__mtit-assignment2-hospital-microservices__docker-compose.yml.yml,284,6335,5264,29,0.769691,0.008542,0.673094,1.45133,0.648898,0.649798
Medium (100-500 lines),JosueCoto2__AgroflexSOA__docker-compose.yml.yml,270,9700,5184,0,1.32188,0.813679,1.14695,3.28251,0.950131,0.89986
Medium (100-500 lines),JosueCoto2__AgroflexSOA__docker-compose.yml.yml,270,9700,5184,1,1.26448,0.013848,1.05784,2.33616,0.909114,0.926782
Medium (100-500 lines),JosueCoto2__AgroflexSOA__docker-compose.yml.yml,270,9700,5184,2,1.21981,0.012777,0.996981,2.22957,0.9166,0.884027
Medium (100-500 lines),JosueCoto2__AgroflexSOA__docker-compose.yml.yml,270,9700,5184,3,1.27018,0.014145,0.888488,2.17281,0.600633,0.598662
Medium (100-500 lines),JosueCoto2__AgroflexSOA__docker-compose.yml.yml,270,9700,5184,4,0.876733,0.009709,0.641486,1.52793,0.648737,0.578663
Medium (100-500 lines),JosueCoto2__AgroflexSOA__docker-compose.yml.yml,270,9700,5184,5,0.857686,0.007095,0.619746,1.48453,0.598002,0.600606
Medium (100-500 lines),JosueCoto2__AgroflexSOA__docker-compose.yml.yml,270,9700,5184,6,0.911698,0.007586,0.684762,1.60405,0.605517,0.578356
Medium (100-500 lines),JosueCoto2__AgroflexSOA__docker-compose.yml.yml,270,9700,5184,7,0.854221,0.007628,0.612543,1.47439,0.596296,0.609002
Medium (100-500 lines),JosueCoto2__AgroflexSOA__docker-compose.yml.yml,270,9700,5184,8,0.872682,0.00691,0.611965,1.49156,0.629313,0.589708
Medium (100-500 lines),JosueCoto2__AgroflexSOA__docker-compose.yml.yml,270,9700,5184,9,0.9158,0.007723,0.670861,1.59438,0.612812,0.605919
Medium (100-500 lines),JosueCoto2__AgroflexSOA__docker-compose.yml.yml,270,9700,5184,10,0.95507,0.007943,0.688101,1.65111,0.616502,0.61204
Medium (100-500 lines),JosueCoto2__AgroflexSOA__docker-compose.yml.yml,270,9700,5184,11,0.870587,0.007163,0.629518,1.50727,0.686647,0.616447
Medium (100-500 lines),JosueCoto2__AgroflexSOA__docker-compose.yml.yml,270,9700,5184,12,0.892912,0.008298,0.655351,1.55656,0.628623,0.617778
Medium (100-500 lines),JosueCoto2__AgroflexSOA__docker-compose.yml.yml,270,9700,5184,13,0.966866,0.00787,0.647899,1.62264,0.628967,0.639556
Medium (100-500 lines),JosueCoto2__AgroflexSOA__docker-compose.yml.yml,270,9700,5184,14,0.933766,0.008183,0.661657,1.60361,0.671323,0.604879
Medium (100-500 lines),JosueCoto2__AgroflexSOA__docker-compose.yml.yml,270,9700,5184,15,0.878798,0.007425,0.686391,1.57261,0.694279,0.666072
Medium (100-500 lines),JosueCoto2__AgroflexSOA__docker-compose.yml.yml,270,9700,5184,16,0.862979,0.007639,0.642396,1.51301,0.639719,0.659487
Medium (100-500 lines),JosueCoto2__AgroflexSOA__docker-compose.yml.yml,270,9700,5184,17,0.868891,0.007515,0.679327,1.55573,0.62473,0.647177
Medium (100-500 lines),JosueCoto2__AgroflexSOA__docker-compose.yml.yml,270,9700,5184,18,0.859897,0.007916,0.649591,1.5174,0.666775,0.607865
Medium (100-500 lines),JosueCoto2__AgroflexSOA__docker-compose.yml.yml,270,9700,5184,19,0.940238,0.007513,0.661982,1.60973,0.683245,0.659779
Medium (100-500 lines),JosueCoto2__AgroflexSOA__docker-compose.yml.yml,270,9700,5184,20,0.901468,0.008183,0.663589,1.57324,0.634331,0.61176
Medium (100-500 lines),JosueCoto2__AgroflexSOA__docker-compose.yml.yml,270,9700,5184,21,0.90768,0.007562,0.665961,1.5812,0.620317,0.630509
Medium (100-500 lines),JosueCoto2__AgroflexSOA__docker-compose.yml.yml,270,9700,5184,22,0.876193,0.007603,0.642338,1.52613,0.629441,0.637115
Medium (100-500 lines),JosueCoto2__AgroflexSOA__docker-compose.yml.yml,270,9700,5184,23,0.90631,0.00776,0.658588,1.57266,0.645817,0.648495
Medium (100-500 lines),JosueCoto2__AgroflexSOA__docker-compose.yml.yml,270,9700,5184,24,0.906889,0.013071,0.661664,1.58162,0.649136,0.606392
Medium (100-500 lines),JosueCoto2__AgroflexSOA__docker-compose.yml.yml,270,9700,5184,25,0.906412,0.007668,0.661343,1.57542,0.637966,0.650566
Medium (100-500 lines),JosueCoto2__AgroflexSOA__docker-compose.yml.yml,270,9700,5184,26,0.874927,0.007956,0.653434,1.53632,0.641037,0.603939
Medium (100-500 lines),JosueCoto2__AgroflexSOA__docker-compose.yml.yml,270,9700,5184,27,0.907035,0.007763,0.681434,1.59623,0.681242,0.627264
Medium (100-500 lines),JosueCoto2__AgroflexSOA__docker-compose.yml.yml,270,9700,5184,28,0.883135,0.007224,0.692789,1.58315,0.643209,0.611273
Medium (100-500 lines),JosueCoto2__AgroflexSOA__docker-compose.yml.yml,270,9700,5184,29,0.905668,0.007681,0.667208,1.58056,0.634388,0.651069
Medium (100-500 lines),Karnemorkon__matrix-dendrite-setup__docker-compose.yml.yml,264,6701,5072,0,0.968691,0.821451,0.945351,2.73549,0.782101,0.690835
Medium (100-500 lines),Karnemorkon__matrix-dendrite-setup__docker-compose.yml.yml,264,6701,5072,1,0.905267,0.012583,0.806817,1.72467,0.771765,0.743507
Medium (100-500 lines),Karnemorkon__matrix-dendrite-setup__docker-compose.yml.yml,264,6701,5072,2,0.924854,0.01262,0.808691,1.74616,0.731716,0.689707
Medium (100-500 lines),Karnemorkon__matrix-dendrite-setup__docker-compose.yml.yml,264,6701,5072,3,0.851087,0.012576,0.589137,1.4528,0.487094,0.477787
Medium (100-500 lines),Karnemorkon__matrix-dendrite-setup__docker-compose.yml.yml,264,6701,5072,4,0.644587,0.006787,0.498338,1.14971,0.514214,0.486114
Medium (100-500 lines),Karnemorkon__matrix-dendrite-setup__docker-compose.yml.yml,264,6701,5072,5,0.613584,0.006578,0.49364,1.1138,0.484748,0.467397
Medium (100-500 lines),Karnemorkon__matrix-dendrite-setup__docker-compose.yml.yml,264,6701,5072,6,0.614843,0.006462,0.494017,1.11532,0.489018,0.482517
Medium (100-500 lines),Karnemorkon__matrix-dendrite-setup__docker-compose.yml.yml,264,6701,5072,7,0.611903,0.006578,0.495772,1.11425,0.484502,0.466488
Medium (100-500 lines),Karnemorkon__matrix-dendrite-setup__docker-compose.yml.yml,264,6701,5072,8,0.612147,0.006212,0.493213,1.11157,0.521934,0.474851
Medium (100-500 lines),Karnemorkon__matrix-dendrite-setup__docker-compose.yml.yml,264,6701,5072,9,0.617764,0.006873,0.505525,1.13016,0.484928,0.468918
Medium (100-500 lines),Karnemorkon__matrix-dendrite-setup__docker-compose.yml.yml,264,6701,5072,10,0.618947,0.007058,0.502083,1.12809,0.516461,0.460421
Medium (100-500 lines),Karnemorkon__matrix-dendrite-setup__docker-compose.yml.yml,264,6701,5072,11,0.615312,0.00646,0.497009,1.11878,0.484213,0.463495
Medium (100-500 lines),Karnemorkon__matrix-dendrite-setup__docker-compose.yml.yml,264,6701,5072,12,0.609676,0.006399,0.518859,1.13493,0.489786,0.459676
Medium (100-500 lines),Karnemorkon__matrix-dendrite-setup__docker-compose.yml.yml,264,6701,5072,13,0.639516,0.006504,0.493497,1.13952,0.486627,0.489484
Medium (100-500 lines),Karnemorkon__matrix-dendrite-setup__docker-compose.yml.yml,264,6701,5072,14,0.711647,0.007817,0.54901,1.26847,0.506708,0.460491
Medium (100-500 lines),Karnemorkon__matrix-dendrite-setup__docker-compose.yml.yml,264,6701,5072,15,0.612866,0.006522,0.493415,1.1128,0.509253,0.465296
Medium (100-500 lines),Karnemorkon__matrix-dendrite-setup__docker-compose.yml.yml,264,6701,5072,16,0.645118,0.006703,0.522923,1.17474,0.493364,0.483979
Medium (100-500 lines),Karnemorkon__matrix-dendrite-setup__docker-compose.yml.yml,264,6701,5072,17,0.613867,0.006915,0.498943,1.11973,0.483717,0.465945
Medium (100-500 lines),Karnemorkon__matrix-dendrite-setup__docker-compose.yml.yml,264,6701,5072,18,0.668726,0.006486,0.502462,1.17767,0.51509,0.46844
Medium (100-500 lines),Karnemorkon__matrix-dendrite-setup__docker-compose.yml.yml,264,6701,5072,19,0.620406,0.006395,0.525924,1.15272,0.509731,0.471372
Medium (100-500 lines),Karnemorkon__matrix-dendrite-setup__docker-compose.yml.yml,264,6701,5072,20,0.636722,0.006346,0.501711,1.14478,0.500201,0.469438
Medium (100-500 lines),Karnemorkon__matrix-dendrite-setup__docker-compose.yml.yml,264,6701,5072,21,0.636672,0.007328,0.537502,1.1815,0.494319,0.510513
Medium (100-500 lines),Karnemorkon__matrix-dendrite-setup__docker-compose.yml.yml,264,6701,5072,22,0.634467,0.007371,0.516906,1.15874,0.500004,0.468769
Medium (100-500 lines),Karnemorkon__matrix-dendrite-setup__docker-compose.yml.yml,264,6701,5072,23,0.621473,0.006666,0.515347,1.14349,0.495766,0.497931
Medium (100-500 lines),Karnemorkon__matrix-dendrite-setup__docker-compose.yml.yml,264,6701,5072,24,0.624958,0.006787,0.512768,1.14451,0.501788,0.471169
Medium (100-500 lines),Karnemorkon__matrix-dendrite-setup__docker-compose.yml.yml,264,6701,5072,25,0.625115,0.007007,0.539515,1.17164,0.494309,0.475113
Medium (100-500 lines),Karnemorkon__matrix-dendrite-setup__docker-compose.yml.yml,264,6701,5072,26,0.628762,0.006945,0.522799,1.15851,0.499378,0.488703
Medium (100-500 lines),Karnemorkon__matrix-dendrite-setup__docker-compose.yml.yml,264,6701,5072,27,0.642645,0.006693,0.504729,1.15407,0.494166,0.475704
Medium (100-500 lines),Karnemorkon__matrix-dendrite-setup__docker-compose.yml.yml,264,6701,5072,28,0.632,0.006293,0.514813,1.15311,0.509927,0.479658
Medium (100-500 lines),Karnemorkon__matrix-dendrite-setup__docker-compose.yml.yml,264,6701,5072,29,0.682297,0.00709,0.518648,1.20803,0.505286,0.486473
Medium (100-500 lines),LuchnikKek__Team_Auth_sprint_2__docker-compose.yml.yml,171,4240,5108,0,0.775884,0.828987,0.864687,2.46956,0.675161,0.633197
Medium (100-500 lines),LuchnikKek__Team_Auth_sprint_2__docker-compose.yml.yml,171,4240,5108,1,0.7444,0.010451,0.747762,1.50261,0.66721,0.615417
Medium (100-500 lines),LuchnikKek__Team_Auth_sprint_2__docker-compose.yml.yml,171,4240,5108,2,0.526649,0.00941,0.576451,1.11251,0.446236,0.402283
Medium (100-500 lines),LuchnikKek__Team_Auth_sprint_2__docker-compose.yml.yml,171,4240,5108,3,0.492923,0.005978,0.467845,0.966746,0.458135,0.461959
Medium (100-500 lines),LuchnikKek__Team_Auth_sprint_2__docker-compose.yml.yml,171,4240,5108,4,0.49277,0.006111,0.472451,0.971332,0.443592,0.400265
Medium (100-500 lines),LuchnikKek__Team_Auth_sprint_2__docker-compose.yml.yml,171,4240,5108,5,0.490128,0.005704,0.466043,0.961875,0.413469,0.456042
Medium (100-500 lines),LuchnikKek__Team_Auth_sprint_2__docker-compose.yml.yml,171,4240,5108,6,0.524834,0.005991,0.476362,1.00719,0.450953,0.399411
Medium (100-500 lines),LuchnikKek__Team_Auth_sprint_2__docker-compose.yml.yml,171,4240,5108,7,0.491157,0.005884,0.456063,0.953104,0.413377,0.437217
Medium (100-500 lines),LuchnikKek__Team_Auth_sprint_2__docker-compose.yml.yml,171,4240,5108,8,0.514183,0.006203,0.456851,0.977237,0.461031,0.399425
Medium (100-500 lines),LuchnikKek__Team_Auth_sprint_2__docker-compose.yml.yml,171,4240,5108,9,0.491511,0.006162,0.460876,0.958549,0.414396,0.436883
Medium (100-500 lines),LuchnikKek__Team_Auth_sprint_2__docker-compose.yml.yml,171,4240,5108,10,0.488694,0.005552,0.496197,0.990443,0.445569,0.40071
Medium (100-500 lines),LuchnikKek__Team_Auth_sprint_2__docker-compose.yml.yml,171,4240,5108,11,0.489233,0.005417,0.468035,0.962685,0.476052,0.467413
Medium (100-500 lines),LuchnikKek__Team_Auth_sprint_2__docker-compose.yml.yml,171,4240,5108,12,0.489813,0.005662,0.492828,0.988303,0.476875,0.459739
Medium (100-500 lines),LuchnikKek__Team_Auth_sprint_2__docker-compose.yml.yml,171,4240,5108,13,0.56167,0.006523,0.492809,1.061,0.475883,0.459965
Medium (100-500 lines),LuchnikKek__Team_Auth_sprint_2__docker-compose.yml.yml,171,4240,5108,14,0.573479,0.007172,0.509203,1.08985,0.472853,0.456556
Medium (100-500 lines),LuchnikKek__Team_Auth_sprint_2__docker-compose.yml.yml,171,4240,5108,15,0.568204,0.0069,0.490254,1.06536,0.471916,0.458637
Medium (100-500 lines),LuchnikKek__Team_Auth_sprint_2__docker-compose.yml.yml,171,4240,5108,16,0.556842,0.006449,0.498262,1.06155,0.476201,0.458007
Medium (100-500 lines),LuchnikKek__Team_Auth_sprint_2__docker-compose.yml.yml,171,4240,5108,17,0.567408,0.006712,0.493169,1.06729,0.472553,0.458428
Medium (100-500 lines),LuchnikKek__Team_Auth_sprint_2__docker-compose.yml.yml,171,4240,5108,18,0.559389,0.0062,0.496441,1.06203,0.475974,0.45882
Medium (100-500 lines),LuchnikKek__Team_Auth_sprint_2__docker-compose.yml.yml,171,4240,5108,19,0.567369,0.006439,0.491345,1.06515,0.470564,0.458416
Medium (100-500 lines),LuchnikKek__Team_Auth_sprint_2__docker-compose.yml.yml,171,4240,5108,20,0.560504,0.006059,0.494913,1.06148,0.47489,0.459512
Medium (100-500 lines),LuchnikKek__Team_Auth_sprint_2__docker-compose.yml.yml,171,4240,5108,21,0.565775,0.006413,0.485737,1.05793,0.472818,0.458796
Medium (100-500 lines),LuchnikKek__Team_Auth_sprint_2__docker-compose.yml.yml,171,4240,5108,22,0.565161,0.006372,0.507478,1.07901,0.476446,0.45789
Medium (100-500 lines),LuchnikKek__Team_Auth_sprint_2__docker-compose.yml.yml,171,4240,5108,23,0.561513,0.006667,0.489491,1.05767,0.470495,0.457436
Medium (100-500 lines),LuchnikKek__Team_Auth_sprint_2__docker-compose.yml.yml,171,4240,5108,24,0.565423,0.006474,0.49544,1.06734,0.476259,0.459864
Medium (100-500 lines),LuchnikKek__Team_Auth_sprint_2__docker-compose.yml.yml,171,4240,5108,25,0.562265,0.006388,0.487444,1.0561,0.471489,0.459097
Medium (100-500 lines),LuchnikKek__Team_Auth_sprint_2__docker-compose.yml.yml,171,4240,5108,26,0.576754,0.006167,0.488855,1.07178,0.475608,0.457724
Medium (100-500 lines),LuchnikKek__Team_Auth_sprint_2__docker-compose.yml.yml,171,4240,5108,27,0.563513,0.006457,0.48866,1.05863,0.471994,0.459166
Medium (100-500 lines),LuchnikKek__Team_Auth_sprint_2__docker-compose.yml.yml,171,4240,5108,28,0.56177,0.006311,0.4909,1.05898,0.475001,0.456358
Medium (100-500 lines),LuchnikKek__Team_Auth_sprint_2__docker-compose.yml.yml,171,4240,5108,29,0.560801,0.006272,0.487289,1.05436,0.472808,0.459788
Medium (100-500 lines),MangwaleDev__searchv2__docker-compose.yml.yml,384,10927,5372,0,1.12312,0.523395,1.10096,2.74748,1.09136,0.850994
Medium (100-500 lines),MangwaleDev__searchv2__docker-compose.yml.yml,384,10927,5372,1,1.06369,0.011789,1.0476,2.12308,0.94841,0.955531
Medium (100-500 lines),MangwaleDev__searchv2__docker-compose.yml.yml,384,10927,5372,2,1.0569,0.010542,0.940426,2.00787,1.07006,0.847656
Medium (100-500 lines),MangwaleDev__searchv2__docker-compose.yml.yml,384,10927,5372,3,1.05411,0.009937,0.981069,2.04512,0.961108,0.964059
Medium (100-500 lines),MangwaleDev__searchv2__docker-compose.yml.yml,384,10927,5372,4,1.08336,0.010028,0.959327,2.05271,1.08018,0.872969
Medium (100-500 lines),MangwaleDev__searchv2__docker-compose.yml.yml,384,10927,5372,5,1.05803,0.011438,0.949369,2.01884,1.08301,0.978242
Medium (100-500 lines),MangwaleDev__searchv2__docker-compose.yml.yml,384,10927,5372,6,1.20313,0.011479,1.01583,2.23045,0.992709,0.871645
Medium (100-500 lines),MangwaleDev__searchv2__docker-compose.yml.yml,384,10927,5372,7,1.0562,0.010972,0.93387,2.00104,0.966332,0.890436
Medium (100-500 lines),MangwaleDev__searchv2__docker-compose.yml.yml,384,10927,5372,8,1.06902,0.009963,0.947263,2.02625,1.03222,0.880485
Medium (100-500 lines),MangwaleDev__searchv2__docker-compose.yml.yml,384,10927,5372,9,1.10174,0.010819,0.978796,2.09135,0.965474,0.922743
Medium (100-500 lines),MangwaleDev__searchv2__docker-compose.yml.yml,384,10927,5372,10,1.07917,0.010819,0.984743,2.07474,1.03412,0.882022
Medium (100-500 lines),MangwaleDev__searchv2__docker-compose.yml.yml,384,10927,5372,11,1.11685,0.010147,0.968205,2.09521,1.00662,0.914383
Medium (100-500 lines),MangwaleDev__searchv2__docker-compose.yml.yml,384,10927,5372,12,1.12782,0.010241,1.00504,2.1431,1.00038,0.895544
Medium (100-500 lines),MangwaleDev__searchv2__docker-compose.yml.yml,384,10927,5372,13,1.07618,0.010291,0.991847,2.07831,0.990972,0.922641
Medium (100-500 lines),MangwaleDev__searchv2__docker-compose.yml.yml,384,10927,5372,14,1.10284,0.010496,0.999744,2.11308,1.04563,0.887938
Medium (100-500 lines),MangwaleDev__searchv2__docker-compose.yml.yml,384,10927,5372,15,1.10059,0.010267,1.01026,2.12112,0.98306,0.902586
Medium (100-500 lines),MangwaleDev__searchv2__docker-compose.yml.yml,384,10927,5372,16,1.09337,0.010339,1.01278,2.11649,1.02046,0.865033
Medium (100-500 lines),MangwaleDev__searchv2__docker-compose.yml.yml,384,10927,5372,17,1.08042,0.010025,1.0044,2.09484,0.968903,0.902003
Medium (100-500 lines),MangwaleDev__searchv2__docker-compose.yml.yml,384,10927,5372,18,1.12064,0.010449,0.980388,2.11147,1.00029,0.864217
Medium (100-500 lines),MangwaleDev__searchv2__docker-compose.yml.yml,384,10927,5372,19,1.09275,0.010331,1.00673,2.1098,1.00554,0.902985
Medium (100-500 lines),MangwaleDev__searchv2__docker-compose.yml.yml,384,10927,5372,20,1.06544,0.009655,0.992621,2.06772,1.01363,0.862598
Medium (100-500 lines),MangwaleDev__searchv2__docker-compose.yml.yml,384,10927,5372,21,1.07811,0.010028,0.984586,2.07273,0.990417,0.900958
Medium (100-500 lines),MangwaleDev__searchv2__docker-compose.yml.yml,384,10927,5372,22,1.12502,0.010882,1.01858,2.15448,1.00686,0.882603
Medium (100-500 lines),MangwaleDev__searchv2__docker-compose.yml.yml,384,10927,5372,23,1.11899,0.010459,0.994914,2.12437,0.987423,0.903251
Medium (100-500 lines),MangwaleDev__searchv2__docker-compose.yml.yml,384,10927,5372,24,1.09121,0.010271,0.981558,2.08304,1.02304,0.898865
Medium (100-500 lines),MangwaleDev__searchv2__docker-compose.yml.yml,384,10927,5372,25,1.09352,0.009869,0.968285,2.07167,1.05082,0.90522
Medium (100-500 lines),MangwaleDev__searchv2__docker-compose.yml.yml,384,10927,5372,26,1.19565,0.011274,0.946698,2.15362,0.986263,0.885281
Medium (100-500 lines),MangwaleDev__searchv2__docker-compose.yml.yml,384,10927,5372,27,1.0841,0.010951,0.947581,2.04263,0.999806,0.895799
Medium (100-500 lines),MangwaleDev__searchv2__docker-compose.yml.yml,384,10927,5372,28,1.12386,0.011148,0.979389,2.1144,0.997294,0.898314
Medium (100-500 lines),MangwaleDev__searchv2__docker-compose.yml.yml,384,10927,5372,29,1.12597,0.010217,0.966506,2.10269,0.994695,0.889218
Medium (100-500 lines),NuttyShrimp__bachelor-thesis-poc__benchmark_docker-compose.yml.yml,262,6028,5244,0,1.02331,0.812484,0.97286,2.80866,0.850307,0.599606
Medium (100-500 lines),NuttyShrimp__bachelor-thesis-poc__benchmark_docker-compose.yml.yml,262,6028,5244,1,0.678608,0.00871,0.598317,1.28564,0.541024,0.522299
Medium (100-500 lines),NuttyShrimp__bachelor-thesis-poc__benchmark_docker-compose.yml.yml,262,6028,5244,2,0.656693,0.007516,0.565934,1.23014,0.591411,0.498511
Medium (100-500 lines),NuttyShrimp__bachelor-thesis-poc__benchmark_docker-compose.yml.yml,262,6028,5244,3,0.669808,0.007402,0.552894,1.2301,0.539036,0.524933
Medium (100-500 lines),NuttyShrimp__bachelor-thesis-poc__benchmark_docker-compose.yml.yml,262,6028,5244,4,0.68858,0.006992,0.553991,1.24956,0.567767,0.497005
Medium (100-500 lines),NuttyShrimp__bachelor-thesis-poc__benchmark_docker-compose.yml.yml,262,6028,5244,5,0.700798,0.007354,0.55384,1.26199,0.559345,0.593621
Medium (100-500 lines),NuttyShrimp__bachelor-thesis-poc__benchmark_docker-compose.yml.yml,262,6028,5244,6,0.662465,0.006955,0.551485,1.2209,0.567381,0.498182
Medium (100-500 lines),NuttyShrimp__bachelor-thesis-poc__benchmark_docker-compose.yml.yml,262,6028,5244,7,0.738655,0.008208,0.584119,1.33098,0.541833,0.537342
Medium (100-500 lines),NuttyShrimp__bachelor-thesis-poc__benchmark_docker-compose.yml.yml,262,6028,5244,8,0.659088,0.006938,0.546613,1.21264,0.624713,0.570011
Medium (100-500 lines),NuttyShrimp__bachelor-thesis-poc__benchmark_docker-compose.yml.yml,262,6028,5244,9,0.721844,0.007386,0.54514,1.27437,0.547613,0.547193
Medium (100-500 lines),NuttyShrimp__bachelor-thesis-poc__benchmark_docker-compose.yml.yml,262,6028,5244,10,0.672628,0.007154,0.573044,1.25283,0.626836,0.507476
Medium (100-500 lines),NuttyShrimp__bachelor-thesis-poc__benchmark_docker-compose.yml.yml,262,6028,5244,11,0.690929,0.007105,0.546846,1.24488,0.61906,0.586571
Medium (100-500 lines),NuttyShrimp__bachelor-thesis-poc__benchmark_docker-compose.yml.yml,262,6028,5244,12,0.762556,0.008095,0.560738,1.33139,0.582998,0.519575
Medium (100-500 lines),NuttyShrimp__bachelor-thesis-poc__benchmark_docker-compose.yml.yml,262,6028,5244,13,0.666795,0.00741,0.607348,1.28155,0.628234,0.577488
Medium (100-500 lines),NuttyShrimp__bachelor-thesis-poc__benchmark_docker-compose.yml.yml,262,6028,5244,14,0.66308,0.00734,0.56621,1.23663,0.562305,0.498524
Medium (100-500 lines),NuttyShrimp__bachelor-thesis-poc__benchmark_docker-compose.yml.yml,262,6028,5244,15,0.681167,0.007357,0.568743,1.25727,0.551231,0.555399
Medium (100-500 lines),NuttyShrimp__bachelor-thesis-poc__benchmark_docker-compose.yml.yml,262,6028,5244,16,0.679592,0.007405,0.577111,1.26411,0.575617,0.510201
Medium (100-500 lines),NuttyShrimp__bachelor-thesis-poc__benchmark_docker-compose.yml.yml,262,6028,5244,17,0.675127,0.007181,0.587042,1.26935,0.562783,0.551545
Medium (100-500 lines),NuttyShrimp__bachelor-thesis-poc__benchmark_docker-compose.yml.yml,262,6028,5244,18,0.688681,0.007646,0.573858,1.27018,0.595944,0.574104
Medium (100-500 lines),NuttyShrimp__bachelor-thesis-poc__benchmark_docker-compose.yml.yml,262,6028,5244,19,0.682669,0.007456,0.574605,1.26473,0.571996,0.53064
Medium (100-500 lines),NuttyShrimp__bachelor-thesis-poc__benchmark_docker-compose.yml.yml,262,6028,5244,20,0.679139,0.007295,0.560334,1.24677,0.598735,0.511271
Medium (100-500 lines),NuttyShrimp__bachelor-thesis-poc__benchmark_docker-compose.yml.yml,262,6028,5244,21,0.691432,0.00745,0.571524,1.27041,0.572342,0.528915
Medium (100-500 lines),NuttyShrimp__bachelor-thesis-poc__benchmark_docker-compose.yml.yml,262,6028,5244,22,0.692118,0.008089,0.567559,1.26777,0.583578,0.517518
Medium (100-500 lines),NuttyShrimp__bachelor-thesis-poc__benchmark_docker-compose.yml.yml,262,6028,5244,23,0.691633,0.007185,0.565924,1.26474,0.584522,0.56018
Medium (100-500 lines),NuttyShrimp__bachelor-thesis-poc__benchmark_docker-compose.yml.yml,262,6028,5244,24,0.683093,0.007239,0.55674,1.24707,0.572875,0.530593
Medium (100-500 lines),NuttyShrimp__bachelor-thesis-poc__benchmark_docker-compose.yml.yml,262,6028,5244,25,0.712799,0.007465,0.564194,1.28446,0.555912,0.547517
Medium (100-500 lines),NuttyShrimp__bachelor-thesis-poc__benchmark_docker-compose.yml.yml,262,6028,5244,26,0.694922,0.007343,0.560874,1.26314,0.593937,0.521716
Medium (100-500 lines),NuttyShrimp__bachelor-thesis-poc__benchmark_docker-compose.yml.yml,262,6028,5244,27,0.716378,0.007488,0.573684,1.29755,0.563361,0.541558
Medium (100-500 lines),NuttyShrimp__bachelor-thesis-poc__benchmark_docker-compose.yml.yml,262,6028,5244,28,0.687115,0.007205,0.611412,1.30573,0.631269,0.568622
Medium (100-500 lines),NuttyShrimp__bachelor-thesis-poc__benchmark_docker-compose.yml.yml,262,6028,5244,29,0.68571,0.007244,0.572875,1.26583,0.619501,0.584657
Medium (100-500 lines),PacktPublishing__Building-Smart-Home-Automation-Solutions-with-Home-Assistant__Chapter_08_docker-compose.yml.yml,176,4569,5040,0,0.702058,0.822064,0.80219,2.32631,0.647201,0.580267
Medium (100-500 lines),PacktPublishing__Building-Smart-Home-Automation-Solutions-with-Home-Assistant__Chapter_08_docker-compose.yml.yml,176,4569,5040,1,0.684393,0.009077,0.640493,1.33396,0.5713,0.535951
Medium (100-500 lines),PacktPublishing__Building-Smart-Home-Automation-Solutions-with-Home-Assistant__Chapter_08_docker-compose.yml.yml,176,4569,5040,2,0.73335,0.00761,0.505924,1.24688,0.404192,0.360366
Medium (100-500 lines),PacktPublishing__Building-Smart-Home-Automation-Solutions-with-Home-Assistant__Chapter_08_docker-compose.yml.yml,176,4569,5040,3,0.463802,0.005313,0.410894,0.880009,0.38497,0.392165
Medium (100-500 lines),PacktPublishing__Building-Smart-Home-Automation-Solutions-with-Home-Assistant__Chapter_08_docker-compose.yml.yml,176,4569,5040,4,0.456298,0.004869,0.420421,0.881588,0.415619,0.360709
Medium (100-500 lines),PacktPublishing__Building-Smart-Home-Automation-Solutions-with-Home-Assistant__Chapter_08_docker-compose.yml.yml,176,4569,5040,5,0.455089,0.005099,0.411961,0.872149,0.383135,0.390501
Medium (100-500 lines),PacktPublishing__Building-Smart-Home-Automation-Solutions-with-Home-Assistant__Chapter_08_docker-compose.yml.yml,176,4569,5040,6,0.45774,0.004948,0.406058,0.868746,0.418821,0.375569
Medium (100-500 lines),PacktPublishing__Building-Smart-Home-Automation-Solutions-with-Home-Assistant__Chapter_08_docker-compose.yml.yml,176,4569,5040,7,0.453073,0.004616,0.409254,0.866943,0.381813,0.390514
Medium (100-500 lines),PacktPublishing__Building-Smart-Home-Automation-Solutions-with-Home-Assistant__Chapter_08_docker-compose.yml.yml,176,4569,5040,8,0.481432,0.004703,0.396249,0.882384,0.421664,0.357419
Medium (100-500 lines),PacktPublishing__Building-Smart-Home-Automation-Solutions-with-Home-Assistant__Chapter_08_docker-compose.yml.yml,176,4569,5040,9,0.478434,0.004877,0.395572,0.878883,0.381015,0.380757
Medium (100-500 lines),PacktPublishing__Building-Smart-Home-Automation-Solutions-with-Home-Assistant__Chapter_08_docker-compose.yml.yml,176,4569,5040,10,0.450266,0.004985,0.410078,0.865329,0.406279,0.359188
Medium (100-500 lines),PacktPublishing__Building-Smart-Home-Automation-Solutions-with-Home-Assistant__Chapter_08_docker-compose.yml.yml,176,4569,5040,11,0.485689,0.004961,0.442359,0.933009,0.389533,0.379732
Medium (100-500 lines),PacktPublishing__Building-Smart-Home-Automation-Solutions-with-Home-Assistant__Chapter_08_docker-compose.yml.yml,176,4569,5040,12,0.458224,0.004981,0.411893,0.875098,0.423155,0.366465
Medium (100-500 lines),PacktPublishing__Building-Smart-Home-Automation-Solutions-with-Home-Assistant__Chapter_08_docker-compose.yml.yml,176,4569,5040,13,0.465608,0.005026,0.408369,0.879003,0.414981,0.392872
Medium (100-500 lines),PacktPublishing__Building-Smart-Home-Automation-Solutions-with-Home-Assistant__Chapter_08_docker-compose.yml.yml,176,4569,5040,14,0.464119,0.004956,0.408583,0.877658,0.419785,0.365641
Medium (100-500 lines),PacktPublishing__Building-Smart-Home-Automation-Solutions-with-Home-Assistant__Chapter_08_docker-compose.yml.yml,176,4569,5040,15,0.466978,0.0046,0.428262,0.89984,0.39206,0.37868
Medium (100-500 lines),PacktPublishing__Building-Smart-Home-Automation-Solutions-with-Home-Assistant__Chapter_08_docker-compose.yml.yml,176,4569,5040,16,0.468133,0.00552,0.410724,0.884377,0.425706,0.362993
Medium (100-500 lines),PacktPublishing__Building-Smart-Home-Automation-Solutions-with-Home-Assistant__Chapter_08_docker-compose.yml.yml,176,4569,5040,17,0.459472,0.004771,0.405658,0.869901,0.397592,0.38488
Medium (100-500 lines),PacktPublishing__Building-Smart-Home-Automation-Solutions-with-Home-Assistant__Chapter_08_docker-compose.yml.yml,176,4569,5040,18,0.471746,0.005214,0.445866,0.922826,0.42214,0.374892
Medium (100-500 lines),PacktPublishing__Building-Smart-Home-Automation-Solutions-with-Home-Assistant__Chapter_08_docker-compose.yml.yml,176,4569,5040,19,0.462343,0.00506,0.414765,0.882168,0.398453,0.398955
Medium (100-500 lines),PacktPublishing__Building-Smart-Home-Automation-Solutions-with-Home-Assistant__Chapter_08_docker-compose.yml.yml,176,4569,5040,20,0.477026,0.004826,0.41762,0.899472,0.427319,0.391669
Medium (100-500 lines),PacktPublishing__Building-Smart-Home-Automation-Solutions-with-Home-Assistant__Chapter_08_docker-compose.yml.yml,176,4569,5040,21,0.474611,0.004865,0.413431,0.892907,0.397648,0.39205
Medium (100-500 lines),PacktPublishing__Building-Smart-Home-Automation-Solutions-with-Home-Assistant__Chapter_08_docker-compose.yml.yml,176,4569,5040,22,0.486102,0.004866,0.409875,0.900843,0.435287,0.387786
Medium (100-500 lines),PacktPublishing__Building-Smart-Home-Automation-Solutions-with-Home-Assistant__Chapter_08_docker-compose.yml.yml,176,4569,5040,23,0.501577,0.005206,0.41072,0.917503,0.406839,0.402529
Medium (100-500 lines),PacktPublishing__Building-Smart-Home-Automation-Solutions-with-Home-Assistant__Chapter_08_docker-compose.yml.yml,176,4569,5040,24,0.475418,0.005405,0.421707,0.90253,0.422494,0.374556
Medium (100-500 lines),PacktPublishing__Building-Smart-Home-Automation-Solutions-with-Home-Assistant__Chapter_08_docker-compose.yml.yml,176,4569,5040,25,0.471991,0.004983,0.442656,0.91963,0.419216,0.394832
Medium (100-500 lines),PacktPublishing__Building-Smart-Home-Automation-Solutions-with-Home-Assistant__Chapter_08_docker-compose.yml.yml,176,4569,5040,26,0.495654,0.005099,0.410568,0.911321,0.436092,0.395658
Medium (100-500 lines),PacktPublishing__Building-Smart-Home-Automation-Solutions-with-Home-Assistant__Chapter_08_docker-compose.yml.yml,176,4569,5040,27,0.474492,0.004974,0.432097,0.911563,0.407904,0.422611
Medium (100-500 lines),PacktPublishing__Building-Smart-Home-Automation-Solutions-with-Home-Assistant__Chapter_08_docker-compose.yml.yml,176,4569,5040,28,0.468309,0.005162,0.416204,0.889675,0.43379,0.382597
Medium (100-500 lines),PacktPublishing__Building-Smart-Home-Automation-Solutions-with-Home-Assistant__Chapter_08_docker-compose.yml.yml,176,4569,5040,29,0.503069,0.00509,0.419985,0.928144,0.406501,0.412247
Medium (100-500 lines),ProjektZespolowyMetro__METRO__docker-compose.yml.yml,101,3029,4928,0,0.438284,0.854884,0.546326,1.83949,0.342368,0.284198
Medium (100-500 lines),ProjektZespolowyMetro__METRO__docker-compose.yml.yml,101,3029,4928,1,0.430926,0.007344,0.401611,0.839881,0.306168,0.278623
Medium (100-500 lines),ProjektZespolowyMetro__METRO__docker-compose.yml.yml,101,3029,4928,2,0.410108,0.005722,0.369862,0.785692,0.309451,0.274736
Medium (100-500 lines),ProjektZespolowyMetro__METRO__docker-compose.yml.yml,101,3029,4928,3,0.418279,0.005493,0.359839,0.783611,0.304974,0.274183
Medium (100-500 lines),ProjektZespolowyMetro__METRO__docker-compose.yml.yml,101,3029,4928,4,0.409053,0.005713,0.361215,0.775981,0.307409,0.273181
Medium (100-500 lines),ProjektZespolowyMetro__METRO__docker-compose.yml.yml,101,3029,4928,5,0.410248,0.005544,0.396661,0.812453,0.326468,0.310935
Medium (100-500 lines),ProjektZespolowyMetro__METRO__docker-compose.yml.yml,101,3029,4928,6,0.313894,0.00632,0.317112,0.637326,0.216968,0.183757
Medium (100-500 lines),ProjektZespolowyMetro__METRO__docker-compose.yml.yml,101,3029,4928,7,0.278006,0.003812,0.234803,0.516621,0.203632,0.208105
Medium (100-500 lines),ProjektZespolowyMetro__METRO__docker-compose.yml.yml,101,3029,4928,8,0.273048,0.003191,0.227528,0.503767,0.231483,0.180885
Medium (100-500 lines),ProjektZespolowyMetro__METRO__docker-compose.yml.yml,101,3029,4928,9,0.274048,0.003078,0.226048,0.503174,0.230646,0.206888
Medium (100-500 lines),ProjektZespolowyMetro__METRO__docker-compose.yml.yml,101,3029,4928,10,0.299597,0.003297,0.225806,0.5287,0.229682,0.183963
Medium (100-500 lines),ProjektZespolowyMetro__METRO__docker-compose.yml.yml,101,3029,4928,11,0.280013,0.003579,0.242739,0.526331,0.200605,0.211271
Medium (100-500 lines),ProjektZespolowyMetro__METRO__docker-compose.yml.yml,101,3029,4928,12,0.272522,0.003031,0.229107,0.50466,0.21717,0.182976
Medium (100-500 lines),ProjektZespolowyMetro__METRO__docker-compose.yml.yml,101,3029,4928,13,0.278912,0.003871,0.267677,0.55046,0.201324,0.198839
Medium (100-500 lines),ProjektZespolowyMetro__METRO__docker-compose.yml.yml,101,3029,4928,14,0.288655,0.003851,0.221574,0.51408,0.225901,0.179462
Medium (100-500 lines),ProjektZespolowyMetro__METRO__docker-compose.yml.yml,101,3029,4928,15,0.272825,0.00287,0.222875,0.49857,0.199264,0.206428
Medium (100-500 lines),ProjektZespolowyMetro__METRO__docker-compose.yml.yml,101,3029,4928,16,0.26994,0.002889,0.222569,0.495398,0.22578,0.179141
Medium (100-500 lines),ProjektZespolowyMetro__METRO__docker-compose.yml.yml,101,3029,4928,17,0.270566,0.003007,0.226444,0.500017,0.20159,0.20577
Medium (100-500 lines),ProjektZespolowyMetro__METRO__docker-compose.yml.yml,101,3029,4928,18,0.273111,0.003049,0.230569,0.506729,0.242319,0.207518
Medium (100-500 lines),ProjektZespolowyMetro__METRO__docker-compose.yml.yml,101,3029,4928,19,0.310068,0.003801,0.222167,0.536036,0.228868,0.21946
Medium (100-500 lines),ProjektZespolowyMetro__METRO__docker-compose.yml.yml,101,3029,4928,20,0.310856,0.003585,0.224019,0.53846,0.246494,0.207382
Medium (100-500 lines),ProjektZespolowyMetro__METRO__docker-compose.yml.yml,101,3029,4928,21,0.320136,0.003845,0.241658,0.565639,0.229288,0.210088
Medium (100-500 lines),ProjektZespolowyMetro__METRO__docker-compose.yml.yml,101,3029,4928,22,0.311984,0.003744,0.241122,0.55685,0.232511,0.207626
Medium (100-500 lines),ProjektZespolowyMetro__METRO__docker-compose.yml.yml,101,3029,4928,23,0.311933,0.003346,0.23525,0.550529,0.228165,0.207001
Medium (100-500 lines),ProjektZespolowyMetro__METRO__docker-compose.yml.yml,101,3029,4928,24,0.308808,0.003301,0.235229,0.547338,0.231949,0.207968
Medium (100-500 lines),ProjektZespolowyMetro__METRO__docker-compose.yml.yml,101,3029,4928,25,0.315453,0.003586,0.233928,0.552967,0.229153,0.208908
Medium (100-500 lines),ProjektZespolowyMetro__METRO__docker-compose.yml.yml,101,3029,4928,26,0.312148,0.003242,0.245452,0.560842,0.232599,0.206854
Medium (100-500 lines),ProjektZespolowyMetro__METRO__docker-compose.yml.yml,101,3029,4928,27,0.312649,0.003664,0.241474,0.557787,0.231121,0.209743
Medium (100-500 lines),ProjektZespolowyMetro__METRO__docker-compose.yml.yml,101,3029,4928,28,0.324293,0.004653,0.255943,0.584889,0.237483,0.210102
Medium (100-500 lines),ProjektZespolowyMetro__METRO__docker-compose.yml.yml,101,3029,4928,29,0.314991,0.003881,0.245257,0.564129,0.231894,0.211219
Medium (100-500 lines),ProudRykar__MTUCI-Course_3-Fullstack__docker-compose.yml.yml,140,4232,4940,0,0.656677,0.848519,0.74581,2.25101,0.52833,0.478817
Medium (100-500 lines),ProudRykar__MTUCI-Course_3-Fullstack__docker-compose.yml.yml,140,4232,4940,1,0.632631,0.008437,0.579904,1.22097,0.473089,0.47371
Medium (100-500 lines),ProudRykar__MTUCI-Course_3-Fullstack__docker-compose.yml.yml,140,4232,4940,2,0.60839,0.007512,0.510982,1.12688,0.343882,0.31976
Medium (100-500 lines),ProudRykar__MTUCI-Course_3-Fullstack__docker-compose.yml.yml,140,4232,4940,3,0.459154,0.010973,0.37199,0.842117,0.321986,0.349103
Medium (100-500 lines),ProudRykar__MTUCI-Course_3-Fullstack__docker-compose.yml.yml,140,4232,4940,4,0.462839,0.007218,0.406479,0.876536,0.387366,0.355092
Medium (100-500 lines),ProudRykar__MTUCI-Course_3-Fullstack__docker-compose.yml.yml,140,4232,4940,5,0.413567,0.005767,0.382274,0.801608,0.318127,0.35755
Medium (100-500 lines),ProudRykar__MTUCI-Course_3-Fullstack__docker-compose.yml.yml,140,4232,4940,6,0.410369,0.00474,0.380989,0.796098,0.346559,0.316376
Medium (100-500 lines),ProudRykar__MTUCI-Course_3-Fullstack__docker-compose.yml.yml,140,4232,4940,7,0.40673,0.004354,0.392363,0.803447,0.316665,0.345323
Medium (100-500 lines),ProudRykar__MTUCI-Course_3-Fullstack__docker-compose.yml.yml,140,4232,4940,8,0.405,0.004107,0.363947,0.773054,0.372504,0.362424
Medium (100-500 lines),ProudRykar__MTUCI-Course_3-Fullstack__docker-compose.yml.yml,140,4232,4940,9,0.46657,0.00504,0.395156,0.866766,0.363439,0.363558
Medium (100-500 lines),ProudRykar__MTUCI-Course_3-Fullstack__docker-compose.yml.yml,140,4232,4940,10,0.451359,0.004825,0.365844,0.822028,0.347281,0.315589
Medium (100-500 lines),ProudRykar__MTUCI-Course_3-Fullstack__docker-compose.yml.yml,140,4232,4940,11,0.415721,0.004234,0.389507,0.809462,0.363842,0.360267
Medium (100-500 lines),ProudRykar__MTUCI-Course_3-Fullstack__docker-compose.yml.yml,140,4232,4940,12,0.461747,0.004848,0.394233,0.860828,0.355016,0.315093
Medium (100-500 lines),ProudRykar__MTUCI-Course_3-Fullstack__docker-compose.yml.yml,140,4232,4940,13,0.404497,0.004391,0.364259,0.773147,0.317757,0.34444
Medium (100-500 lines),ProudRykar__MTUCI-Course_3-Fullstack__docker-compose.yml.yml,140,4232,4940,14,0.407766,0.004945,0.393487,0.806198,0.375493,0.368841
Medium (100-500 lines),ProudRykar__MTUCI-Course_3-Fullstack__docker-compose.yml.yml,140,4232,4940,15,0.492023,0.00695,0.402839,0.901812,0.317575,0.334818
Medium (100-500 lines),ProudRykar__MTUCI-Course_3-Fullstack__docker-compose.yml.yml,140,4232,4940,16,0.409445,0.004526,0.368817,0.782788,0.380661,0.362617
Medium (100-500 lines),ProudRykar__MTUCI-Course_3-Fullstack__docker-compose.yml.yml,140,4232,4940,17,0.470065,0.004737,0.356017,0.830819,0.355759,0.373201
Medium (100-500 lines),ProudRykar__MTUCI-Course_3-Fullstack__docker-compose.yml.yml,140,4232,4940,18,0.405831,0.004084,0.362921,0.772836,0.34086,0.31472
Medium (100-500 lines),ProudRykar__MTUCI-Course_3-Fullstack__docker-compose.yml.yml,140,4232,4940,19,0.399281,0.004336,0.406419,0.810036,0.365513,0.363554
Medium (100-500 lines),ProudRykar__MTUCI-Course_3-Fullstack__docker-compose.yml.yml,140,4232,4940,20,0.469455,0.005485,0.394744,0.869684,0.346372,0.315103
Medium (100-500 lines),ProudRykar__MTUCI-Course_3-Fullstack__docker-compose.yml.yml,140,4232,4940,21,0.413633,0.012497,0.357728,0.783858,0.367285,0.365472
Medium (100-500 lines),ProudRykar__MTUCI-Course_3-Fullstack__docker-compose.yml.yml,140,4232,4940,22,0.464719,0.004622,0.395657,0.864998,0.332347,0.31588
Medium (100-500 lines),ProudRykar__MTUCI-Course_3-Fullstack__docker-compose.yml.yml,140,4232,4940,23,0.442967,0.004933,0.35821,0.80611,0.317793,0.343507
Medium (100-500 lines),ProudRykar__MTUCI-Course_3-Fullstack__docker-compose.yml.yml,140,4232,4940,24,0.411117,0.0042,0.367424,0.782741,0.34781,0.321726
Medium (100-500 lines),ProudRykar__MTUCI-Course_3-Fullstack__docker-compose.yml.yml,140,4232,4940,25,0.424205,0.00457,0.399467,0.828242,0.329602,0.367366
Medium (100-500 lines),ProudRykar__MTUCI-Course_3-Fullstack__docker-compose.yml.yml,140,4232,4940,26,0.420232,0.00535,0.368982,0.794564,0.351019,0.322284
Medium (100-500 lines),ProudRykar__MTUCI-Course_3-Fullstack__docker-compose.yml.yml,140,4232,4940,27,0.415016,0.004277,0.389781,0.809074,0.36462,0.363155
Medium (100-500 lines),ProudRykar__MTUCI-Course_3-Fullstack__docker-compose.yml.yml,140,4232,4940,28,0.466624,0.004781,0.39084,0.862245,0.339944,0.321537
Medium (100-500 lines),ProudRykar__MTUCI-Course_3-Fullstack__docker-compose.yml.yml,140,4232,4940,29,0.435166,0.004269,0.36062,0.800055,0.363376,0.373562
Medium (100-500 lines),Rishabhmannu__banking-observability-platform__backups_20250623_174521_docker-compose.yml.yml,243,5849,5124,0,1.02906,0.838567,1.04723,2.91486,0.938643,0.747184
Medium (100-500 lines),Rishabhmannu__banking-observability-platform__backups_20250623_174521_docker-compose.yml.yml,243,5849,5124,1,0.848026,0.009343,0.656214,1.51358,0.567702,0.541684
Medium (100-500 lines),Rishabhmannu__banking-observability-platform__backups_20250623_174521_docker-compose.yml.yml,243,5849,5124,2,0.636368,0.007522,0.567041,1.21093,0.621515,0.501176
Medium (100-500 lines),Rishabhmannu__banking-observability-platform__backups_20250623_174521_docker-compose.yml.yml,243,5849,5124,3,0.622,0.007275,0.565368,1.19464,0.561996,0.530428
Medium (100-500 lines),Rishabhmannu__banking-observability-platform__backups_20250623_174521_docker-compose.yml.yml,243,5849,5124,4,0.612086,0.007254,0.56902,1.18836,0.604308,0.499796
Medium (100-500 lines),Rishabhmannu__banking-observability-platform__backups_20250623_174521_docker-compose.yml.yml,243,5849,5124,5,0.62794,0.007764,0.557168,1.19287,0.586992,0.534709
Medium (100-500 lines),Rishabhmannu__banking-observability-platform__backups_20250623_174521_docker-compose.yml.yml,243,5849,5124,6,0.683317,0.007707,0.585161,1.27618,0.612859,0.500379
Medium (100-500 lines),Rishabhmannu__banking-observability-platform__backups_20250623_174521_docker-compose.yml.yml,243,5849,5124,7,0.631062,0.00751,0.570455,1.20903,0.562136,0.579902
Medium (100-500 lines),Rishabhmannu__banking-observability-platform__backups_20250623_174521_docker-compose.yml.yml,243,5849,5124,8,0.623429,0.007253,0.561739,1.19242,0.595755,0.507979
Medium (100-500 lines),Rishabhmannu__banking-observability-platform__backups_20250623_174521_docker-compose.yml.yml,243,5849,5124,9,0.626455,0.007576,0.716999,1.35103,0.58159,0.540799
Medium (100-500 lines),Rishabhmannu__banking-observability-platform__backups_20250623_174521_docker-compose.yml.yml,243,5849,5124,10,0.671463,0.008824,0.604084,1.28437,0.611311,0.531091
Medium (100-500 lines),Rishabhmannu__banking-observability-platform__backups_20250623_174521_docker-compose.yml.yml,243,5849,5124,11,0.652934,0.007725,0.581524,1.24218,0.587298,0.534612
Medium (100-500 lines),Rishabhmannu__banking-observability-platform__backups_20250623_174521_docker-compose.yml.yml,243,5849,5124,12,0.648571,0.007708,0.584014,1.24029,0.631293,0.522785
Medium (100-500 lines),Rishabhmannu__banking-observability-platform__backups_20250623_174521_docker-compose.yml.yml,243,5849,5124,13,0.656886,0.00794,0.60872,1.27355,0.589718,0.546997
Medium (100-500 lines),Rishabhmannu__banking-observability-platform__backups_20250623_174521_docker-compose.yml.yml,243,5849,5124,14,0.657199,0.008832,0.59891,1.26494,0.610978,0.53826
Medium (100-500 lines),Rishabhmannu__banking-observability-platform__backups_20250623_174521_docker-compose.yml.yml,243,5849,5124,15,0.649207,0.007767,0.577864,1.23484,0.603705,0.553528
Medium (100-500 lines),Rishabhmannu__banking-observability-platform__backups_20250623_174521_docker-compose.yml.yml,243,5849,5124,16,0.658492,0.008135,0.596294,1.26292,0.608303,0.521445
Medium (100-500 lines),Rishabhmannu__banking-observability-platform__backups_20250623_174521_docker-compose.yml.yml,243,5849,5124,17,0.658028,0.007542,0.626441,1.29201,0.613408,0.546593
Medium (100-500 lines),Rishabhmannu__banking-observability-platform__backups_20250623_174521_docker-compose.yml.yml,243,5849,5124,18,0.658532,0.007752,0.585013,1.2513,0.614459,0.540806
Medium (100-500 lines),Rishabhmannu__banking-observability-platform__backups_20250623_174521_docker-compose.yml.yml,243,5849,5124,19,0.680599,0.007804,0.583766,1.27217,0.589054,0.557082
Medium (100-500 lines),Rishabhmannu__banking-observability-platform__backups_20250623_174521_docker-compose.yml.yml,243,5849,5124,20,0.682363,0.008476,0.615248,1.30609,0.66141,0.538469
Medium (100-500 lines),Rishabhmannu__banking-observability-platform__backups_20250623_174521_docker-compose.yml.yml,243,5849,5124,21,0.670172,0.008333,0.574482,1.25299,0.587415,0.548307
Medium (100-500 lines),Rishabhmannu__banking-observability-platform__backups_20250623_174521_docker-compose.yml.yml,243,5849,5124,22,0.649246,0.008084,0.604042,1.26137,0.667283,0.548841
Medium (100-500 lines),Rishabhmannu__banking-observability-platform__backups_20250623_174521_docker-compose.yml.yml,243,5849,5124,23,0.648802,0.007462,0.620284,1.27655,0.651755,0.578457
Medium (100-500 lines),Rishabhmannu__banking-observability-platform__backups_20250623_174521_docker-compose.yml.yml,243,5849,5124,24,0.651545,0.007345,0.566294,1.22518,0.615901,0.560388
Medium (100-500 lines),Rishabhmannu__banking-observability-platform__backups_20250623_174521_docker-compose.yml.yml,243,5849,5124,25,0.719256,0.008615,0.621065,1.34894,0.587496,0.542682
Medium (100-500 lines),Rishabhmannu__banking-observability-platform__backups_20250623_174521_docker-compose.yml.yml,243,5849,5124,26,0.656646,0.007608,0.5854,1.24965,0.65647,0.572574
Medium (100-500 lines),Rishabhmannu__banking-observability-platform__backups_20250623_174521_docker-compose.yml.yml,243,5849,5124,27,0.739273,0.009783,0.608605,1.35766,0.575462,0.51779
Medium (100-500 lines),Rishabhmannu__banking-observability-platform__backups_20250623_174521_docker-compose.yml.yml,243,5849,5124,28,0.66009,0.007584,0.552001,1.21968,0.664373,0.524963
Medium (100-500 lines),Rishabhmannu__banking-observability-platform__backups_20250623_174521_docker-compose.yml.yml,243,5849,5124,29,0.669602,0.007552,0.560649,1.2378,0.590515,0.543615
Medium (100-500 lines),ShanelReyes__rory__docker-compose.yml.bak.yml,152,4921,4936,0,0.678575,0.906015,0.953363,2.53795,0.682143,0.64158
Medium (100-500 lines),ShanelReyes__rory__docker-compose.yml.bak.yml,152,4921,4936,1,0.660728,0.009391,0.719839,1.38996,0.672478,0.684156
Medium (100-500 lines),ShanelReyes__rory__docker-compose.yml.bak.yml,152,4921,4936,2,0.650332,0.007424,0.681703,1.33946,0.597144,0.588448
Medium (100-500 lines),ShanelReyes__rory__docker-compose.yml.bak.yml,152,4921,4936,3,0.657216,0.007331,0.543494,1.20804,0.38502,0.407814
Medium (100-500 lines),ShanelReyes__rory__docker-compose.yml.bak.yml,152,4921,4936,4,0.467073,0.004651,0.445678,0.917402,0.401846,0.379624
Medium (100-500 lines),ShanelReyes__rory__docker-compose.yml.bak.yml,152,4921,4936,5,0.506621,0.006315,0.444387,0.957323,0.381634,0.397922
Medium (100-500 lines),ShanelReyes__rory__docker-compose.yml.bak.yml,152,4921,4936,6,0.453167,0.003868,0.440229,0.897264,0.397114,0.378441
Medium (100-500 lines),ShanelReyes__rory__docker-compose.yml.bak.yml,152,4921,4936,7,0.45163,0.003716,0.451137,0.906483,0.436648,0.443292
Medium (100-500 lines),ShanelReyes__rory__docker-compose.yml.bak.yml,152,4921,4936,8,0.496622,0.006001,0.484557,0.98718,0.440627,0.433904
Medium (100-500 lines),ShanelReyes__rory__docker-compose.yml.bak.yml,152,4921,4936,9,0.496671,0.005463,0.468212,0.970346,0.437686,0.452457
Medium (100-500 lines),ShanelReyes__rory__docker-compose.yml.bak.yml,152,4921,4936,10,0.497913,0.005106,0.464934,0.967953,0.438314,0.433895
Medium (100-500 lines),ShanelReyes__rory__docker-compose.yml.bak.yml,152,4921,4936,11,0.494712,0.00436,0.460367,0.959439,0.447261,0.433332
Medium (100-500 lines),ShanelReyes__rory__docker-compose.yml.bak.yml,152,4921,4936,12,0.493721,0.004442,0.463029,0.961192,0.437902,0.433422
Medium (100-500 lines),ShanelReyes__rory__docker-compose.yml.bak.yml,152,4921,4936,13,0.493388,0.004407,0.461352,0.959147,0.436789,0.435077
Medium (100-500 lines),ShanelReyes__rory__docker-compose.yml.bak.yml,152,4921,4936,14,0.508675,0.005255,0.465955,0.979885,0.439012,0.433724
Medium (100-500 lines),ShanelReyes__rory__docker-compose.yml.bak.yml,152,4921,4936,15,0.493906,0.004383,0.461151,0.95944,0.436088,0.435585
Medium (100-500 lines),ShanelReyes__rory__docker-compose.yml.bak.yml,152,4921,4936,16,0.50923,0.004557,0.464361,0.978148,0.439347,0.434539
Medium (100-500 lines),ShanelReyes__rory__docker-compose.yml.bak.yml,152,4921,4936,17,0.499034,0.005797,0.475314,0.980145,0.437429,0.435981
Medium (100-500 lines),ShanelReyes__rory__docker-compose.yml.bak.yml,152,4921,4936,18,0.497753,0.004677,0.486944,0.989374,0.440091,0.435915
Medium (100-500 lines),ShanelReyes__rory__docker-compose.yml.bak.yml,152,4921,4936,19,0.495168,0.004805,0.463835,0.963808,0.435692,0.43455
Medium (100-500 lines),ShanelReyes__rory__docker-compose.yml.bak.yml,152,4921,4936,20,0.491561,0.004566,0.472502,0.968629,0.437979,0.433235
Medium (100-500 lines),ShanelReyes__rory__docker-compose.yml.bak.yml,152,4921,4936,21,0.492478,0.004634,0.463925,0.961037,0.436729,0.43657
Medium (100-500 lines),ShanelReyes__rory__docker-compose.yml.bak.yml,152,4921,4936,22,0.495413,0.00448,0.463237,0.96313,0.445869,0.434793
Medium (100-500 lines),ShanelReyes__rory__docker-compose.yml.bak.yml,152,4921,4936,23,0.495431,0.004709,0.464707,0.964847,0.435746,0.434653
Medium (100-500 lines),ShanelReyes__rory__docker-compose.yml.bak.yml,152,4921,4936,24,0.491865,0.004222,0.464091,0.960178,0.438424,0.44812
Medium (100-500 lines),ShanelReyes__rory__docker-compose.yml.bak.yml,152,4921,4936,25,0.498695,0.004543,0.468856,0.972094,0.436073,0.435806
Medium (100-500 lines),ShanelReyes__rory__docker-compose.yml.bak.yml,152,4921,4936,26,0.500745,0.006197,0.610243,1.11719,0.461353,0.458212
Medium (100-500 lines),ShanelReyes__rory__docker-compose.yml.bak.yml,152,4921,4936,27,0.515949,0.008029,0.491737,1.01571,0.436967,0.433973
Medium (100-500 lines),ShanelReyes__rory__docker-compose.yml.bak.yml,152,4921,4936,28,0.49898,0.005447,0.470286,0.974713,0.438431,0.447409
Medium (100-500 lines),ShanelReyes__rory__docker-compose.yml.bak.yml,152,4921,4936,29,0.496755,0.004698,0.465911,0.967364,0.43684,0.434958
Large (500-2000 lines),AdrienPoupa__docker-compose-nas__docker-compose.yml.yml,580,21586,5748,0,2.18651,0.527206,2.26634,4.98006,2.14762,2.09424
Large (500-2000 lines),AdrienPoupa__docker-compose-nas__docker-compose.yml.yml,580,21586,5748,1,2.16479,0.019552,2.2854,4.46974,2.12915,2.08019
Large (500-2000 lines),AdrienPoupa__docker-compose-nas__docker-compose.yml.yml,580,21586,5748,2,2.12905,0.017265,2.26622,4.41254,2.21278,2.14343
Large (500-2000 lines),AdrienPoupa__docker-compose-nas__docker-compose.yml.yml,580,21586,5748,3,2.20856,0.018615,2.27784,4.50502,2.13216,2.19526
Large (500-2000 lines),AdrienPoupa__docker-compose-nas__docker-compose.yml.yml,580,21586,5748,4,2.19341,0.017009,2.68784,4.89826,2.27384,2.10318
Large (500-2000 lines),AdrienPoupa__docker-compose-nas__docker-compose.yml.yml,580,21586,5748,5,2.23169,0.020457,2.28783,4.53998,2.19898,2.1969
Large (500-2000 lines),AdrienPoupa__docker-compose-nas__docker-compose.yml.yml,580,21586,5748,6,2.19218,0.018034,2.30963,4.51984,2.19525,2.124
Large (500-2000 lines),AdrienPoupa__docker-compose-nas__docker-compose.yml.yml,580,21586,5748,7,2.26952,0.018132,2.27373,4.56139,2.14965,2.19503
Large (500-2000 lines),AdrienPoupa__docker-compose-nas__docker-compose.yml.yml,580,21586,5748,8,2.18163,0.016672,2.24291,4.44122,2.25446,2.13756
Large (500-2000 lines),AdrienPoupa__docker-compose-nas__docker-compose.yml.yml,580,21586,5748,9,2.243,0.017938,2.30308,4.56402,2.1677,2.20629
Large (500-2000 lines),AdrienPoupa__docker-compose-nas__docker-compose.yml.yml,580,21586,5748,10,2.20023,0.018433,2.37914,4.59781,2.37417,2.14506
Large (500-2000 lines),AdrienPoupa__docker-compose-nas__docker-compose.yml.yml,580,21586,5748,11,2.21943,0.019487,2.2284,4.46732,2.12928,2.16812
Large (500-2000 lines),AdrienPoupa__docker-compose-nas__docker-compose.yml.yml,580,21586,5748,12,2.18777,0.019321,2.33043,4.53752,2.31416,2.18303
Large (500-2000 lines),AdrienPoupa__docker-compose-nas__docker-compose.yml.yml,580,21586,5748,13,2.23721,0.017655,2.23636,4.49122,2.22459,2.17982
Large (500-2000 lines),AdrienPoupa__docker-compose-nas__docker-compose.yml.yml,580,21586,5748,14,2.23997,0.019049,2.29545,4.55447,2.22664,2.18335
Large (500-2000 lines),AdrienPoupa__docker-compose-nas__docker-compose.yml.yml,580,21586,5748,15,2.22472,0.017206,2.21561,4.45753,2.20427,2.2834
Large (500-2000 lines),AdrienPoupa__docker-compose-nas__docker-compose.yml.yml,580,21586,5748,16,2.20356,0.024559,2.28299,4.51111,2.26385,2.1235
Large (500-2000 lines),AdrienPoupa__docker-compose-nas__docker-compose.yml.yml,580,21586,5748,17,2.21874,0.018785,2.23089,4.46841,2.20562,2.17547
Large (500-2000 lines),AdrienPoupa__docker-compose-nas__docker-compose.yml.yml,580,21586,5748,18,2.27823,0.027674,2.34209,4.64799,2.21425,2.17147
Large (500-2000 lines),AdrienPoupa__docker-compose-nas__docker-compose.yml.yml,580,21586,5748,19,2.18259,0.016833,2.23978,4.4392,2.18046,2.23574
Large (500-2000 lines),AdrienPoupa__docker-compose-nas__docker-compose.yml.yml,580,21586,5748,20,2.21072,0.017775,2.23788,4.46638,2.23988,2.20991
Large (500-2000 lines),AdrienPoupa__docker-compose-nas__docker-compose.yml.yml,580,21586,5748,21,2.25537,0.016741,2.25328,4.5254,2.19001,2.12531
Large (500-2000 lines),AdrienPoupa__docker-compose-nas__docker-compose.yml.yml,580,21586,5748,22,2.2474,0.01694,2.23478,4.49912,2.18951,2.26057
Large (500-2000 lines),AdrienPoupa__docker-compose-nas__docker-compose.yml.yml,580,21586,5748,23,2.27366,0.018633,2.23366,4.52596,2.17516,2.18465
Large (500-2000 lines),AdrienPoupa__docker-compose-nas__docker-compose.yml.yml,580,21586,5748,24,2.23249,0.017196,2.22173,4.47141,2.20815,2.20551
Large (500-2000 lines),AdrienPoupa__docker-compose-nas__docker-compose.yml.yml,580,21586,5748,25,2.29868,0.019364,2.31718,4.63523,2.21383,2.18367
Large (500-2000 lines),AdrienPoupa__docker-compose-nas__docker-compose.yml.yml,580,21586,5748,26,2.2124,0.022389,2.3251,4.55988,2.26914,2.13654
Large (500-2000 lines),AdrienPoupa__docker-compose-nas__docker-compose.yml.yml,580,21586,5748,27,2.24873,0.018115,2.26308,4.52993,2.1748,2.17795
Large (500-2000 lines),AdrienPoupa__docker-compose-nas__docker-compose.yml.yml,580,21586,5748,28,2.20421,0.016979,2.25853,4.47972,2.21871,2.14355
Large (500-2000 lines),AdrienPoupa__docker-compose-nas__docker-compose.yml.yml,580,21586,5748,29,2.25373,0.015962,2.23822,4.50791,2.20193,2.13577
Large (500-2000 lines),Bleenq-Technology__ai-homelab__docker_ai_compose.ai.yml.yml,551,27736,5564,0,1.98388,0.594767,1.3653,3.94395,1.46701,1.09293
Large (500-2000 lines),Bleenq-Technology__ai-homelab__docker_ai_compose.ai.yml.yml,551,27736,5564,1,1.85458,0.014632,1.32033,3.18955,1.39413,1.063
Large (500-2000 lines),Bleenq-Technology__ai-homelab__docker_ai_compose.ai.yml.yml,551,27736,5564,2,1.84161,0.014717,1.31062,3.16694,1.41269,1.10686
Large (500-2000 lines),Bleenq-Technology__ai-homelab__docker_ai_compose.ai.yml.yml,551,27736,5564,3,1.81954,0.012368,1.14939,2.98129,1.43268,1.17674
Large (500-2000 lines),Bleenq-Technology__ai-homelab__docker_ai_compose.ai.yml.yml,551,27736,5564,4,1.86435,0.011581,1.18304,3.05898,1.44142,1.08709
Large (500-2000 lines),Bleenq-Technology__ai-homelab__docker_ai_compose.ai.yml.yml,551,27736,5564,5,1.82725,0.011121,1.17075,3.00912,1.4331,1.07268
Large (500-2000 lines),Bleenq-Technology__ai-homelab__docker_ai_compose.ai.yml.yml,551,27736,5564,6,1.82006,0.010571,1.15129,2.98192,1.44877,1.08174
Large (500-2000 lines),Bleenq-Technology__ai-homelab__docker_ai_compose.ai.yml.yml,551,27736,5564,7,1.89288,0.010386,1.11268,3.01595,1.43545,1.09038
Large (500-2000 lines),Bleenq-Technology__ai-homelab__docker_ai_compose.ai.yml.yml,551,27736,5564,8,1.85495,0.010159,1.1416,3.00671,1.45507,1.09068
Large (500-2000 lines),Bleenq-Technology__ai-homelab__docker_ai_compose.ai.yml.yml,551,27736,5564,9,1.78623,0.009879,1.14362,2.93972,1.4326,1.08627
Large (500-2000 lines),Bleenq-Technology__ai-homelab__docker_ai_compose.ai.yml.yml,551,27736,5564,10,1.81992,0.009992,1.13309,2.963,1.43009,1.07621
Large (500-2000 lines),Bleenq-Technology__ai-homelab__docker_ai_compose.ai.yml.yml,551,27736,5564,11,1.7991,0.009676,1.1222,2.93098,1.38579,1.07023
Large (500-2000 lines),Bleenq-Technology__ai-homelab__docker_ai_compose.ai.yml.yml,551,27736,5564,12,1.80253,0.010052,1.14403,2.95661,1.44541,1.07309
Large (500-2000 lines),Bleenq-Technology__ai-homelab__docker_ai_compose.ai.yml.yml,551,27736,5564,13,1.80438,0.009861,1.14009,2.95433,1.42597,1.08645
Large (500-2000 lines),Bleenq-Technology__ai-homelab__docker_ai_compose.ai.yml.yml,551,27736,5564,14,1.72836,0.014017,1.15518,2.89756,1.39333,1.07721
Large (500-2000 lines),Bleenq-Technology__ai-homelab__docker_ai_compose.ai.yml.yml,551,27736,5564,15,1.84576,0.010323,1.12365,2.97974,1.44127,1.11135
Large (500-2000 lines),Bleenq-Technology__ai-homelab__docker_ai_compose.ai.yml.yml,551,27736,5564,16,1.82467,0.010308,1.12851,2.96349,1.45012,1.07695
Large (500-2000 lines),Bleenq-Technology__ai-homelab__docker_ai_compose.ai.yml.yml,551,27736,5564,17,1.83193,0.010128,1.11756,2.95961,1.39016,1.09977
Large (500-2000 lines),Bleenq-Technology__ai-homelab__docker_ai_compose.ai.yml.yml,551,27736,5564,18,1.83934,0.010225,1.12592,2.97549,1.45788,1.07513
Large (500-2000 lines),Bleenq-Technology__ai-homelab__docker_ai_compose.ai.yml.yml,551,27736,5564,19,1.82107,0.010209,1.1376,2.96889,1.41234,1.10214
Large (500-2000 lines),Bleenq-Technology__ai-homelab__docker_ai_compose.ai.yml.yml,551,27736,5564,20,1.83074,0.010035,1.12442,2.9652,1.41766,1.08495
Large (500-2000 lines),Bleenq-Technology__ai-homelab__docker_ai_compose.ai.yml.yml,551,27736,5564,21,1.80549,0.009987,1.12414,2.93961,1.41559,1.1197
Large (500-2000 lines),Bleenq-Technology__ai-homelab__docker_ai_compose.ai.yml.yml,551,27736,5564,22,1.79653,0.009994,1.15246,2.95899,1.42567,1.07419
Large (500-2000 lines),Bleenq-Technology__ai-homelab__docker_ai_compose.ai.yml.yml,551,27736,5564,23,1.80285,0.011044,1.15139,2.96528,1.42175,1.0978
Large (500-2000 lines),Bleenq-Technology__ai-homelab__docker_ai_compose.ai.yml.yml,551,27736,5564,24,1.82631,0.009909,1.14798,2.9842,1.4658,1.10279
Large (500-2000 lines),Bleenq-Technology__ai-homelab__docker_ai_compose.ai.yml.yml,551,27736,5564,25,1.83273,0.009951,1.12906,2.97174,1.41471,1.08154
Large (500-2000 lines),Bleenq-Technology__ai-homelab__docker_ai_compose.ai.yml.yml,551,27736,5564,26,1.82585,0.010208,1.17214,3.0082,1.47022,1.09814
Large (500-2000 lines),Bleenq-Technology__ai-homelab__docker_ai_compose.ai.yml.yml,551,27736,5564,27,1.82218,0.010022,1.16174,2.99394,1.41463,1.10268
Large (500-2000 lines),Bleenq-Technology__ai-homelab__docker_ai_compose.ai.yml.yml,551,27736,5564,28,1.82815,0.009633,1.15794,2.99572,1.44929,1.08559
Large (500-2000 lines),Bleenq-Technology__ai-homelab__docker_ai_compose.ai.yml.yml,551,27736,5564,29,1.78532,0.009702,1.18558,2.9806,1.41379,1.12359
Large (500-2000 lines),CJLove__homelab__ArtifactKeeper_docker-compose.yml.yml,636,28510,5540,0,1.77431,0.526459,1.18118,3.48196,1.16513,1.10633
Large (500-2000 lines),CJLove__homelab__ArtifactKeeper_docker-compose.yml.yml,636,28510,5540,1,1.71932,0.010888,1.11498,2.84519,1.08503,1.0178
Large (500-2000 lines),CJLove__homelab__ArtifactKeeper_docker-compose.yml.yml,636,28510,5540,2,1.78398,0.010383,1.10899,2.90336,1.15394,1.05559
Large (500-2000 lines),CJLove__homelab__ArtifactKeeper_docker-compose.yml.yml,636,28510,5540,3,1.80285,0.012035,1.11347,2.92836,1.11694,1.07936
Large (500-2000 lines),CJLove__homelab__ArtifactKeeper_docker-compose.yml.yml,636,28510,5540,4,1.83064,0.011641,1.13317,2.97545,1.15646,1.01427
Large (500-2000 lines),CJLove__homelab__ArtifactKeeper_docker-compose.yml.yml,636,28510,5540,5,1.84189,0.011419,1.12249,2.97579,1.21437,1.03209
Large (500-2000 lines),CJLove__homelab__ArtifactKeeper_docker-compose.yml.yml,636,28510,5540,6,1.87556,0.010463,1.06777,2.95379,1.13119,0.993036
Large (500-2000 lines),CJLove__homelab__ArtifactKeeper_docker-compose.yml.yml,636,28510,5540,7,1.76575,0.011465,1.07212,2.84934,1.10346,1.00814
Large (500-2000 lines),CJLove__homelab__ArtifactKeeper_docker-compose.yml.yml,636,28510,5540,8,1.8095,0.010415,1.07648,2.89639,1.12079,1.03308
Large (500-2000 lines),CJLove__homelab__ArtifactKeeper_docker-compose.yml.yml,636,28510,5540,9,1.82209,0.011271,1.14205,2.97541,1.20556,1.03363
Large (500-2000 lines),CJLove__homelab__ArtifactKeeper_docker-compose.yml.yml,636,28510,5540,10,1.79662,0.011543,1.14204,2.9502,1.15785,1.01764
Large (500-2000 lines),CJLove__homelab__ArtifactKeeper_docker-compose.yml.yml,636,28510,5540,11,1.78205,0.01017,1.10703,2.89925,1.14793,1.0355
Large (500-2000 lines),CJLove__homelab__ArtifactKeeper_docker-compose.yml.yml,636,28510,5540,12,1.82322,0.010027,1.06996,2.90321,1.14652,1.04194
Large (500-2000 lines),CJLove__homelab__ArtifactKeeper_docker-compose.yml.yml,636,28510,5540,13,1.72137,0.012078,1.14471,2.87816,1.11004,1.04024
Large (500-2000 lines),CJLove__homelab__ArtifactKeeper_docker-compose.yml.yml,636,28510,5540,14,1.72805,0.010953,1.09105,2.83005,1.13023,1.01381
Large (500-2000 lines),CJLove__homelab__ArtifactKeeper_docker-compose.yml.yml,636,28510,5540,15,1.82609,0.010599,1.09788,2.93457,1.1409,1.02349
Large (500-2000 lines),CJLove__homelab__ArtifactKeeper_docker-compose.yml.yml,636,28510,5540,16,1.84211,0.012427,1.11867,2.97321,1.17189,1.04656
Large (500-2000 lines),CJLove__homelab__ArtifactKeeper_docker-compose.yml.yml,636,28510,5540,17,1.77033,0.011109,1.1579,2.93934,1.13639,1.06185
Large (500-2000 lines),CJLove__homelab__ArtifactKeeper_docker-compose.yml.yml,636,28510,5540,18,1.78526,0.017301,1.16157,2.96413,1.22344,1.11727
Large (500-2000 lines),CJLove__homelab__ArtifactKeeper_docker-compose.yml.yml,636,28510,5540,19,1.95914,0.01177,1.2227,3.1936,1.23715,1.13119
Large (500-2000 lines),CJLove__homelab__ArtifactKeeper_docker-compose.yml.yml,636,28510,5540,20,1.96732,0.01233,1.15025,3.1299,1.08503,0.995782
Large (500-2000 lines),CJLove__homelab__ArtifactKeeper_docker-compose.yml.yml,636,28510,5540,21,1.7658,0.009882,1.04345,2.81913,1.12634,1.01089
Large (500-2000 lines),CJLove__homelab__ArtifactKeeper_docker-compose.yml.yml,636,28510,5540,22,1.83056,0.009973,1.07214,2.91267,1.11568,1.03905
Large (500-2000 lines),CJLove__homelab__ArtifactKeeper_docker-compose.yml.yml,636,28510,5540,23,1.83771,0.012333,1.11302,2.96306,1.1386,1.04528
Large (500-2000 lines),CJLove__homelab__ArtifactKeeper_docker-compose.yml.yml,636,28510,5540,24,1.8257,0.010941,1.10548,2.94212,1.12807,1.01572
Large (500-2000 lines),CJLove__homelab__ArtifactKeeper_docker-compose.yml.yml,636,28510,5540,25,1.80589,0.010083,1.07994,2.89591,1.19477,1.03841
Large (500-2000 lines),CJLove__homelab__ArtifactKeeper_docker-compose.yml.yml,636,28510,5540,26,1.81877,0.012186,1.11123,2.94219,1.15188,1.01726
Large (500-2000 lines),CJLove__homelab__ArtifactKeeper_docker-compose.yml.yml,636,28510,5540,27,1.81666,0.012256,1.1028,2.93172,1.11459,1.01439
Large (500-2000 lines),CJLove__homelab__ArtifactKeeper_docker-compose.yml.yml,636,28510,5540,28,1.82549,0.009905,1.10293,2.93832,1.11888,1.04446
Large (500-2000 lines),CJLove__homelab__ArtifactKeeper_docker-compose.yml.yml,636,28510,5540,29,1.8429,0.012418,1.12522,2.98053,1.13553,1.0176
Large (500-2000 lines),CodesWhat__drydock__test_qa-compose.yml.yml,636,24468,5588,0,1.93386,0.539806,1.58213,4.0558,1.60993,1.48264
Large (500-2000 lines),CodesWhat__drydock__test_qa-compose.yml.yml,636,24468,5588,1,1.91842,0.01368,1.61846,3.55056,1.60608,1.54366
Large (500-2000 lines),CodesWhat__drydock__test_qa-compose.yml.yml,636,24468,5588,2,1.97047,0.015279,1.60634,3.59209,1.5853,1.48888
Large (500-2000 lines),CodesWhat__drydock__test_qa-compose.yml.yml,636,24468,5588,3,1.99007,0.015216,1.59318,3.59847,1.59665,1.51567
Large (500-2000 lines),CodesWhat__drydock__test_qa-compose.yml.yml,636,24468,5588,4,2.0013,0.016285,1.65101,3.66859,1.58872,1.51778
Large (500-2000 lines),CodesWhat__drydock__test_qa-compose.yml.yml,636,24468,5588,5,1.92969,0.013922,1.59604,3.53965,1.56223,1.50159
Large (500-2000 lines),CodesWhat__drydock__test_qa-compose.yml.yml,636,24468,5588,6,1.89632,0.012957,1.6281,3.53738,1.62912,1.46318
Large (500-2000 lines),CodesWhat__drydock__test_qa-compose.yml.yml,636,24468,5588,7,2.01932,0.014643,1.58238,3.61634,1.58329,1.50983
Large (500-2000 lines),CodesWhat__drydock__test_qa-compose.yml.yml,636,24468,5588,8,1.90372,0.014027,1.59257,3.51032,1.56241,1.47494
Large (500-2000 lines),CodesWhat__drydock__test_qa-compose.yml.yml,636,24468,5588,9,1.9449,0.015641,1.62472,3.58526,1.56398,1.54056
Large (500-2000 lines),CodesWhat__drydock__test_qa-compose.yml.yml,636,24468,5588,10,1.94617,0.014404,1.57536,3.53593,1.60024,1.4927
Large (500-2000 lines),CodesWhat__drydock__test_qa-compose.yml.yml,636,24468,5588,11,1.91004,0.013468,1.67691,3.60041,1.63753,1.50739
Large (500-2000 lines),CodesWhat__drydock__test_qa-compose.yml.yml,636,24468,5588,12,1.89645,0.015868,1.61669,3.52901,1.61768,1.45734
Large (500-2000 lines),CodesWhat__drydock__test_qa-compose.yml.yml,636,24468,5588,13,1.97008,0.013736,1.5626,3.54642,1.59921,1.46634
Large (500-2000 lines),CodesWhat__drydock__test_qa-compose.yml.yml,636,24468,5588,14,1.89772,0.016371,1.64765,3.56174,1.60325,1.50611
Large (500-2000 lines),CodesWhat__drydock__test_qa-compose.yml.yml,636,24468,5588,15,1.95317,0.014735,1.57726,3.54516,1.56435,1.51996
Large (500-2000 lines),CodesWhat__drydock__test_qa-compose.yml.yml,636,24468,5588,16,1.91948,0.014372,1.64905,3.5829,1.6783,1.4674
Large (500-2000 lines),CodesWhat__drydock__test_qa-compose.yml.yml,636,24468,5588,17,1.9551,0.013964,1.61216,3.58123,1.59306,1.48512
Large (500-2000 lines),CodesWhat__drydock__test_qa-compose.yml.yml,636,24468,5588,18,1.96702,0.013713,1.59787,3.5786,1.58161,1.51353
Large (500-2000 lines),CodesWhat__drydock__test_qa-compose.yml.yml,636,24468,5588,19,1.94369,0.015032,1.58987,3.54859,1.55756,1.5162
Large (500-2000 lines),CodesWhat__drydock__test_qa-compose.yml.yml,636,24468,5588,20,1.92117,0.01311,1.55986,3.49414,1.58669,1.47283
Large (500-2000 lines),CodesWhat__drydock__test_qa-compose.yml.yml,636,24468,5588,21,1.94649,0.013636,1.64678,3.6069,1.60353,1.51247
Large (500-2000 lines),CodesWhat__drydock__test_qa-compose.yml.yml,636,24468,5588,22,1.91594,0.012986,1.56143,3.49036,1.57814,1.46583
Large (500-2000 lines),CodesWhat__drydock__test_qa-compose.yml.yml,636,24468,5588,23,1.92452,0.013155,1.5901,3.52777,1.59052,1.48337
Large (500-2000 lines),CodesWhat__drydock__test_qa-compose.yml.yml,636,24468,5588,24,1.90749,0.01417,1.60657,3.52823,1.60413,1.48381
Large (500-2000 lines),CodesWhat__drydock__test_qa-compose.yml.yml,636,24468,5588,25,1.95463,0.013156,1.5714,3.53918,1.57366,1.55219
Large (500-2000 lines),CodesWhat__drydock__test_qa-compose.yml.yml,636,24468,5588,26,1.90089,0.014308,1.60261,3.5178,1.63955,1.50818
Large (500-2000 lines),CodesWhat__drydock__test_qa-compose.yml.yml,636,24468,5588,27,1.9551,0.013429,1.58985,3.55838,1.5618,1.48864
Large (500-2000 lines),CodesWhat__drydock__test_qa-compose.yml.yml,636,24468,5588,28,1.90797,0.012733,1.56974,3.49044,1.61282,1.45998
Large (500-2000 lines),CodesWhat__drydock__test_qa-compose.yml.yml,636,24468,5588,29,1.96391,0.01394,1.62661,3.60446,1.58387,1.48111
Large (500-2000 lines),EnigmaCurry__d.rymcg.tech__jitsi-meet_docker-compose.yaml.yml,505,17006,5412,0,2.28423,0.747249,1.53427,4.56574,1.31271,1.28479
Large (500-2000 lines),EnigmaCurry__d.rymcg.tech__jitsi-meet_docker-compose.yaml.yml,505,17006,5412,1,1.50064,0.014846,1.41021,2.92569,1.27636,1.3307
Large (500-2000 lines),EnigmaCurry__d.rymcg.tech__jitsi-meet_docker-compose.yaml.yml,505,17006,5412,2,1.50654,0.012376,1.39669,2.9156,1.29639,1.25652
Large (500-2000 lines),EnigmaCurry__d.rymcg.tech__jitsi-meet_docker-compose.yaml.yml,505,17006,5412,3,1.54255,0.012186,1.38077,2.9355,1.32224,1.61475
Large (500-2000 lines),EnigmaCurry__d.rymcg.tech__jitsi-meet_docker-compose.yaml.yml,505,17006,5412,4,1.54022,0.013936,1.50348,3.05763,1.35833,1.44153
Large (500-2000 lines),EnigmaCurry__d.rymcg.tech__jitsi-meet_docker-compose.yaml.yml,505,17006,5412,5,1.58616,0.012523,1.40062,2.9993,1.33118,1.45266
Large (500-2000 lines),EnigmaCurry__d.rymcg.tech__jitsi-meet_docker-compose.yaml.yml,505,17006,5412,6,1.61981,0.013602,1.45699,3.0904,1.34614,1.29976
Large (500-2000 lines),EnigmaCurry__d.rymcg.tech__jitsi-meet_docker-compose.yaml.yml,505,17006,5412,7,1.59128,0.015065,1.48086,3.0872,1.35442,1.34501
Large (500-2000 lines),EnigmaCurry__d.rymcg.tech__jitsi-meet_docker-compose.yaml.yml,505,17006,5412,8,1.59627,0.01229,1.42389,3.03245,1.36246,1.31398
Large (500-2000 lines),EnigmaCurry__d.rymcg.tech__jitsi-meet_docker-compose.yaml.yml,505,17006,5412,9,1.55951,0.012362,1.40241,2.97428,1.35462,1.34675
Large (500-2000 lines),EnigmaCurry__d.rymcg.tech__jitsi-meet_docker-compose.yaml.yml,505,17006,5412,10,1.51429,0.013481,1.4247,2.95247,1.38958,1.32809
Large (500-2000 lines),EnigmaCurry__d.rymcg.tech__jitsi-meet_docker-compose.yaml.yml,505,17006,5412,11,1.55552,0.013713,1.38614,2.95537,1.3562,1.37992
Large (500-2000 lines),EnigmaCurry__d.rymcg.tech__jitsi-meet_docker-compose.yaml.yml,505,17006,5412,12,1.54865,0.012382,1.41376,2.97479,1.38925,1.31476
Large (500-2000 lines),EnigmaCurry__d.rymcg.tech__jitsi-meet_docker-compose.yaml.yml,505,17006,5412,13,1.55683,0.013438,1.44127,3.01154,1.32805,1.35496
Large (500-2000 lines),EnigmaCurry__d.rymcg.tech__jitsi-meet_docker-compose.yaml.yml,505,17006,5412,14,1.58707,0.012607,1.41043,3.0101,1.35531,1.32231
Large (500-2000 lines),EnigmaCurry__d.rymcg.tech__jitsi-meet_docker-compose.yaml.yml,505,17006,5412,15,1.54807,0.012034,1.4169,2.977,1.31838,1.33635
Large (500-2000 lines),EnigmaCurry__d.rymcg.tech__jitsi-meet_docker-compose.yaml.yml,505,17006,5412,16,1.60327,0.013301,1.43555,3.05212,1.34761,1.3391
Large (500-2000 lines),EnigmaCurry__d.rymcg.tech__jitsi-meet_docker-compose.yaml.yml,505,17006,5412,17,1.5628,0.012364,1.39893,2.9741,1.32117,1.35499
Large (500-2000 lines),EnigmaCurry__d.rymcg.tech__jitsi-meet_docker-compose.yaml.yml,505,17006,5412,18,1.58937,0.012665,1.40885,3.01088,1.35827,1.33856
Large (500-2000 lines),EnigmaCurry__d.rymcg.tech__jitsi-meet_docker-compose.yaml.yml,505,17006,5412,19,1.57069,0.013269,1.47436,3.05832,1.32437,1.48131
Large (500-2000 lines),EnigmaCurry__d.rymcg.tech__jitsi-meet_docker-compose.yaml.yml,505,17006,5412,20,1.6478,0.017047,1.46955,3.1344,1.36929,1.33075
Large (500-2000 lines),EnigmaCurry__d.rymcg.tech__jitsi-meet_docker-compose.yaml.yml,505,17006,5412,21,1.55098,0.01266,1.43359,2.99723,1.34408,1.37513
Large (500-2000 lines),EnigmaCurry__d.rymcg.tech__jitsi-meet_docker-compose.yaml.yml,505,17006,5412,22,1.60426,0.012829,1.45303,3.07013,1.38356,1.33657
Large (500-2000 lines),EnigmaCurry__d.rymcg.tech__jitsi-meet_docker-compose.yaml.yml,505,17006,5412,23,1.57836,0.012394,1.41266,3.00341,1.33189,1.36478
Large (500-2000 lines),EnigmaCurry__d.rymcg.tech__jitsi-meet_docker-compose.yaml.yml,505,17006,5412,24,1.55154,0.013265,1.45714,3.02194,1.34257,1.59524
Large (500-2000 lines),EnigmaCurry__d.rymcg.tech__jitsi-meet_docker-compose.yaml.yml,505,17006,5412,25,1.76885,0.017097,1.57635,3.3623,1.45195,1.46697
Large (500-2000 lines),EnigmaCurry__d.rymcg.tech__jitsi-meet_docker-compose.yaml.yml,505,17006,5412,26,1.67614,0.015244,1.39386,3.08525,1.29261,1.28588
Large (500-2000 lines),EnigmaCurry__d.rymcg.tech__jitsi-meet_docker-compose.yaml.yml,505,17006,5412,27,1.54365,0.013258,1.42574,2.98265,1.318,1.33835
Large (500-2000 lines),EnigmaCurry__d.rymcg.tech__jitsi-meet_docker-compose.yaml.yml,505,17006,5412,28,1.54854,0.012254,1.41448,2.97527,1.39049,1.33389
Large (500-2000 lines),EnigmaCurry__d.rymcg.tech__jitsi-meet_docker-compose.yaml.yml,505,17006,5412,29,1.57737,0.012327,1.40471,2.99441,1.34552,1.34715
Large (500-2000 lines),Hamada-khairi__Hamada-HomeLab__docker-compose.yml.yml,775,31763,5804,0,2.22773,0.539153,1.61667,4.38356,2.42425,1.28453
Large (500-2000 lines),Hamada-khairi__Hamada-HomeLab__docker-compose.yml.yml,775,31763,5804,1,2.21764,0.017102,1.44583,3.68058,2.37228,1.3543
Large (500-2000 lines),Hamada-khairi__Hamada-HomeLab__docker-compose.yml.yml,775,31763,5804,2,2.30939,0.019843,1.44047,3.7697,2.40253,1.40728
Large (500-2000 lines),Hamada-khairi__Hamada-HomeLab__docker-compose.yml.yml,775,31763,5804,3,2.22689,0.016444,1.45921,3.70254,2.46293,1.3419
Large (500-2000 lines),Hamada-khairi__Hamada-HomeLab__docker-compose.yml.yml,775,31763,5804,4,2.25757,0.01759,1.44074,3.71589,2.39582,1.34234
Large (500-2000 lines),Hamada-khairi__Hamada-HomeLab__docker-compose.yml.yml,775,31763,5804,5,2.27366,0.017162,1.44392,3.73474,2.48484,1.42345
Large (500-2000 lines),Hamada-khairi__Hamada-HomeLab__docker-compose.yml.yml,775,31763,5804,6,2.23387,0.018082,1.44335,3.69531,2.44532,1.33426
Large (500-2000 lines),Hamada-khairi__Hamada-HomeLab__docker-compose.yml.yml,775,31763,5804,7,2.26108,0.018165,1.45227,3.73151,2.4471,1.47758
Large (500-2000 lines),Hamada-khairi__Hamada-HomeLab__docker-compose.yml.yml,775,31763,5804,8,2.2287,0.018159,1.48433,3.73119,2.45492,1.30345
Large (500-2000 lines),Hamada-khairi__Hamada-HomeLab__docker-compose.yml.yml,775,31763,5804,9,2.24416,0.017604,1.42477,3.68653,2.55462,1.46941
Large (500-2000 lines),Hamada-khairi__Hamada-HomeLab__docker-compose.yml.yml,775,31763,5804,10,2.22734,0.016868,1.43092,3.67513,2.44594,1.28747
Large (500-2000 lines),Hamada-khairi__Hamada-HomeLab__docker-compose.yml.yml,775,31763,5804,11,2.20185,0.016446,1.40213,3.62043,2.39656,1.36837
Large (500-2000 lines),Hamada-khairi__Hamada-HomeLab__docker-compose.yml.yml,775,31763,5804,12,2.26617,0.016748,1.42843,3.71135,2.41988,1.28236
Large (500-2000 lines),Hamada-khairi__Hamada-HomeLab__docker-compose.yml.yml,775,31763,5804,13,2.22548,0.016688,1.44151,3.68368,2.42954,1.37819
Large (500-2000 lines),Hamada-khairi__Hamada-HomeLab__docker-compose.yml.yml,775,31763,5804,14,2.2474,0.016476,1.43024,3.69412,2.42586,1.3196
Large (500-2000 lines),Hamada-khairi__Hamada-HomeLab__docker-compose.yml.yml,775,31763,5804,15,2.24396,0.019607,1.44736,3.71093,2.4493,1.35274
Large (500-2000 lines),Hamada-khairi__Hamada-HomeLab__docker-compose.yml.yml,775,31763,5804,16,2.24909,0.016379,1.52269,3.78815,2.42227,1.30627
Large (500-2000 lines),Hamada-khairi__Hamada-HomeLab__docker-compose.yml.yml,775,31763,5804,17,2.29996,0.019105,1.43464,3.75371,2.39145,1.39976
Large (500-2000 lines),Hamada-khairi__Hamada-HomeLab__docker-compose.yml.yml,775,31763,5804,18,2.27241,0.013711,1.43304,3.71916,2.54539,1.34757
Large (500-2000 lines),Hamada-khairi__Hamada-HomeLab__docker-compose.yml.yml,775,31763,5804,19,2.2739,0.017913,1.42416,3.71597,2.34399,1.4039
Large (500-2000 lines),Hamada-khairi__Hamada-HomeLab__docker-compose.yml.yml,775,31763,5804,20,2.2023,0.01727,1.40703,3.6266,2.54125,1.36198
Large (500-2000 lines),Hamada-khairi__Hamada-HomeLab__docker-compose.yml.yml,775,31763,5804,21,2.25629,0.017867,1.42754,3.7017,2.36051,1.38043
Large (500-2000 lines),Hamada-khairi__Hamada-HomeLab__docker-compose.yml.yml,775,31763,5804,22,2.29746,0.019604,1.48539,3.80245,2.57025,1.4415
Large (500-2000 lines),Hamada-khairi__Hamada-HomeLab__docker-compose.yml.yml,775,31763,5804,23,2.28888,0.019571,1.43627,3.74471,2.36708,1.36222
Large (500-2000 lines),Hamada-khairi__Hamada-HomeLab__docker-compose.yml.yml,775,31763,5804,24,2.20249,0.017713,1.43234,3.65254,2.37514,1.32438
Large (500-2000 lines),Hamada-khairi__Hamada-HomeLab__docker-compose.yml.yml,775,31763,5804,25,2.24607,0.016665,1.48717,3.74991,2.41829,1.40329
Large (500-2000 lines),Hamada-khairi__Hamada-HomeLab__docker-compose.yml.yml,775,31763,5804,26,2.27694,0.019362,1.48034,3.77664,2.42988,1.34496
Large (500-2000 lines),Hamada-khairi__Hamada-HomeLab__docker-compose.yml.yml,775,31763,5804,27,2.21446,0.017605,1.4973,3.72936,2.37275,1.35736
Large (500-2000 lines),Hamada-khairi__Hamada-HomeLab__docker-compose.yml.yml,775,31763,5804,28,2.24459,0.019651,1.49859,3.76283,2.44395,1.28457
Large (500-2000 lines),Hamada-khairi__Hamada-HomeLab__docker-compose.yml.yml,775,31763,5804,29,2.23646,0.017694,1.43898,3.69313,2.39023,1.41758
Large (500-2000 lines),JeremiahM37__homelab-blueprint__docker-compose.example.yml.yml,721,17495,5884,0,2.95861,0.825789,2.55373,6.33812,2.33773,1.89533
Large (500-2000 lines),JeremiahM37__homelab-blueprint__docker-compose.example.yml.yml,721,17495,5884,1,1.76809,0.020466,1.67309,3.46165,1.47413,1.58258
Large (500-2000 lines),JeremiahM37__homelab-blueprint__docker-compose.example.yml.yml,721,17495,5884,2,1.81436,0.019396,1.60343,3.43719,1.54069,1.49041
Large (500-2000 lines),JeremiahM37__homelab-blueprint__docker-compose.example.yml.yml,721,17495,5884,3,1.80304,0.016991,1.58887,3.4089,1.51103,1.50457
Large (500-2000 lines),JeremiahM37__homelab-blueprint__docker-compose.example.yml.yml,721,17495,5884,4,1.84161,0.016555,1.65012,3.50828,1.58012,1.51757
Large (500-2000 lines),JeremiahM37__homelab-blueprint__docker-compose.example.yml.yml,721,17495,5884,5,1.8874,0.017106,1.60446,3.50897,1.52118,1.60869
Large (500-2000 lines),JeremiahM37__homelab-blueprint__docker-compose.example.yml.yml,721,17495,5884,6,1.81332,0.016784,1.61633,3.44644,1.55889,1.54544
Large (500-2000 lines),JeremiahM37__homelab-blueprint__docker-compose.example.yml.yml,721,17495,5884,7,1.87251,0.016738,1.6446,3.53385,1.52688,1.56041
Large (500-2000 lines),JeremiahM37__homelab-blueprint__docker-compose.example.yml.yml,721,17495,5884,8,1.86465,0.017033,1.60863,3.49032,1.60861,1.58156
Large (500-2000 lines),JeremiahM37__homelab-blueprint__docker-compose.example.yml.yml,721,17495,5884,9,1.87706,0.017425,1.6559,3.55039,1.56777,1.6027
Large (500-2000 lines),JeremiahM37__homelab-blueprint__docker-compose.example.yml.yml,721,17495,5884,10,1.85137,0.016928,1.61243,3.48073,1.53916,1.5205
Large (500-2000 lines),JeremiahM37__homelab-blueprint__docker-compose.example.yml.yml,721,17495,5884,11,1.87685,0.017438,1.61314,3.50743,1.52646,1.59981
Large (500-2000 lines),JeremiahM37__homelab-blueprint__docker-compose.example.yml.yml,721,17495,5884,12,1.89119,0.01702,1.58803,3.49623,1.54,1.52385
Large (500-2000 lines),JeremiahM37__homelab-blueprint__docker-compose.example.yml.yml,721,17495,5884,13,1.83768,0.017234,1.64192,3.49683,1.53127,1.55549
Large (500-2000 lines),JeremiahM37__homelab-blueprint__docker-compose.example.yml.yml,721,17495,5884,14,1.88691,0.017812,1.61333,3.51805,1.59246,1.52574
Large (500-2000 lines),JeremiahM37__homelab-blueprint__docker-compose.example.yml.yml,721,17495,5884,15,1.90218,0.017095,1.62128,3.54055,1.58935,1.63078
Large (500-2000 lines),JeremiahM37__homelab-blueprint__docker-compose.example.yml.yml,721,17495,5884,16,1.83296,0.016895,1.62406,3.47392,1.56092,1.53231
Large (500-2000 lines),JeremiahM37__homelab-blueprint__docker-compose.example.yml.yml,721,17495,5884,17,1.84682,0.016522,1.58273,3.44607,1.51223,1.55846
Large (500-2000 lines),JeremiahM37__homelab-blueprint__docker-compose.example.yml.yml,721,17495,5884,18,1.8644,0.020943,1.61512,3.50047,1.58433,1.55252
Large (500-2000 lines),JeremiahM37__homelab-blueprint__docker-compose.example.yml.yml,721,17495,5884,19,1.84206,0.017343,1.61816,3.47756,1.54124,1.59868
Large (500-2000 lines),JeremiahM37__homelab-blueprint__docker-compose.example.yml.yml,721,17495,5884,20,1.84968,0.016958,1.6176,3.48423,1.56592,1.52499
Large (500-2000 lines),JeremiahM37__homelab-blueprint__docker-compose.example.yml.yml,721,17495,5884,21,1.86004,0.016958,1.59738,3.47437,1.53463,1.55356
Large (500-2000 lines),JeremiahM37__homelab-blueprint__docker-compose.example.yml.yml,721,17495,5884,22,1.8572,0.017037,1.64057,3.5148,1.57234,1.53251
Large (500-2000 lines),JeremiahM37__homelab-blueprint__docker-compose.example.yml.yml,721,17495,5884,23,1.86779,0.017493,1.60842,3.4937,1.5272,1.57122
Large (500-2000 lines),JeremiahM37__homelab-blueprint__docker-compose.example.yml.yml,721,17495,5884,24,1.89123,0.016842,1.6355,3.54357,1.75839,1.50761
Large (500-2000 lines),JeremiahM37__homelab-blueprint__docker-compose.example.yml.yml,721,17495,5884,25,1.83176,0.018523,1.6565,3.50678,1.51917,1.54257
Large (500-2000 lines),JeremiahM37__homelab-blueprint__docker-compose.example.yml.yml,721,17495,5884,26,1.81159,0.017035,1.5894,3.41803,1.54349,1.48566
Large (500-2000 lines),JeremiahM37__homelab-blueprint__docker-compose.example.yml.yml,721,17495,5884,27,1.88877,0.016904,1.60203,3.5077,1.56042,1.56863
Large (500-2000 lines),JeremiahM37__homelab-blueprint__docker-compose.example.yml.yml,721,17495,5884,28,1.80411,0.017041,1.61442,3.43556,1.57024,1.54637
Large (500-2000 lines),JeremiahM37__homelab-blueprint__docker-compose.example.yml.yml,721,17495,5884,29,1.87789,0.016826,1.62927,3.52398,1.52825,1.60266
Large (500-2000 lines),LegitCamper__homelab__homeserver_docker_compose.yml.yml,1005,25190,6456,0,2.79058,0.539995,2.74729,6.07787,2.49837,2.51889
Large (500-2000 lines),LegitCamper__homelab__homeserver_docker_compose.yml.yml,1005,25190,6456,1,2.73778,0.024666,2.56888,5.33132,2.45685,2.52606
Large (500-2000 lines),LegitCamper__homelab__homeserver_docker_compose.yml.yml,1005,25190,6456,2,2.81012,0.028182,2.71501,5.55332,2.74141,2.53556
Large (500-2000 lines),LegitCamper__homelab__homeserver_docker_compose.yml.yml,1005,25190,6456,3,2.81212,0.026136,2.60489,5.44315,2.52956,2.59726
Large (500-2000 lines),LegitCamper__homelab__homeserver_docker_compose.yml.yml,1005,25190,6456,4,2.81644,0.024535,2.62222,5.46319,2.54095,2.46725
Large (500-2000 lines),LegitCamper__homelab__homeserver_docker_compose.yml.yml,1005,25190,6456,5,2.77547,0.025389,2.65805,5.45891,2.51609,2.58046
Large (500-2000 lines),LegitCamper__homelab__homeserver_docker_compose.yml.yml,1005,25190,6456,6,2.86715,0.024532,2.62304,5.51472,2.54168,2.49132
Large (500-2000 lines),LegitCamper__homelab__homeserver_docker_compose.yml.yml,1005,25190,6456,7,2.81855,0.025263,2.63842,5.48224,2.51201,2.58247
Large (500-2000 lines),LegitCamper__homelab__homeserver_docker_compose.yml.yml,1005,25190,6456,8,2.83753,0.024943,2.58632,5.4488,2.53172,2.5217
Large (500-2000 lines),LegitCamper__homelab__homeserver_docker_compose.yml.yml,1005,25190,6456,9,2.90994,0.027597,2.60144,5.53898,2.52919,2.5908
Large (500-2000 lines),LegitCamper__homelab__homeserver_docker_compose.yml.yml,1005,25190,6456,10,2.83794,0.02724,2.60183,5.46701,2.62771,2.52738
Large (500-2000 lines),LegitCamper__homelab__homeserver_docker_compose.yml.yml,1005,25190,6456,11,2.77511,0.02416,2.57068,5.36996,2.52791,2.50204
Large (500-2000 lines),LegitCamper__homelab__homeserver_docker_compose.yml.yml,1005,25190,6456,12,2.92834,0.0246,2.62027,5.57322,2.52534,2.51932
Large (500-2000 lines),LegitCamper__homelab__homeserver_docker_compose.yml.yml,1005,25190,6456,13,2.86392,0.024873,2.587,5.47579,2.44049,2.66903
Large (500-2000 lines),LegitCamper__homelab__homeserver_docker_compose.yml.yml,1005,25190,6456,14,2.7124,0.024487,2.58469,5.32158,2.55855,2.50218
Large (500-2000 lines),LegitCamper__homelab__homeserver_docker_compose.yml.yml,1005,25190,6456,15,2.84512,0.025126,2.64145,5.5117,2.56494,2.72092
Large (500-2000 lines),LegitCamper__homelab__homeserver_docker_compose.yml.yml,1005,25190,6456,16,2.79915,0.024756,2.59635,5.42026,2.56249,2.49871
Large (500-2000 lines),LegitCamper__homelab__homeserver_docker_compose.yml.yml,1005,25190,6456,17,2.944,0.026558,2.67919,5.64975,2.49685,2.60735
Large (500-2000 lines),LegitCamper__homelab__homeserver_docker_compose.yml.yml,1005,25190,6456,18,2.92676,0.026355,2.64422,5.59734,2.591,2.53983
Large (500-2000 lines),LegitCamper__homelab__homeserver_docker_compose.yml.yml,1005,25190,6456,19,2.83992,0.024592,2.56942,5.43394,2.52889,2.56611
Large (500-2000 lines),LegitCamper__homelab__homeserver_docker_compose.yml.yml,1005,25190,6456,20,2.84439,0.024761,2.6012,5.47036,2.54887,2.49893
Large (500-2000 lines),LegitCamper__homelab__homeserver_docker_compose.yml.yml,1005,25190,6456,21,2.84854,0.025225,2.70531,5.57908,2.45141,2.51319
Large (500-2000 lines),LegitCamper__homelab__homeserver_docker_compose.yml.yml,1005,25190,6456,22,2.78486,0.024967,2.58733,5.39716,2.55837,2.53565
Large (500-2000 lines),LegitCamper__homelab__homeserver_docker_compose.yml.yml,1005,25190,6456,23,2.8376,0.023935,2.57934,5.44088,2.52483,2.52875
Large (500-2000 lines),LegitCamper__homelab__homeserver_docker_compose.yml.yml,1005,25190,6456,24,2.84727,0.024812,2.66635,5.53843,2.56115,2.45835
Large (500-2000 lines),LegitCamper__homelab__homeserver_docker_compose.yml.yml,1005,25190,6456,25,2.85522,0.02489,2.7309,5.611,2.53426,2.53503
Large (500-2000 lines),LegitCamper__homelab__homeserver_docker_compose.yml.yml,1005,25190,6456,26,2.80658,0.02429,2.55599,5.38687,2.55936,2.49497
Large (500-2000 lines),LegitCamper__homelab__homeserver_docker_compose.yml.yml,1005,25190,6456,27,2.86016,0.025196,2.67088,5.55624,2.556,2.57914
Large (500-2000 lines),LegitCamper__homelab__homeserver_docker_compose.yml.yml,1005,25190,6456,28,2.86132,0.024669,2.6054,5.49139,2.49475,2.48848
Large (500-2000 lines),LegitCamper__homelab__homeserver_docker_compose.yml.yml,1005,25190,6456,29,2.79571,0.027714,2.63103,5.45445,2.53063,2.58397
Large (500-2000 lines),MrTorriz__homelab__docker_compose.yml.yml,785,25433,6184,0,2.40294,0.539127,2.207,5.14906,2.19181,2.08926
Large (500-2000 lines),MrTorriz__homelab__docker_compose.yml.yml,785,25433,6184,1,2.36113,0.020996,2.10021,4.48233,2.0715,2.00874
Large (500-2000 lines),MrTorriz__homelab__docker_compose.yml.yml,785,25433,6184,2,2.54646,0.020139,2.15523,4.72182,2.17748,2.25363
Large (500-2000 lines),MrTorriz__homelab__docker_compose.yml.yml,785,25433,6184,3,2.59177,0.029075,2.34103,4.96187,2.15791,2.23677
Large (500-2000 lines),MrTorriz__homelab__docker_compose.yml.yml,785,25433,6184,4,2.50742,0.020821,2.12807,4.65632,2.27317,2.03362
Large (500-2000 lines),MrTorriz__homelab__docker_compose.yml.yml,785,25433,6184,5,2.47425,0.019651,2.27466,4.76856,2.23747,2.00767
Large (500-2000 lines),MrTorriz__homelab__docker_compose.yml.yml,785,25433,6184,6,2.38889,0.036114,2.17491,4.59992,2.11936,2.04244
Large (500-2000 lines),MrTorriz__homelab__docker_compose.yml.yml,785,25433,6184,7,2.44383,0.019644,2.17945,4.64293,2.16999,2.07169
Large (500-2000 lines),MrTorriz__homelab__docker_compose.yml.yml,785,25433,6184,8,2.45343,0.020247,2.1315,4.60517,2.21365,2.05078
Large (500-2000 lines),MrTorriz__homelab__docker_compose.yml.yml,785,25433,6184,9,2.46457,0.018987,2.11524,4.59879,2.15025,2.15027
Large (500-2000 lines),MrTorriz__homelab__docker_compose.yml.yml,785,25433,6184,10,2.475,0.020457,2.18247,4.67793,2.19722,2.03064
Large (500-2000 lines),MrTorriz__homelab__docker_compose.yml.yml,785,25433,6184,11,2.45572,0.019742,2.13053,4.60599,2.10802,2.00985
Large (500-2000 lines),MrTorriz__homelab__docker_compose.yml.yml,785,25433,6184,12,2.47969,0.019564,2.31465,4.8139,2.38555,2.19821
Large (500-2000 lines),MrTorriz__homelab__docker_compose.yml.yml,785,25433,6184,13,2.68236,0.023407,2.23239,4.93815,2.10651,1.98635
Large (500-2000 lines),MrTorriz__homelab__docker_compose.yml.yml,785,25433,6184,14,2.38551,0.019698,2.10019,4.5054,2.12143,2.02829
Large (500-2000 lines),MrTorriz__homelab__docker_compose.yml.yml,785,25433,6184,15,2.45476,0.021793,2.1258,4.60236,2.17115,2.08254
Large (500-2000 lines),MrTorriz__homelab__docker_compose.yml.yml,785,25433,6184,16,2.45465,0.019554,2.13779,4.61199,2.21642,2.00969
Large (500-2000 lines),MrTorriz__homelab__docker_compose.yml.yml,785,25433,6184,17,2.4608,0.019324,2.15899,4.63912,2.15608,2.03087
Large (500-2000 lines),MrTorriz__homelab__docker_compose.yml.yml,785,25433,6184,18,2.44019,0.019556,2.11884,4.57859,2.13657,2.0248
Large (500-2000 lines),MrTorriz__homelab__docker_compose.yml.yml,785,25433,6184,19,2.4436,0.019223,2.14474,4.60756,2.1606,2.06999
Large (500-2000 lines),MrTorriz__homelab__docker_compose.yml.yml,785,25433,6184,20,2.56007,0.018811,2.11847,4.69734,2.17159,2.02058
Large (500-2000 lines),MrTorriz__homelab__docker_compose.yml.yml,785,25433,6184,21,2.46959,0.019898,2.14564,4.63513,2.30336,2.0634
Large (500-2000 lines),MrTorriz__homelab__docker_compose.yml.yml,785,25433,6184,22,2.42376,0.020831,2.13473,4.57932,2.16131,2.01948
Large (500-2000 lines),MrTorriz__homelab__docker_compose.yml.yml,785,25433,6184,23,2.42414,0.020289,2.16522,4.60965,2.11012,2.21608
Large (500-2000 lines),MrTorriz__homelab__docker_compose.yml.yml,785,25433,6184,24,2.43073,0.019664,2.10664,4.55703,2.13449,2.01077
Large (500-2000 lines),MrTorriz__homelab__docker_compose.yml.yml,785,25433,6184,25,2.43568,0.02031,2.11309,4.56909,2.11358,2.03819
Large (500-2000 lines),MrTorriz__homelab__docker_compose.yml.yml,785,25433,6184,26,2.4665,0.019453,2.15072,4.63667,2.18553,2.03247
Large (500-2000 lines),MrTorriz__homelab__docker_compose.yml.yml,785,25433,6184,27,2.44408,0.01952,2.11968,4.58328,2.15405,2.02373
Large (500-2000 lines),MrTorriz__homelab__docker_compose.yml.yml,785,25433,6184,28,2.40561,0.018906,2.09469,4.5192,2.15193,2.00645
Large (500-2000 lines),MrTorriz__homelab__docker_compose.yml.yml,785,25433,6184,29,2.45113,0.019227,2.1097,4.58005,2.08599,2.07841
Large (500-2000 lines),OneUptime__oneuptime__docker-compose.base.yml.yml,559,24290,5664,0,2.14406,0.519457,2.04295,4.70647,1.97038,1.85255
Large (500-2000 lines),OneUptime__oneuptime__docker-compose.base.yml.yml,559,24290,5664,1,2.09353,0.011401,2.02022,4.12515,1.9062,2.00861
Large (500-2000 lines),OneUptime__oneuptime__docker-compose.base.yml.yml,559,24290,5664,2,2.15473,0.014944,2.03594,4.20561,2.01285,1.90768
Large (500-2000 lines),OneUptime__oneuptime__docker-compose.base.yml.yml,559,24290,5664,3,2.13586,0.010751,1.97224,4.11885,1.90911,1.95468
Large (500-2000 lines),OneUptime__oneuptime__docker-compose.base.yml.yml,559,24290,5664,4,2.11136,0.010887,1.99684,4.11909,1.97666,1.88519
Large (500-2000 lines),OneUptime__oneuptime__docker-compose.base.yml.yml,559,24290,5664,5,2.10853,0.010844,2.0423,4.16167,1.90957,1.93954
Large (500-2000 lines),OneUptime__oneuptime__docker-compose.base.yml.yml,559,24290,5664,6,2.14115,0.011499,2.01773,4.17038,1.99107,1.92167
Large (500-2000 lines),OneUptime__oneuptime__docker-compose.base.yml.yml,559,24290,5664,7,2.08728,0.010745,2.01041,4.10843,1.91881,1.94241
Large (500-2000 lines),OneUptime__oneuptime__docker-compose.base.yml.yml,559,24290,5664,8,2.13149,0.01088,2.02998,4.17235,1.96996,1.89917
Large (500-2000 lines),OneUptime__oneuptime__docker-compose.base.yml.yml,559,24290,5664,9,2.12584,0.011233,2.03392,4.171,1.9698,1.92111
Large (500-2000 lines),OneUptime__oneuptime__docker-compose.base.yml.yml,559,24290,5664,10,2.13361,0.011425,2.00845,4.15348,1.95579,1.93583
Large (500-2000 lines),OneUptime__oneuptime__docker-compose.base.yml.yml,559,24290,5664,11,2.10411,0.011108,2.06545,4.18066,1.94546,1.9089
Large (500-2000 lines),OneUptime__oneuptime__docker-compose.base.yml.yml,559,24290,5664,12,2.10627,0.01121,2.04812,4.16559,1.98429,1.92045
Large (500-2000 lines),OneUptime__oneuptime__docker-compose.base.yml.yml,559,24290,5664,13,2.10066,0.011002,2.10479,4.21646,1.92708,1.91401
Large (500-2000 lines),OneUptime__oneuptime__docker-compose.base.yml.yml,559,24290,5664,14,2.79376,0.014713,3.00776,5.81623,2.31294,2.01426
Large (500-2000 lines),OneUptime__oneuptime__docker-compose.base.yml.yml,559,24290,5664,15,2.26072,0.020423,2.12489,4.40603,2.14051,2.00519
Large (500-2000 lines),OneUptime__oneuptime__docker-compose.base.yml.yml,559,24290,5664,16,2.20672,0.015783,2.13473,4.35723,1.98094,1.91336
Large (500-2000 lines),OneUptime__oneuptime__docker-compose.base.yml.yml,559,24290,5664,17,2.15442,0.013157,2.11064,4.27822,2.07228,1.93416
Large (500-2000 lines),OneUptime__oneuptime__docker-compose.base.yml.yml,559,24290,5664,18,2.02846,0.010802,2.02633,4.0656,1.95222,1.91605
Large (500-2000 lines),OneUptime__oneuptime__docker-compose.base.yml.yml,559,24290,5664,19,2.09732,0.011218,2.00915,4.11768,2.02566,1.9475
Large (500-2000 lines),OneUptime__oneuptime__docker-compose.base.yml.yml,559,24290,5664,20,2.04118,0.010997,2.0562,4.10838,2.0981,1.95795
Large (500-2000 lines),OneUptime__oneuptime__docker-compose.base.yml.yml,559,24290,5664,21,1.99375,0.010298,1.95253,3.95658,1.92993,1.92086
Large (500-2000 lines),OneUptime__oneuptime__docker-compose.base.yml.yml,559,24290,5664,22,2.05111,0.010754,1.99506,4.05693,1.98485,1.91618
Large (500-2000 lines),OneUptime__oneuptime__docker-compose.base.yml.yml,559,24290,5664,23,2.0739,0.010822,2.10228,4.187,1.9417,1.95727
Large (500-2000 lines),OneUptime__oneuptime__docker-compose.base.yml.yml,559,24290,5664,24,2.05424,0.010813,1.99862,4.06367,1.95712,1.92108
Large (500-2000 lines),OneUptime__oneuptime__docker-compose.base.yml.yml,559,24290,5664,25,2.07995,0.010814,2.03814,4.1289,1.93407,1.93695
Large (500-2000 lines),OneUptime__oneuptime__docker-compose.base.yml.yml,559,24290,5664,26,2.13743,0.010794,2.00681,4.15503,1.94763,1.88361
Large (500-2000 lines),OneUptime__oneuptime__docker-compose.base.yml.yml,559,24290,5664,27,2.10851,0.010683,2.00494,4.12413,1.91472,1.92631
Large (500-2000 lines),OneUptime__oneuptime__docker-compose.base.yml.yml,559,24290,5664,28,2.10412,0.010729,1.99242,4.10727,1.99166,1.90531
Large (500-2000 lines),OneUptime__oneuptime__docker-compose.base.yml.yml,559,24290,5664,29,2.11896,0.010911,1.99151,4.12139,1.97276,1.94568
Large (500-2000 lines),Qauttrolab__paperless-ngx-synology-setup__docker-compose-ds723.yml.yml,541,31097,5128,0,2.19377,0.821448,1.06191,4.07713,0.933831,0.84817
Large (500-2000 lines),Qauttrolab__paperless-ngx-synology-setup__docker-compose-ds723.yml.yml,541,31097,5128,1,2.17724,0.010823,0.98017,3.16823,0.893573,0.858045
Large (500-2000 lines),Qauttrolab__paperless-ngx-synology-setup__docker-compose-ds723.yml.yml,541,31097,5128,2,2.01214,0.007747,0.735857,2.75574,0.649325,0.569706
Large (500-2000 lines),Qauttrolab__paperless-ngx-synology-setup__docker-compose-ds723.yml.yml,541,31097,5128,3,1.49292,0.006478,0.636613,2.13601,0.59972,0.59794
Large (500-2000 lines),Qauttrolab__paperless-ngx-synology-setup__docker-compose-ds723.yml.yml,541,31097,5128,4,1.46863,0.006324,0.654764,2.12972,0.640242,0.56388
Large (500-2000 lines),Qauttrolab__paperless-ngx-synology-setup__docker-compose-ds723.yml.yml,541,31097,5128,5,1.45346,0.005859,0.636994,2.09631,0.597955,0.624494
Large (500-2000 lines),Qauttrolab__paperless-ngx-synology-setup__docker-compose-ds723.yml.yml,541,31097,5128,6,1.46981,0.006559,0.644221,2.12059,0.657019,0.586829
Large (500-2000 lines),Qauttrolab__paperless-ngx-synology-setup__docker-compose-ds723.yml.yml,541,31097,5128,7,1.48888,0.005973,0.647256,2.1421,0.690264,0.649852
Large (500-2000 lines),Qauttrolab__paperless-ngx-synology-setup__docker-compose-ds723.yml.yml,541,31097,5128,8,1.55661,0.005974,0.629229,2.19182,0.656064,0.567105
Large (500-2000 lines),Qauttrolab__paperless-ngx-synology-setup__docker-compose-ds723.yml.yml,541,31097,5128,9,1.52466,0.006151,0.637804,2.16861,0.609725,0.60656
Large (500-2000 lines),Qauttrolab__paperless-ngx-synology-setup__docker-compose-ds723.yml.yml,541,31097,5128,10,1.78351,0.014617,1.02151,2.81963,0.934153,0.88854
Large (500-2000 lines),Qauttrolab__paperless-ngx-synology-setup__docker-compose-ds723.yml.yml,541,31097,5128,11,1.83754,0.00773,0.678411,2.52368,0.689871,0.663874
Large (500-2000 lines),Qauttrolab__paperless-ngx-synology-setup__docker-compose-ds723.yml.yml,541,31097,5128,12,1.64757,0.0074,0.651652,2.30662,0.648542,0.564669
Large (500-2000 lines),Qauttrolab__paperless-ngx-synology-setup__docker-compose-ds723.yml.yml,541,31097,5128,13,1.4924,0.006214,0.635585,2.1342,0.602895,0.601268
Large (500-2000 lines),Qauttrolab__paperless-ngx-synology-setup__docker-compose-ds723.yml.yml,541,31097,5128,14,1.54256,0.006222,0.662314,2.2111,0.629787,0.566979
Large (500-2000 lines),Qauttrolab__paperless-ngx-synology-setup__docker-compose-ds723.yml.yml,541,31097,5128,15,1.5028,0.006098,0.6799,2.18879,0.612187,0.614544
Large (500-2000 lines),Qauttrolab__paperless-ngx-synology-setup__docker-compose-ds723.yml.yml,541,31097,5128,16,1.49355,0.006515,0.670697,2.17076,0.641581,0.598427
Large (500-2000 lines),Qauttrolab__paperless-ngx-synology-setup__docker-compose-ds723.yml.yml,541,31097,5128,17,1.49168,0.005999,0.642736,2.14041,0.609336,0.612429
Large (500-2000 lines),Qauttrolab__paperless-ngx-synology-setup__docker-compose-ds723.yml.yml,541,31097,5128,18,1.51901,0.006253,0.659597,2.18486,0.656623,0.639394
Large (500-2000 lines),Qauttrolab__paperless-ngx-synology-setup__docker-compose-ds723.yml.yml,541,31097,5128,19,1.56515,0.006116,0.639353,2.21062,0.636992,0.614159
Large (500-2000 lines),Qauttrolab__paperless-ngx-synology-setup__docker-compose-ds723.yml.yml,541,31097,5128,20,1.55302,0.007406,0.699949,2.26037,0.652365,0.594671
Large (500-2000 lines),Qauttrolab__paperless-ngx-synology-setup__docker-compose-ds723.yml.yml,541,31097,5128,21,1.56316,0.008535,0.683315,2.25501,0.640383,0.629782
Large (500-2000 lines),Qauttrolab__paperless-ngx-synology-setup__docker-compose-ds723.yml.yml,541,31097,5128,22,1.59382,0.007109,0.665217,2.26615,0.657175,0.586804
Large (500-2000 lines),Qauttrolab__paperless-ngx-synology-setup__docker-compose-ds723.yml.yml,541,31097,5128,23,1.5238,0.006277,0.659549,2.18963,0.627073,0.624392
Large (500-2000 lines),Qauttrolab__paperless-ngx-synology-setup__docker-compose-ds723.yml.yml,541,31097,5128,24,1.56747,0.006443,0.658828,2.23274,0.701352,0.595255
Large (500-2000 lines),Qauttrolab__paperless-ngx-synology-setup__docker-compose-ds723.yml.yml,541,31097,5128,25,1.56215,0.009426,0.719649,2.29122,0.67389,0.691618
Large (500-2000 lines),Qauttrolab__paperless-ngx-synology-setup__docker-compose-ds723.yml.yml,541,31097,5128,26,1.53533,0.006616,0.655888,2.19783,0.663636,0.599801
Large (500-2000 lines),Qauttrolab__paperless-ngx-synology-setup__docker-compose-ds723.yml.yml,541,31097,5128,27,1.55461,0.007128,0.653871,2.21561,0.625921,0.627075
Large (500-2000 lines),Qauttrolab__paperless-ngx-synology-setup__docker-compose-ds723.yml.yml,541,31097,5128,28,1.5604,0.006223,0.659624,2.22625,0.663531,0.589078
Large (500-2000 lines),Qauttrolab__paperless-ngx-synology-setup__docker-compose-ds723.yml.yml,541,31097,5128,29,1.56008,0.006712,0.656142,2.22293,0.628153,0.622668
Large (500-2000 lines),SimpleHomelab__Docker-Traefik__archives_traefik_v1_docker-compose-t1-swarm.yml.yml,1070,39842,6724,0,3.60807,0.549789,3.31407,7.47193,3.32509,3.13068
Large (500-2000 lines),SimpleHomelab__Docker-Traefik__archives_traefik_v1_docker-compose-t1-swarm.yml.yml,1070,39842,6724,1,3.62572,0.029203,3.23687,6.8918,3.26602,3.1516
Large (500-2000 lines),SimpleHomelab__Docker-Traefik__archives_traefik_v1_docker-compose-t1-swarm.yml.yml,1070,39842,6724,2,3.61738,0.02693,3.23533,6.87964,3.45591,3.04124
Large (500-2000 lines),SimpleHomelab__Docker-Traefik__archives_traefik_v1_docker-compose-t1-swarm.yml.yml,1070,39842,6724,3,3.51812,0.026707,3.18668,6.73151,3.26592,3.09142
Large (500-2000 lines),SimpleHomelab__Docker-Traefik__archives_traefik_v1_docker-compose-t1-swarm.yml.yml,1070,39842,6724,4,3.61574,0.026752,3.2403,6.88279,3.31214,3.0659
Large (500-2000 lines),SimpleHomelab__Docker-Traefik__archives_traefik_v1_docker-compose-t1-swarm.yml.yml,1070,39842,6724,5,3.59157,0.026759,3.25916,6.87749,3.30892,3.15386
Large (500-2000 lines),SimpleHomelab__Docker-Traefik__archives_traefik_v1_docker-compose-t1-swarm.yml.yml,1070,39842,6724,6,3.54293,0.05421,3.22632,6.82346,3.49614,3.03224
Large (500-2000 lines),SimpleHomelab__Docker-Traefik__archives_traefik_v1_docker-compose-t1-swarm.yml.yml,1070,39842,6724,7,3.57911,0.027126,3.16542,6.77166,3.33358,3.04549
Large (500-2000 lines),SimpleHomelab__Docker-Traefik__archives_traefik_v1_docker-compose-t1-swarm.yml.yml,1070,39842,6724,8,3.60918,0.025288,3.16873,6.8032,3.39603,3.16639
Large (500-2000 lines),SimpleHomelab__Docker-Traefik__archives_traefik_v1_docker-compose-t1-swarm.yml.yml,1070,39842,6724,9,3.48052,0.031049,3.15168,6.66325,3.26909,3.06886
Large (500-2000 lines),SimpleHomelab__Docker-Traefik__archives_traefik_v1_docker-compose-t1-swarm.yml.yml,1070,39842,6724,10,3.59924,0.026094,3.20629,6.83163,3.40315,3.06825
Large (500-2000 lines),SimpleHomelab__Docker-Traefik__archives_traefik_v1_docker-compose-t1-swarm.yml.yml,1070,39842,6724,11,3.60061,0.027557,3.27359,6.90176,3.2848,3.08278
Large (500-2000 lines),SimpleHomelab__Docker-Traefik__archives_traefik_v1_docker-compose-t1-swarm.yml.yml,1070,39842,6724,12,3.57978,0.026102,3.15919,6.76507,3.3879,3.00562
Large (500-2000 lines),SimpleHomelab__Docker-Traefik__archives_traefik_v1_docker-compose-t1-swarm.yml.yml,1070,39842,6724,13,3.62039,0.026067,3.17364,6.82009,3.29574,3.13457
Large (500-2000 lines),SimpleHomelab__Docker-Traefik__archives_traefik_v1_docker-compose-t1-swarm.yml.yml,1070,39842,6724,14,3.58949,0.029202,3.29703,6.91572,3.40167,3.02342
Large (500-2000 lines),SimpleHomelab__Docker-Traefik__archives_traefik_v1_docker-compose-t1-swarm.yml.yml,1070,39842,6724,15,3.59524,0.028957,3.28985,6.91405,3.27253,3.06688
Large (500-2000 lines),SimpleHomelab__Docker-Traefik__archives_traefik_v1_docker-compose-t1-swarm.yml.yml,1070,39842,6724,16,3.56757,0.026453,3.20026,6.79429,3.35982,3.0801
Large (500-2000 lines),SimpleHomelab__Docker-Traefik__archives_traefik_v1_docker-compose-t1-swarm.yml.yml,1070,39842,6724,17,3.53104,0.027979,3.26461,6.82363,3.31052,3.19905
Large (500-2000 lines),SimpleHomelab__Docker-Traefik__archives_traefik_v1_docker-compose-t1-swarm.yml.yml,1070,39842,6724,18,3.60469,0.02601,3.18358,6.81428,3.32149,3.00775
Large (500-2000 lines),SimpleHomelab__Docker-Traefik__archives_traefik_v1_docker-compose-t1-swarm.yml.yml,1070,39842,6724,19,3.65172,0.027139,3.23767,6.91653,3.35106,3.17243
Large (500-2000 lines),SimpleHomelab__Docker-Traefik__archives_traefik_v1_docker-compose-t1-swarm.yml.yml,1070,39842,6724,20,3.51334,0.026839,3.27247,6.81266,3.41814,3.0804
Large (500-2000 lines),SimpleHomelab__Docker-Traefik__archives_traefik_v1_docker-compose-t1-swarm.yml.yml,1070,39842,6724,21,3.51628,0.025873,3.27757,6.81972,3.25878,3.13537
Large (500-2000 lines),SimpleHomelab__Docker-Traefik__archives_traefik_v1_docker-compose-t1-swarm.yml.yml,1070,39842,6724,22,3.61415,0.02684,3.20762,6.84861,3.36011,3.09251
Large (500-2000 lines),SimpleHomelab__Docker-Traefik__archives_traefik_v1_docker-compose-t1-swarm.yml.yml,1070,39842,6724,23,3.73657,0.029695,3.21541,6.98168,3.33175,3.06683
Large (500-2000 lines),SimpleHomelab__Docker-Traefik__archives_traefik_v1_docker-compose-t1-swarm.yml.yml,1070,39842,6724,24,3.48978,0.026307,3.23438,6.75047,3.41846,3.0173
Large (500-2000 lines),SimpleHomelab__Docker-Traefik__archives_traefik_v1_docker-compose-t1-swarm.yml.yml,1070,39842,6724,25,3.59385,0.03024,3.29294,6.91702,3.30449,3.16726
Large (500-2000 lines),SimpleHomelab__Docker-Traefik__archives_traefik_v1_docker-compose-t1-swarm.yml.yml,1070,39842,6724,26,3.60806,0.025374,3.27231,6.90575,3.44584,3.05055
Large (500-2000 lines),SimpleHomelab__Docker-Traefik__archives_traefik_v1_docker-compose-t1-swarm.yml.yml,1070,39842,6724,27,3.59131,0.026707,3.24675,6.86477,3.3293,3.14879
Large (500-2000 lines),SimpleHomelab__Docker-Traefik__archives_traefik_v1_docker-compose-t1-swarm.yml.yml,1070,39842,6724,28,3.59365,0.028006,3.27362,6.89528,3.37108,3.23007
Large (500-2000 lines),SimpleHomelab__Docker-Traefik__archives_traefik_v1_docker-compose-t1-swarm.yml.yml,1070,39842,6724,29,3.4962,0.031542,3.21821,6.74595,3.45191,3.26535
Large (500-2000 lines),SimpleHomelab__Docker-Traefik__archives_traefik_v1_docker-compose-t1.yml.yml,1870,73960,8424,0,7.0305,0.555762,7.18575,14.772,7.1625,6.55679
Large (500-2000 lines),SimpleHomelab__Docker-Traefik__archives_traefik_v1_docker-compose-t1.yml.yml,1870,73960,8424,1,7.11077,0.052219,6.89387,14.0569,7.02144,6.62326
Large (500-2000 lines),SimpleHomelab__Docker-Traefik__archives_traefik_v1_docker-compose-t1.yml.yml,1870,73960,8424,2,7.0238,0.043714,6.97852,14.046,7.12345,6.49806
Large (500-2000 lines),SimpleHomelab__Docker-Traefik__archives_traefik_v1_docker-compose-t1.yml.yml,1870,73960,8424,3,7.02066,0.045104,7.34542,14.4112,6.95426,6.84566
Large (500-2000 lines),SimpleHomelab__Docker-Traefik__archives_traefik_v1_docker-compose-t1.yml.yml,1870,73960,8424,4,6.79953,0.04978,6.87219,13.7215,7.11804,6.57885
Large (500-2000 lines),SimpleHomelab__Docker-Traefik__archives_traefik_v1_docker-compose-t1.yml.yml,1870,73960,8424,5,7.00163,0.045695,6.78847,13.8358,6.91926,6.66587
Large (500-2000 lines),SimpleHomelab__Docker-Traefik__archives_traefik_v1_docker-compose-t1.yml.yml,1870,73960,8424,6,6.79702,0.044562,6.86816,13.7097,7.17407,6.61708
Large (500-2000 lines),SimpleHomelab__Docker-Traefik__archives_traefik_v1_docker-compose-t1.yml.yml,1870,73960,8424,7,6.92217,0.045483,6.85478,13.8224,7.24507,6.81668
Large (500-2000 lines),SimpleHomelab__Docker-Traefik__archives_traefik_v1_docker-compose-t1.yml.yml,1870,73960,8424,8,7.25909,0.045819,7.00021,14.3051,7.32441,6.77627
Large (500-2000 lines),SimpleHomelab__Docker-Traefik__archives_traefik_v1_docker-compose-t1.yml.yml,1870,73960,8424,9,7.25107,0.046105,7.04165,14.3388,7.41701,7.02784
Large (500-2000 lines),SimpleHomelab__Docker-Traefik__archives_traefik_v1_docker-compose-t1.yml.yml,1870,73960,8424,10,7.41021,0.048169,7.15541,14.6138,7.4687,6.94514
Large (500-2000 lines),SimpleHomelab__Docker-Traefik__archives_traefik_v1_docker-compose-t1.yml.yml,1870,73960,8424,11,7.26458,0.04748,7.13262,14.4447,7.41936,7.10765
Large (500-2000 lines),SimpleHomelab__Docker-Traefik__archives_traefik_v1_docker-compose-t1.yml.yml,1870,73960,8424,12,7.39473,0.051996,7.14488,14.5916,7.5504,7.09324
Large (500-2000 lines),SimpleHomelab__Docker-Traefik__archives_traefik_v1_docker-compose-t1.yml.yml,1870,73960,8424,13,7.43998,0.048992,7.27854,14.7675,7.59223,7.12393
Large (500-2000 lines),SimpleHomelab__Docker-Traefik__archives_traefik_v1_docker-compose-t1.yml.yml,1870,73960,8424,14,7.53728,0.048693,7.29252,14.8785,7.60182,7.12817
Large (500-2000 lines),SimpleHomelab__Docker-Traefik__archives_traefik_v1_docker-compose-t1.yml.yml,1870,73960,8424,15,7.57728,0.050072,7.22384,14.8512,7.57705,7.1759
Large (500-2000 lines),SimpleHomelab__Docker-Traefik__archives_traefik_v1_docker-compose-t1.yml.yml,1870,73960,8424,16,7.53072,0.048291,7.21749,14.7965,7.62882,7.10693
Large (500-2000 lines),SimpleHomelab__Docker-Traefik__archives_traefik_v1_docker-compose-t1.yml.yml,1870,73960,8424,17,7.43651,0.048668,7.23212,14.7173,7.67587,7.16148
Large (500-2000 lines),SimpleHomelab__Docker-Traefik__archives_traefik_v1_docker-compose-t1.yml.yml,1870,73960,8424,18,7.76659,0.050792,7.44583,15.2632,7.80527,7.28981
Large (500-2000 lines),SimpleHomelab__Docker-Traefik__archives_traefik_v1_docker-compose-t1.yml.yml,1870,73960,8424,19,7.76345,0.049509,7.4355,15.2485,7.77821,7.29695
Large (500-2000 lines),SimpleHomelab__Docker-Traefik__archives_traefik_v1_docker-compose-t1.yml.yml,1870,73960,8424,20,7.63134,0.050181,7.46874,15.1503,7.79693,7.28718
Large (500-2000 lines),SimpleHomelab__Docker-Traefik__archives_traefik_v1_docker-compose-t1.yml.yml,1870,73960,8424,21,7.55524,0.05577,7.44421,15.0552,7.76447,7.2951
Large (500-2000 lines),SimpleHomelab__Docker-Traefik__archives_traefik_v1_docker-compose-t1.yml.yml,1870,73960,8424,22,7.7485,0.049455,7.43936,15.2373,7.7904,7.36662
Large (500-2000 lines),SimpleHomelab__Docker-Traefik__archives_traefik_v1_docker-compose-t1.yml.yml,1870,73960,8424,23,7.62598,0.052918,7.5012,15.1801,7.76966,7.33082
Large (500-2000 lines),SimpleHomelab__Docker-Traefik__archives_traefik_v1_docker-compose-t1.yml.yml,1870,73960,8424,24,7.58167,0.05128,7.42249,15.0554,7.81929,7.2964
Large (500-2000 lines),SimpleHomelab__Docker-Traefik__archives_traefik_v1_docker-compose-t1.yml.yml,1870,73960,8424,25,7.56408,0.049799,7.41655,15.0304,7.78003,7.34572
Large (500-2000 lines),SimpleHomelab__Docker-Traefik__archives_traefik_v1_docker-compose-t1.yml.yml,1870,73960,8424,26,7.78021,0.049376,7.45444,15.284,7.80667,7.29075
Large (500-2000 lines),SimpleHomelab__Docker-Traefik__archives_traefik_v1_docker-compose-t1.yml.yml,1870,73960,8424,27,7.70111,0.050618,7.40686,15.1586,7.79214,7.34375
Large (500-2000 lines),SimpleHomelab__Docker-Traefik__archives_traefik_v1_docker-compose-t1.yml.yml,1870,73960,8424,28,7.59083,0.050814,7.43179,15.0734,7.82854,7.28616
Large (500-2000 lines),SimpleHomelab__Docker-Traefik__archives_traefik_v1_docker-compose-t1.yml.yml,1870,73960,8424,29,7.76343,0.051137,7.42652,15.2411,7.78966,7.39044
Large (500-2000 lines),YehudaBriskman__Bothy__auth_compose.yml.yml,562,31942,4920,0,2.29972,0.93025,1.12226,4.35223,0.886928,0.82281
Large (500-2000 lines),YehudaBriskman__Bothy__auth_compose.yml.yml,562,31942,4920,1,2.32517,0.009098,0.988338,3.32261,0.865794,0.829505
Large (500-2000 lines),YehudaBriskman__Bothy__auth_compose.yml.yml,562,31942,4920,2,2.34456,0.010405,0.974062,3.32903,0.952642,0.910611
Large (500-2000 lines),YehudaBriskman__Bothy__auth_compose.yml.yml,562,31942,4920,3,2.30957,0.008539,0.965027,3.28314,0.844974,0.830129
Large (500-2000 lines),YehudaBriskman__Bothy__auth_compose.yml.yml,562,31942,4920,4,2.13563,0.00785,0.674914,2.81839,0.566206,0.546566
Large (500-2000 lines),YehudaBriskman__Bothy__auth_compose.yml.yml,562,31942,4920,5,1.56389,0.005399,0.60306,2.17235,0.553377,0.543693
Large (500-2000 lines),YehudaBriskman__Bothy__auth_compose.yml.yml,562,31942,4920,6,1.54621,0.004937,0.605661,2.15681,0.561543,0.5399
Large (500-2000 lines),YehudaBriskman__Bothy__auth_compose.yml.yml,562,31942,4920,7,1.54876,0.005141,0.600458,2.15436,0.554535,0.546626
Large (500-2000 lines),YehudaBriskman__Bothy__auth_compose.yml.yml,562,31942,4920,8,1.54175,0.005011,0.597035,2.14379,0.563398,0.543356
Large (500-2000 lines),YehudaBriskman__Bothy__auth_compose.yml.yml,562,31942,4920,9,1.54573,0.004905,0.601558,2.15219,0.554817,0.546093
Large (500-2000 lines),YehudaBriskman__Bothy__auth_compose.yml.yml,562,31942,4920,10,1.54608,0.004838,0.599035,2.14995,0.56376,0.536888
Large (500-2000 lines),YehudaBriskman__Bothy__auth_compose.yml.yml,562,31942,4920,11,1.54946,0.005039,0.620701,2.1752,0.565221,0.552613
Large (500-2000 lines),YehudaBriskman__Bothy__auth_compose.yml.yml,562,31942,4920,12,1.72571,0.006288,0.679283,2.41128,0.610473,0.554991
Large (500-2000 lines),YehudaBriskman__Bothy__auth_compose.yml.yml,562,31942,4920,13,1.58588,0.005817,0.620319,2.21202,0.5687,0.564138
Large (500-2000 lines),YehudaBriskman__Bothy__auth_compose.yml.yml,562,31942,4920,14,1.58064,0.005133,0.61874,2.20452,0.574655,0.562464
Large (500-2000 lines),YehudaBriskman__Bothy__auth_compose.yml.yml,562,31942,4920,15,1.58503,0.00487,0.610803,2.2007,0.568481,0.558123
Large (500-2000 lines),YehudaBriskman__Bothy__auth_compose.yml.yml,562,31942,4920,16,1.61343,0.005305,0.609238,2.22797,0.577408,0.55517
Large (500-2000 lines),YehudaBriskman__Bothy__auth_compose.yml.yml,562,31942,4920,17,1.59476,0.005514,0.614354,2.21463,0.565751,0.553539
Large (500-2000 lines),YehudaBriskman__Bothy__auth_compose.yml.yml,562,31942,4920,18,1.58306,0.004853,0.622857,2.21077,0.579838,0.556893
Large (500-2000 lines),YehudaBriskman__Bothy__auth_compose.yml.yml,562,31942,4920,19,1.58751,0.004828,0.608924,2.20126,0.573214,0.566135
Large (500-2000 lines),YehudaBriskman__Bothy__auth_compose.yml.yml,562,31942,4920,20,1.57787,0.004762,0.615761,2.19839,0.574079,0.563797
Large (500-2000 lines),YehudaBriskman__Bothy__auth_compose.yml.yml,562,31942,4920,21,1.57858,0.004844,0.614816,2.19824,0.575138,0.565035
Large (500-2000 lines),YehudaBriskman__Bothy__auth_compose.yml.yml,562,31942,4920,22,1.58841,0.004825,0.614909,2.20815,0.575156,0.553775
Large (500-2000 lines),YehudaBriskman__Bothy__auth_compose.yml.yml,562,31942,4920,23,1.59492,0.005085,0.619093,2.2191,0.571853,0.561513
Large (500-2000 lines),YehudaBriskman__Bothy__auth_compose.yml.yml,562,31942,4920,24,1.58672,0.004829,0.607361,2.19891,0.576812,0.555266
Large (500-2000 lines),YehudaBriskman__Bothy__auth_compose.yml.yml,562,31942,4920,25,1.58539,0.005131,0.614383,2.20491,0.570068,0.566365
Large (500-2000 lines),YehudaBriskman__Bothy__auth_compose.yml.yml,562,31942,4920,26,1.58846,0.005107,0.613967,2.20754,0.574062,0.56924
Large (500-2000 lines),YehudaBriskman__Bothy__auth_compose.yml.yml,562,31942,4920,27,1.5894,0.004983,0.611207,2.20559,0.571277,0.559598
Large (500-2000 lines),YehudaBriskman__Bothy__auth_compose.yml.yml,562,31942,4920,28,1.58616,0.004839,0.607992,2.19899,0.578573,0.556845
Large (500-2000 lines),YehudaBriskman__Bothy__auth_compose.yml.yml,562,31942,4920,29,1.59493,0.005079,0.6061,2.20611,0.563708,0.558075
Large (500-2000 lines),agentteamhq__agentteam-email__compose.yaml.yml,851,32604,5800,0,2.58415,0.00933,1.85685,4.45033,2.68281,1.61912
Large (500-2000 lines),agentteamhq__agentteam-email__compose.yaml.yml,851,32604,5800,1,2.54422,0.001511,1.73901,4.28474,2.6188,1.64809
Large (500-2000 lines),agentteamhq__agentteam-email__compose.yaml.yml,851,32604,5800,2,2.53447,0.001496,1.72717,4.26313,2.63526,1.60749
Large (500-2000 lines),agentteamhq__agentteam-email__compose.yaml.yml,851,32604,5800,3,2.4852,0.001622,1.72527,4.21209,2.62124,1.62414
Large (500-2000 lines),agentteamhq__agentteam-email__compose.yaml.yml,851,32604,5800,4,2.53692,0.001577,1.74461,4.28311,2.63606,1.61352
Large (500-2000 lines),agentteamhq__agentteam-email__compose.yaml.yml,851,32604,5800,5,2.53005,0.001524,1.73294,4.26452,2.61791,1.62244
Large (500-2000 lines),agentteamhq__agentteam-email__compose.yaml.yml,851,32604,5800,6,2.54497,0.001474,1.72653,4.27298,2.6361,1.60107
Large (500-2000 lines),agentteamhq__agentteam-email__compose.yaml.yml,851,32604,5800,7,2.49755,0.001601,1.72064,4.21979,2.61224,1.62202
Large (500-2000 lines),agentteamhq__agentteam-email__compose.yaml.yml,851,32604,5800,8,2.54641,0.001611,1.73317,4.2812,2.63444,1.59851
Large (500-2000 lines),agentteamhq__agentteam-email__compose.yaml.yml,851,32604,5800,9,2.55071,0.001635,1.71952,4.27186,2.61068,1.6251
Large (500-2000 lines),agentteamhq__agentteam-email__compose.yaml.yml,851,32604,5800,10,2.52365,0.00152,1.7342,4.25936,2.63662,1.62529
Large (500-2000 lines),agentteamhq__agentteam-email__compose.yaml.yml,851,32604,5800,11,2.53313,0.001442,1.72597,4.26054,2.62675,1.61454
Large (500-2000 lines),agentteamhq__agentteam-email__compose.yaml.yml,851,32604,5800,12,2.53714,0.001462,1.73152,4.27013,2.63679,1.61062
Large (500-2000 lines),agentteamhq__agentteam-email__compose.yaml.yml,851,32604,5800,13,2.53936,0.001446,1.72327,4.26408,2.62726,1.62525
Large (500-2000 lines),agentteamhq__agentteam-email__compose.yaml.yml,851,32604,5800,14,2.54442,0.001693,1.73887,4.28499,2.63384,1.61089
Large (500-2000 lines),agentteamhq__agentteam-email__compose.yaml.yml,851,32604,5800,15,2.4998,0.001624,1.72399,4.22541,2.62736,1.64223
Large (500-2000 lines),agentteamhq__agentteam-email__compose.yaml.yml,851,32604,5800,16,2.54922,0.001459,1.72879,4.27947,2.62988,1.60563
Large (500-2000 lines),agentteamhq__agentteam-email__compose.yaml.yml,851,32604,5800,17,2.52717,0.001526,1.72481,4.2535,2.61459,1.62161
Large (500-2000 lines),agentteamhq__agentteam-email__compose.yaml.yml,851,32604,5800,18,2.52886,0.001412,1.72412,4.25439,2.63775,1.60361
Large (500-2000 lines),agentteamhq__agentteam-email__compose.yaml.yml,851,32604,5800,19,2.49209,0.001422,1.72376,4.21727,2.61927,1.63331
Large (500-2000 lines),agentteamhq__agentteam-email__compose.yaml.yml,851,32604,5800,20,2.53002,0.001413,1.73307,4.26451,2.63967,1.6108
Large (500-2000 lines),agentteamhq__agentteam-email__compose.yaml.yml,851,32604,5800,21,2.53328,0.001419,1.72249,4.25718,2.61433,1.62976
Large (500-2000 lines),agentteamhq__agentteam-email__compose.yaml.yml,851,32604,5800,22,2.48558,0.001522,1.72322,4.21033,2.63474,1.59578
Large (500-2000 lines),agentteamhq__agentteam-email__compose.yaml.yml,851,32604,5800,23,2.48788,0.001304,1.7161,4.20528,2.61568,1.62973
Large (500-2000 lines),agentteamhq__agentteam-email__compose.yaml.yml,851,32604,5800,24,2.5238,0.001428,1.72357,4.2488,2.63925,1.61149
Large (500-2000 lines),agentteamhq__agentteam-email__compose.yaml.yml,851,32604,5800,25,2.489,0.001426,1.73417,4.2246,2.61644,1.63189
Large (500-2000 lines),agentteamhq__agentteam-email__compose.yaml.yml,851,32604,5800,26,2.54074,0.002228,1.79844,4.34141,2.6781,1.65128
Large (500-2000 lines),agentteamhq__agentteam-email__compose.yaml.yml,851,32604,5800,27,2.60935,0.003896,1.81394,4.42719,2.63918,1.68842
Large (500-2000 lines),agentteamhq__agentteam-email__compose.yaml.yml,851,32604,5800,28,2.61838,0.002776,1.85246,4.47362,2.71205,1.6717
Large (500-2000 lines),agentteamhq__agentteam-email__compose.yaml.yml,851,32604,5800,29,2.61495,0.003053,1.84075,4.45875,2.69259,1.67934
Large (500-2000 lines),appwrite__appwrite__docker-compose.override.yml.yml,611,16000,5800,0,3.24236,1.02083,3.03111,7.2943,2.14637,1.74185
Large (500-2000 lines),appwrite__appwrite__docker-compose.override.yml.yml,611,16000,5800,1,1.99267,0.021954,1.82997,3.84459,1.71738,1.7644
Large (500-2000 lines),appwrite__appwrite__docker-compose.override.yml.yml,611,16000,5800,2,2.05512,0.022735,1.8577,3.93556,1.75456,1.75025
Large (500-2000 lines),appwrite__appwrite__docker-compose.override.yml.yml,611,16000,5800,3,2.04159,0.020947,1.8249,3.88745,1.73551,1.78239
Large (500-2000 lines),appwrite__appwrite__docker-compose.override.yml.yml,611,16000,5800,4,1.98996,0.019863,1.78312,3.79294,1.71527,1.77405
Large (500-2000 lines),appwrite__appwrite__docker-compose.override.yml.yml,611,16000,5800,5,2.04509,0.022439,1.85098,3.91851,1.73739,1.78088
Large (500-2000 lines),appwrite__appwrite__docker-compose.override.yml.yml,611,16000,5800,6,2.00383,0.023169,1.86381,3.8908,1.7523,1.76136
Large (500-2000 lines),appwrite__appwrite__docker-compose.override.yml.yml,611,16000,5800,7,2.03651,0.020521,1.82819,3.88522,1.72816,1.79027
Large (500-2000 lines),appwrite__appwrite__docker-compose.override.yml.yml,611,16000,5800,8,1.97327,0.020511,1.81961,3.81339,1.76388,1.7631
Large (500-2000 lines),appwrite__appwrite__docker-compose.override.yml.yml,611,16000,5800,9,2.03045,0.022056,1.84597,3.89847,1.74096,1.80707
Large (500-2000 lines),appwrite__appwrite__docker-compose.override.yml.yml,611,16000,5800,10,1.98604,0.021416,1.82519,3.83264,1.7642,1.75757
Large (500-2000 lines),appwrite__appwrite__docker-compose.override.yml.yml,611,16000,5800,11,2.03316,0.022144,1.85021,3.90551,1.72625,1.80174
Large (500-2000 lines),appwrite__appwrite__docker-compose.override.yml.yml,611,16000,5800,12,2.06196,0.020422,1.8257,3.90809,1.7568,1.76393
Large (500-2000 lines),appwrite__appwrite__docker-compose.override.yml.yml,611,16000,5800,13,2.04194,0.020721,1.84731,3.90998,1.73594,1.80291
Large (500-2000 lines),appwrite__appwrite__docker-compose.override.yml.yml,611,16000,5800,14,2.05027,0.022403,1.84055,3.91322,1.76004,1.76222
Large (500-2000 lines),appwrite__appwrite__docker-compose.override.yml.yml,611,16000,5800,15,1.98419,0.02035,1.8225,3.82704,1.76679,1.79856
Large (500-2000 lines),appwrite__appwrite__docker-compose.override.yml.yml,611,16000,5800,16,2.0482,0.022584,1.86762,3.93841,1.75763,1.75521
Large (500-2000 lines),appwrite__appwrite__docker-compose.override.yml.yml,611,16000,5800,17,2.03649,0.020759,1.81852,3.87577,1.73503,1.79172
Large (500-2000 lines),appwrite__appwrite__docker-compose.override.yml.yml,611,16000,5800,18,1.99651,0.022283,1.84453,3.86333,1.76395,1.75335
Large (500-2000 lines),appwrite__appwrite__docker-compose.override.yml.yml,611,16000,5800,19,2.04602,0.021869,1.81798,3.88587,1.72333,1.78414
Large (500-2000 lines),appwrite__appwrite__docker-compose.override.yml.yml,611,16000,5800,20,2.00342,0.021937,1.84255,3.8679,1.75507,1.75554
Large (500-2000 lines),appwrite__appwrite__docker-compose.override.yml.yml,611,16000,5800,21,2.0345,0.029641,1.81816,3.8823,1.73229,1.78051
Large (500-2000 lines),appwrite__appwrite__docker-compose.override.yml.yml,611,16000,5800,22,1.98719,0.019861,1.81885,3.8259,1.7488,1.75911
Large (500-2000 lines),appwrite__appwrite__docker-compose.override.yml.yml,611,16000,5800,23,1.99378,0.021313,1.82706,3.84215,1.73071,1.78059
Large (500-2000 lines),appwrite__appwrite__docker-compose.override.yml.yml,611,16000,5800,24,2.04561,0.019977,1.82338,3.88896,1.74871,1.75549
Large (500-2000 lines),appwrite__appwrite__docker-compose.override.yml.yml,611,16000,5800,25,2.03651,0.020289,1.82469,3.88149,1.73259,1.79296
Large (500-2000 lines),appwrite__appwrite__docker-compose.override.yml.yml,611,16000,5800,26,2.05153,0.019981,1.81702,3.88853,1.75371,1.75741
Large (500-2000 lines),appwrite__appwrite__docker-compose.override.yml.yml,611,16000,5800,27,2.02301,0.020402,1.81983,3.86324,1.72983,1.78673
Large (500-2000 lines),appwrite__appwrite__docker-compose.override.yml.yml,611,16000,5800,28,2.05228,0.019802,1.81133,3.8834,1.75462,1.757
Large (500-2000 lines),appwrite__appwrite__docker-compose.override.yml.yml,611,16000,5800,29,2.02721,0.019974,1.81616,3.86334,1.73015,1.7747
Large (500-2000 lines),appwrite__appwrite__docker-compose.yml.yml,1862,54612,7612,0,6.49501,0.651187,6.22237,13.3686,5.95157,5.94715
Large (500-2000 lines),appwrite__appwrite__docker-compose.yml.yml,1862,54612,7612,1,6.38013,0.057013,6.13826,12.5754,5.95792,6.19471
Large (500-2000 lines),appwrite__appwrite__docker-compose.yml.yml,1862,54612,7612,2,6.53753,0.061137,6.22881,12.8275,6.05989,6.11006
Large (500-2000 lines),appwrite__appwrite__docker-compose.yml.yml,1862,54612,7612,3,6.54729,0.059697,6.26517,12.8722,6.0116,6.21712
Large (500-2000 lines),appwrite__appwrite__docker-compose.yml.yml,1862,54612,7612,4,6.56355,0.057692,6.23648,12.8577,6.08619,6.08149
Large (500-2000 lines),appwrite__appwrite__docker-compose.yml.yml,1862,54612,7612,5,6.51758,0.059993,6.25561,12.8332,6.01055,6.18001
Large (500-2000 lines),appwrite__appwrite__docker-compose.yml.yml,1862,54612,7612,6,6.52777,0.057783,6.20502,12.7906,6.05752,6.08744
Large (500-2000 lines),appwrite__appwrite__docker-compose.yml.yml,1862,54612,7612,7,6.512,0.057235,6.18447,12.7537,5.98338,6.12367
Large (500-2000 lines),appwrite__appwrite__docker-compose.yml.yml,1862,54612,7612,8,6.50431,0.055086,6.18573,12.7451,6.02679,6.06513
Large (500-2000 lines),appwrite__appwrite__docker-compose.yml.yml,1862,54612,7612,9,6.4648,0.053835,6.16286,12.6815,5.83484,6.07214
Large (500-2000 lines),appwrite__appwrite__docker-compose.yml.yml,1862,54612,7612,10,6.18515,0.052273,6.01873,12.2562,5.97319,6.15611
Large (500-2000 lines),appwrite__appwrite__docker-compose.yml.yml,1862,54612,7612,11,6.56677,0.061237,6.2599,12.8879,6.00097,6.18592
Large (500-2000 lines),appwrite__appwrite__docker-compose.yml.yml,1862,54612,7612,12,6.52879,0.057097,6.19532,12.7812,6.03265,6.09848
Large (500-2000 lines),appwrite__appwrite__docker-compose.yml.yml,1862,54612,7612,13,6.47811,0.055709,6.18213,12.7159,6.00026,6.14134
Large (500-2000 lines),appwrite__appwrite__docker-compose.yml.yml,1862,54612,7612,14,6.86421,0.063107,6.33647,13.2638,6.10766,6.07998
Large (500-2000 lines),appwrite__appwrite__docker-compose.yml.yml,1862,54612,7612,15,6.52973,0.059069,6.22349,12.8123,6.01518,6.12246
Large (500-2000 lines),appwrite__appwrite__docker-compose.yml.yml,1862,54612,7612,16,6.51677,0.055531,6.21261,12.7849,6.06862,6.05851
Large (500-2000 lines),appwrite__appwrite__docker-compose.yml.yml,1862,54612,7612,17,6.37195,0.057706,6.16377,12.5934,5.98751,6.11694
Large (500-2000 lines),appwrite__appwrite__docker-compose.yml.yml,1862,54612,7612,18,6.51465,0.055848,6.15859,12.7291,6.0098,5.9287
Large (500-2000 lines),appwrite__appwrite__docker-compose.yml.yml,1862,54612,7612,19,6.36422,0.054564,6.10998,12.5288,5.83016,6.10361
Large (500-2000 lines),appwrite__appwrite__docker-compose.yml.yml,1862,54612,7612,20,6.30835,0.051302,6.01013,12.3698,5.86731,5.96492
Large (500-2000 lines),appwrite__appwrite__docker-compose.yml.yml,1862,54612,7612,21,6.32276,0.052003,6.00082,12.3756,5.83104,5.96497
Large (500-2000 lines),appwrite__appwrite__docker-compose.yml.yml,1862,54612,7612,22,6.33817,0.052562,6.01161,12.4023,5.88726,5.92422
Large (500-2000 lines),appwrite__appwrite__docker-compose.yml.yml,1862,54612,7612,23,6.21239,0.05205,6.00691,12.2714,5.84989,5.97588
Large (500-2000 lines),appwrite__appwrite__docker-compose.yml.yml,1862,54612,7612,24,6.35378,0.051403,6.00068,12.4059,5.89586,5.90989
Large (500-2000 lines),appwrite__appwrite__docker-compose.yml.yml,1862,54612,7612,25,6.37348,0.053387,6.08333,12.5102,5.84116,6.09152
Large (500-2000 lines),appwrite__appwrite__docker-compose.yml.yml,1862,54612,7612,26,6.34585,0.051832,6.01007,12.4078,5.88319,5.91645
Large (500-2000 lines),appwrite__appwrite__docker-compose.yml.yml,1862,54612,7612,27,6.33874,0.053483,6.00121,12.3934,5.84393,5.95386
Large (500-2000 lines),appwrite__appwrite__docker-compose.yml.yml,1862,54612,7612,28,6.34668,0.051806,6.0034,12.4019,5.88343,5.92488
Large (500-2000 lines),appwrite__appwrite__docker-compose.yml.yml,1862,54612,7612,29,6.22225,0.052448,5.99846,12.2732,5.84362,5.96105
Large (500-2000 lines),blaineventurine__home-automation-docker__docker-compose.yml.yml,927,27268,5980,0,2.64968,0.618823,2.10967,5.37817,2.51308,1.89559
Large (500-2000 lines),blaineventurine__home-automation-docker__docker-compose.yml.yml,927,27268,5980,1,2.62882,0.023587,2.0159,4.6683,2.50745,1.95237
Large (500-2000 lines),blaineventurine__home-automation-docker__docker-compose.yml.yml,927,27268,5980,2,2.60918,0.023843,1.99647,4.6295,2.51659,1.90352
Large (500-2000 lines),blaineventurine__home-automation-docker__docker-compose.yml.yml,927,27268,5980,3,2.61217,0.023022,1.98162,4.61682,2.4642,1.92013
Large (500-2000 lines),blaineventurine__home-automation-docker__docker-compose.yml.yml,927,27268,5980,4,2.60056,0.02347,1.98013,4.60416,2.4892,1.89488
Large (500-2000 lines),blaineventurine__home-automation-docker__docker-compose.yml.yml,927,27268,5980,5,2.60822,0.023463,1.9652,4.59689,2.46411,1.92123
Large (500-2000 lines),blaineventurine__home-automation-docker__docker-compose.yml.yml,927,27268,5980,6,2.61328,0.023161,1.96081,4.59725,2.49314,1.8933
Large (500-2000 lines),blaineventurine__home-automation-docker__docker-compose.yml.yml,927,27268,5980,7,2.60895,0.023584,1.9784,4.61093,2.52626,1.91225
Large (500-2000 lines),blaineventurine__home-automation-docker__docker-compose.yml.yml,927,27268,5980,8,2.60691,0.023797,1.96714,4.59785,2.5291,1.94037
Large (500-2000 lines),blaineventurine__home-automation-docker__docker-compose.yml.yml,927,27268,5980,9,2.68352,0.024387,2.00604,4.71395,2.53347,1.9743
Large (500-2000 lines),blaineventurine__home-automation-docker__docker-compose.yml.yml,927,27268,5980,10,2.68317,0.027269,2.05726,4.7677,2.55924,1.94775
Large (500-2000 lines),blaineventurine__home-automation-docker__docker-compose.yml.yml,927,27268,5980,11,2.5981,0.025179,2.01719,4.64047,2.53464,1.96555
Large (500-2000 lines),blaineventurine__home-automation-docker__docker-compose.yml.yml,927,27268,5980,12,2.67148,0.024583,2.0134,4.70945,2.55337,1.93281
Large (500-2000 lines),blaineventurine__home-automation-docker__docker-compose.yml.yml,927,27268,5980,13,2.61915,0.024142,1.98963,4.63292,2.54183,1.93422
Large (500-2000 lines),blaineventurine__home-automation-docker__docker-compose.yml.yml,927,27268,5980,14,2.62598,0.025733,2.03209,4.6838,2.55407,1.93518
Large (500-2000 lines),blaineventurine__home-automation-docker__docker-compose.yml.yml,927,27268,5980,15,2.66173,0.024868,2.0186,4.7052,2.52499,1.97406
Large (500-2000 lines),blaineventurine__home-automation-docker__docker-compose.yml.yml,927,27268,5980,16,2.67025,0.024091,2.01859,4.71293,2.54956,1.94247
Large (500-2000 lines),blaineventurine__home-automation-docker__docker-compose.yml.yml,927,27268,5980,17,2.64742,0.023718,2.01983,4.69097,2.5311,1.95984
Large (500-2000 lines),blaineventurine__home-automation-docker__docker-compose.yml.yml,927,27268,5980,18,2.67118,0.024301,2.01645,4.71193,2.5552,1.94452
Large (500-2000 lines),blaineventurine__home-automation-docker__docker-compose.yml.yml,927,27268,5980,19,2.67619,0.024027,2.02511,4.72533,2.53259,1.96072
Large (500-2000 lines),blaineventurine__home-automation-docker__docker-compose.yml.yml,927,27268,5980,20,2.6757,0.023914,2.01796,4.71758,2.55102,1.93891
Large (500-2000 lines),blaineventurine__home-automation-docker__docker-compose.yml.yml,927,27268,5980,21,2.67805,0.024287,2.01138,4.71371,2.53223,1.96865
Large (500-2000 lines),blaineventurine__home-automation-docker__docker-compose.yml.yml,927,27268,5980,22,2.6162,0.024598,2.01895,4.65975,2.55037,1.94367
Large (500-2000 lines),blaineventurine__home-automation-docker__docker-compose.yml.yml,927,27268,5980,23,2.66824,0.023957,2.01543,4.70762,2.5296,1.96392
Large (500-2000 lines),blaineventurine__home-automation-docker__docker-compose.yml.yml,927,27268,5980,24,2.69153,0.024454,2.02604,4.74203,2.55975,1.94268
Large (500-2000 lines),blaineventurine__home-automation-docker__docker-compose.yml.yml,927,27268,5980,25,2.68348,0.024743,2.03156,4.73978,2.52825,1.96623
Large (500-2000 lines),blaineventurine__home-automation-docker__docker-compose.yml.yml,927,27268,5980,26,2.67983,0.024109,2.02062,4.72456,2.55201,1.93381
Large (500-2000 lines),blaineventurine__home-automation-docker__docker-compose.yml.yml,927,27268,5980,27,2.66475,0.024346,2.0249,4.714,2.52711,1.9722
Large (500-2000 lines),blaineventurine__home-automation-docker__docker-compose.yml.yml,927,27268,5980,28,2.6735,0.024826,2.0266,4.72493,2.56074,1.94118
Large (500-2000 lines),blaineventurine__home-automation-docker__docker-compose.yml.yml,927,27268,5980,29,2.66678,0.026885,2.04948,4.74315,2.53873,1.9713
Large (500-2000 lines),botAGI__AGmind__tests_golden_expected_cluster_peer_docker-compose.rendered.yml.yml,1140,31173,7000,0,6.07808,0.646555,3.68155,10.4062,3.53457,3.42705
Large (500-2000 lines),botAGI__AGmind__tests_golden_expected_cluster_peer_docker-compose.rendered.yml.yml,1140,31173,7000,1,3.90297,0.033078,3.50746,7.44351,3.45693,3.44223
Large (500-2000 lines),botAGI__AGmind__tests_golden_expected_cluster_peer_docker-compose.rendered.yml.yml,1140,31173,7000,2,3.80628,0.031295,3.50101,7.33859,3.4964,3.41791
Large (500-2000 lines),botAGI__AGmind__tests_golden_expected_cluster_peer_docker-compose.rendered.yml.yml,1140,31173,7000,3,3.9174,0.031375,3.4831,7.43187,3.4512,3.4272
Large (500-2000 lines),botAGI__AGmind__tests_golden_expected_cluster_peer_docker-compose.rendered.yml.yml,1140,31173,7000,4,3.86738,0.031668,3.48231,7.38136,3.50005,3.41901
Large (500-2000 lines),botAGI__AGmind__tests_golden_expected_cluster_peer_docker-compose.rendered.yml.yml,1140,31173,7000,5,3.88677,0.031007,3.47729,7.39506,3.4513,3.43571
Large (500-2000 lines),botAGI__AGmind__tests_golden_expected_cluster_peer_docker-compose.rendered.yml.yml,1140,31173,7000,6,3.78402,0.030462,3.47508,7.28956,3.49164,3.39671
Large (500-2000 lines),botAGI__AGmind__tests_golden_expected_cluster_peer_docker-compose.rendered.yml.yml,1140,31173,7000,7,3.80524,0.031081,3.47482,7.31114,3.46118,3.44885
Large (500-2000 lines),botAGI__AGmind__tests_golden_expected_cluster_peer_docker-compose.rendered.yml.yml,1140,31173,7000,8,3.90716,0.030424,3.47591,7.4135,3.5094,3.40378
Large (500-2000 lines),botAGI__AGmind__tests_golden_expected_cluster_peer_docker-compose.rendered.yml.yml,1140,31173,7000,9,3.77734,0.031541,3.47457,7.28345,3.45969,3.42858
Large (500-2000 lines),botAGI__AGmind__tests_golden_expected_cluster_peer_docker-compose.rendered.yml.yml,1140,31173,7000,10,3.92757,0.030685,3.47793,7.43618,3.49533,3.39444
Large (500-2000 lines),botAGI__AGmind__tests_golden_expected_cluster_peer_docker-compose.rendered.yml.yml,1140,31173,7000,11,3.86885,0.031604,3.48843,7.38889,3.4504,3.4261
Large (500-2000 lines),botAGI__AGmind__tests_golden_expected_cluster_peer_docker-compose.rendered.yml.yml,1140,31173,7000,12,3.81147,0.030363,3.47662,7.31845,3.50323,3.41682
Large (500-2000 lines),botAGI__AGmind__tests_golden_expected_cluster_peer_docker-compose.rendered.yml.yml,1140,31173,7000,13,3.90073,0.03209,3.48928,7.4221,3.44984,3.44823
Large (500-2000 lines),botAGI__AGmind__tests_golden_expected_cluster_peer_docker-compose.rendered.yml.yml,1140,31173,7000,14,3.89585,0.0317,3.48238,7.40993,3.49582,3.41492
Large (500-2000 lines),botAGI__AGmind__tests_golden_expected_cluster_peer_docker-compose.rendered.yml.yml,1140,31173,7000,15,3.92251,0.030998,3.48601,7.43953,3.45373,3.43748
Large (500-2000 lines),botAGI__AGmind__tests_golden_expected_cluster_peer_docker-compose.rendered.yml.yml,1140,31173,7000,16,3.93348,0.030822,3.47573,7.44004,3.50086,3.42528
Large (500-2000 lines),botAGI__AGmind__tests_golden_expected_cluster_peer_docker-compose.rendered.yml.yml,1140,31173,7000,17,3.80651,0.030684,3.48494,7.32213,3.59263,3.50382
Large (500-2000 lines),botAGI__AGmind__tests_golden_expected_cluster_peer_docker-compose.rendered.yml.yml,1140,31173,7000,18,3.98247,0.033415,3.58195,7.59784,3.56984,3.3876
Large (500-2000 lines),botAGI__AGmind__tests_golden_expected_cluster_peer_docker-compose.rendered.yml.yml,1140,31173,7000,19,3.91894,0.031729,3.48439,7.43505,3.45604,3.44574
Large (500-2000 lines),botAGI__AGmind__tests_golden_expected_cluster_peer_docker-compose.rendered.yml.yml,1140,31173,7000,20,3.87642,0.029036,3.48036,7.38581,3.48309,3.40899
Large (500-2000 lines),botAGI__AGmind__tests_golden_expected_cluster_peer_docker-compose.rendered.yml.yml,1140,31173,7000,21,3.87446,0.029111,3.47336,7.37693,3.45347,3.42945
Large (500-2000 lines),botAGI__AGmind__tests_golden_expected_cluster_peer_docker-compose.rendered.yml.yml,1140,31173,7000,22,3.84624,0.029937,3.50614,7.38232,3.58483,3.49314
Large (500-2000 lines),botAGI__AGmind__tests_golden_expected_cluster_peer_docker-compose.rendered.yml.yml,1140,31173,7000,23,3.78571,0.028961,3.47148,7.28615,3.45139,3.43626
Large (500-2000 lines),botAGI__AGmind__tests_golden_expected_cluster_peer_docker-compose.rendered.yml.yml,1140,31173,7000,24,3.90902,0.029694,3.47357,7.41228,3.49321,3.41042
Large (500-2000 lines),botAGI__AGmind__tests_golden_expected_cluster_peer_docker-compose.rendered.yml.yml,1140,31173,7000,25,3.88287,0.030212,3.52527,7.43836,3.55313,3.65175
Large (500-2000 lines),botAGI__AGmind__tests_golden_expected_cluster_peer_docker-compose.rendered.yml.yml,1140,31173,7000,26,4.015,0.033398,3.57202,7.62042,3.59524,3.49056
Large (500-2000 lines),botAGI__AGmind__tests_golden_expected_cluster_peer_docker-compose.rendered.yml.yml,1140,31173,7000,27,3.94783,0.030302,3.47621,7.45433,5.24776,3.51594
Large (500-2000 lines),botAGI__AGmind__tests_golden_expected_cluster_peer_docker-compose.rendered.yml.yml,1140,31173,7000,28,5.48906,0.090341,6.34092,11.9203,3.92187,3.57325
Large (500-2000 lines),botAGI__AGmind__tests_golden_expected_cluster_peer_docker-compose.rendered.yml.yml,1140,31173,7000,29,4.0565,0.038401,3.79458,7.88949,4.52097,5.41223
Large (500-2000 lines),botAGI__AGmind__tests_golden_expected_full_lan_docker-compose.rendered.yml.yml,1140,31173,6960,0,6.22378,0.994424,5.7297,12.9479,5.40479,4.59414
Large (500-2000 lines),botAGI__AGmind__tests_golden_expected_full_lan_docker-compose.rendered.yml.yml,1140,31173,6960,1,4.00147,0.034347,3.62933,7.66515,3.55886,3.54835
Large (500-2000 lines),botAGI__AGmind__tests_golden_expected_full_lan_docker-compose.rendered.yml.yml,1140,31173,6960,2,3.868,0.030704,3.51361,7.41232,3.53441,3.42795
Large (500-2000 lines),botAGI__AGmind__tests_golden_expected_full_lan_docker-compose.rendered.yml.yml,1140,31173,6960,3,3.90419,0.029315,3.49579,7.4293,3.54175,3.53146
Large (500-2000 lines),botAGI__AGmind__tests_golden_expected_full_lan_docker-compose.rendered.yml.yml,1140,31173,6960,4,4.00681,0.030508,3.4982,7.53552,3.59187,3.41896
Large (500-2000 lines),botAGI__AGmind__tests_golden_expected_full_lan_docker-compose.rendered.yml.yml,1140,31173,6960,5,3.90223,0.029808,3.48034,7.41238,3.46531,3.47853
Large (500-2000 lines),botAGI__AGmind__tests_golden_expected_full_lan_docker-compose.rendered.yml.yml,1140,31173,6960,6,3.88956,0.031695,3.69243,7.61368,3.72318,3.53383
Large (500-2000 lines),botAGI__AGmind__tests_golden_expected_full_lan_docker-compose.rendered.yml.yml,1140,31173,6960,7,4.04793,0.034778,3.65251,7.73522,3.56017,3.54839
Large (500-2000 lines),botAGI__AGmind__tests_golden_expected_full_lan_docker-compose.rendered.yml.yml,1140,31173,6960,8,3.91216,0.031194,3.57983,7.52318,3.58926,3.50414
Large (500-2000 lines),botAGI__AGmind__tests_golden_expected_full_lan_docker-compose.rendered.yml.yml,1140,31173,6960,9,3.88216,0.030235,3.57469,7.48709,3.53903,3.51939
Large (500-2000 lines),botAGI__AGmind__tests_golden_expected_full_lan_docker-compose.rendered.yml.yml,1140,31173,6960,10,4.03636,0.030832,3.57947,7.64666,3.59716,3.48743
Large (500-2000 lines),botAGI__AGmind__tests_golden_expected_full_lan_docker-compose.rendered.yml.yml,1140,31173,6960,11,3.91976,0.029664,3.57822,7.52764,3.55646,3.52635
Large (500-2000 lines),botAGI__AGmind__tests_golden_expected_full_lan_docker-compose.rendered.yml.yml,1140,31173,6960,12,3.99919,0.030218,3.57061,7.60002,3.59075,3.58597
Large (500-2000 lines),botAGI__AGmind__tests_golden_expected_full_lan_docker-compose.rendered.yml.yml,1140,31173,6960,13,3.96205,0.035336,3.64866,7.64604,3.54937,3.54351
Large (500-2000 lines),botAGI__AGmind__tests_golden_expected_full_lan_docker-compose.rendered.yml.yml,1140,31173,6960,14,4.01277,0.03059,3.59497,7.63833,3.58937,3.49553
Large (500-2000 lines),botAGI__AGmind__tests_golden_expected_full_lan_docker-compose.rendered.yml.yml,1140,31173,6960,15,3.99734,0.030751,3.58442,7.61252,3.56884,3.52974
Large (500-2000 lines),botAGI__AGmind__tests_golden_expected_full_lan_docker-compose.rendered.yml.yml,1140,31173,6960,16,3.88267,0.030559,3.57195,7.48519,3.58324,3.47719
Large (500-2000 lines),botAGI__AGmind__tests_golden_expected_full_lan_docker-compose.rendered.yml.yml,1140,31173,6960,17,3.86973,0.030636,3.5742,7.47456,3.54793,3.51238
Large (500-2000 lines),botAGI__AGmind__tests_golden_expected_full_lan_docker-compose.rendered.yml.yml,1140,31173,6960,18,3.98968,0.030363,3.57374,7.59378,3.5793,3.49654
Large (500-2000 lines),botAGI__AGmind__tests_golden_expected_full_lan_docker-compose.rendered.yml.yml,1140,31173,6960,19,3.91153,0.02992,3.68666,7.62811,3.5826,3.61521
Large (500-2000 lines),botAGI__AGmind__tests_golden_expected_full_lan_docker-compose.rendered.yml.yml,1140,31173,6960,20,4.01658,0.033668,3.6279,7.67815,3.60652,3.50395
Large (500-2000 lines),botAGI__AGmind__tests_golden_expected_full_lan_docker-compose.rendered.yml.yml,1140,31173,6960,21,3.97706,0.033012,3.57488,7.58495,3.54718,3.53135
Large (500-2000 lines),botAGI__AGmind__tests_golden_expected_full_lan_docker-compose.rendered.yml.yml,1140,31173,6960,22,3.87932,0.030197,3.58265,7.49216,3.58842,3.49634
Large (500-2000 lines),botAGI__AGmind__tests_golden_expected_full_lan_docker-compose.rendered.yml.yml,1140,31173,6960,23,4.00464,0.030088,3.57382,7.60855,3.54625,3.52176
Large (500-2000 lines),botAGI__AGmind__tests_golden_expected_full_lan_docker-compose.rendered.yml.yml,1140,31173,6960,24,4.01686,0.0307,3.5902,7.63776,3.59188,3.48076
Large (500-2000 lines),botAGI__AGmind__tests_golden_expected_full_lan_docker-compose.rendered.yml.yml,1140,31173,6960,25,3.9012,0.031152,3.58116,7.51352,3.58121,3.5283
Large (500-2000 lines),botAGI__AGmind__tests_golden_expected_full_lan_docker-compose.rendered.yml.yml,1140,31173,6960,26,3.90963,0.035439,3.6744,7.61947,3.64106,3.49579
Large (500-2000 lines),botAGI__AGmind__tests_golden_expected_full_lan_docker-compose.rendered.yml.yml,1140,31173,6960,27,4.01891,0.033059,3.58234,7.63431,3.55141,3.52805
Large (500-2000 lines),botAGI__AGmind__tests_golden_expected_full_lan_docker-compose.rendered.yml.yml,1140,31173,6960,28,4.01606,0.030306,3.57469,7.62105,3.59104,3.49167
Large (500-2000 lines),botAGI__AGmind__tests_golden_expected_full_lan_docker-compose.rendered.yml.yml,1140,31173,6960,29,4.01609,0.030642,3.57553,7.62226,3.55732,3.52901
XLarge (>2000 lines),botAGI__AGmind__templates_docker-compose.yml.yml,2057,77272,8204,0,7.88225,0.67171,6.43354,14.9875,6.82614,6.09866
XLarge (>2000 lines),botAGI__AGmind__templates_docker-compose.yml.yml,2057,77272,8204,1,7.62593,0.057265,6.20088,13.8841,6.6571,6.11784
XLarge (>2000 lines),botAGI__AGmind__templates_docker-compose.yml.yml,2057,77272,8204,2,7.69725,0.057314,6.20138,13.9559,6.57236,5.87106
XLarge (>2000 lines),botAGI__AGmind__templates_docker-compose.yml.yml,2057,77272,8204,3,7.51488,0.055066,6.00572,13.5757,6.51044,5.94664
XLarge (>2000 lines),botAGI__AGmind__templates_docker-compose.yml.yml,2057,77272,8204,4,7.61656,0.062422,6.38997,14.069,6.86266,6.05321
XLarge (>2000 lines),botAGI__AGmind__templates_docker-compose.yml.yml,2057,77272,8204,5,7.73473,0.058525,6.19196,13.9852,6.63386,6.10501
XLarge (>2000 lines),botAGI__AGmind__templates_docker-compose.yml.yml,2057,77272,8204,6,7.53412,0.055972,6.02314,13.6132,6.73291,6.01752
XLarge (>2000 lines),botAGI__AGmind__templates_docker-compose.yml.yml,2057,77272,8204,7,7.32664,0.056178,6.21957,13.6024,6.65232,6.11322
XLarge (>2000 lines),botAGI__AGmind__templates_docker-compose.yml.yml,2057,77272,8204,8,7.724,0.060366,6.34119,14.1256,6.81469,6.03688
XLarge (>2000 lines),botAGI__AGmind__templates_docker-compose.yml.yml,2057,77272,8204,9,8.13559,0.060023,6.2562,14.4518,6.6356,6.15599
XLarge (>2000 lines),botAGI__AGmind__templates_docker-compose.yml.yml,2057,77272,8204,10,7.68937,0.056951,6.16019,13.9065,6.71341,6.00435
XLarge (>2000 lines),botAGI__AGmind__templates_docker-compose.yml.yml,2057,77272,8204,11,7.70878,0.055174,6.24643,14.0104,6.68562,6.17329
XLarge (>2000 lines),botAGI__AGmind__templates_docker-compose.yml.yml,2057,77272,8204,12,7.69426,0.05859,6.19703,13.9499,6.70666,6.04909
XLarge (>2000 lines),botAGI__AGmind__templates_docker-compose.yml.yml,2057,77272,8204,13,7.69307,0.056679,6.07403,13.8238,6.55956,6.00882
XLarge (>2000 lines),botAGI__AGmind__templates_docker-compose.yml.yml,2057,77272,8204,14,7.41599,0.056738,6.136,13.6087,6.67997,5.86844
XLarge (>2000 lines),botAGI__AGmind__templates_docker-compose.yml.yml,2057,77272,8204,15,7.49669,0.053999,6.00133,13.552,6.9824,6.11733
XLarge (>2000 lines),botAGI__AGmind__templates_docker-compose.yml.yml,2057,77272,8204,16,7.74288,0.061562,6.26336,14.0678,6.74538,6.02112
XLarge (>2000 lines),botAGI__AGmind__templates_docker-compose.yml.yml,2057,77272,8204,17,7.52225,0.057713,6.16795,13.7479,6.6465,6.10818
XLarge (>2000 lines),botAGI__AGmind__templates_docker-compose.yml.yml,2057,77272,8204,18,7.65499,0.058108,6.19709,13.9102,6.71102,5.85292
XLarge (>2000 lines),botAGI__AGmind__templates_docker-compose.yml.yml,2057,77272,8204,19,7.52319,0.060286,6.33481,13.9183,6.69242,6.1854
XLarge (>2000 lines),botAGI__AGmind__templates_docker-compose.yml.yml,2057,77272,8204,20,7.64569,0.059504,6.18532,13.8905,6.71525,5.93117
XLarge (>2000 lines),botAGI__AGmind__templates_docker-compose.yml.yml,2057,77272,8204,21,7.35663,0.058632,6.18758,13.6028,6.65029,6.1471
XLarge (>2000 lines),botAGI__AGmind__templates_docker-compose.yml.yml,2057,77272,8204,22,7.47405,0.056938,6.16638,13.6974,6.70674,5.95307
XLarge (>2000 lines),botAGI__AGmind__templates_docker-compose.yml.yml,2057,77272,8204,23,7.40573,0.054006,6.1072,13.5669,6.56791,6.08186
XLarge (>2000 lines),botAGI__AGmind__templates_docker-compose.yml.yml,2057,77272,8204,24,7.32121,0.052172,6.31449,13.6879,6.93796,6.03704
XLarge (>2000 lines),botAGI__AGmind__templates_docker-compose.yml.yml,2057,77272,8204,25,7.67342,0.059769,6.1951,13.9283,6.61848,6.09375
XLarge (>2000 lines),botAGI__AGmind__templates_docker-compose.yml.yml,2057,77272,8204,26,7.49146,0.054861,9.59466,17.141,7.62094,5.87896
XLarge (>2000 lines),botAGI__AGmind__templates_docker-compose.yml.yml,2057,77272,8204,27,7.26896,0.056849,6.03558,13.3614,6.49302,5.96645
XLarge (>2000 lines),botAGI__AGmind__templates_docker-compose.yml.yml,2057,77272,8204,28,7.50758,0.055761,5.96787,13.5312,6.53666,5.85325
XLarge (>2000 lines),botAGI__AGmind__templates_docker-compose.yml.yml,2057,77272,8204,29,7.64107,0.060444,6.09837,13.7999,6.52338,6.02187
XLarge (>2000 lines),florianajir__pi-pcloud__compose.yaml.yml,2591,117545,8496,0,9.4897,0.666433,6.22477,16.3809,9.43814,5.89694
XLarge (>2000 lines),florianajir__pi-pcloud__compose.yaml.yml,2591,117545,8496,1,9.38665,0.079043,6.01668,15.4824,8.96771,5.8306
XLarge (>2000 lines),florianajir__pi-pcloud__compose.yaml.yml,2591,117545,8496,2,9.33132,0.078972,5.96104,15.3713,9.05035,5.70891
XLarge (>2000 lines),florianajir__pi-pcloud__compose.yaml.yml,2591,117545,8496,3,9.2981,0.075828,5.9297,15.3036,9.18399,5.85899
XLarge (>2000 lines),florianajir__pi-pcloud__compose.yaml.yml,2591,117545,8496,4,9.34785,0.078114,5.97291,15.3989,9.0481,5.70863
XLarge (>2000 lines),florianajir__pi-pcloud__compose.yaml.yml,2591,117545,8496,5,9.32823,0.077695,5.91897,15.3249,8.95334,5.86544
XLarge (>2000 lines),florianajir__pi-pcloud__compose.yaml.yml,2591,117545,8496,6,9.26622,0.076808,6.06464,15.4077,9.58091,5.99172
XLarge (>2000 lines),florianajir__pi-pcloud__compose.yaml.yml,2591,117545,8496,7,9.39605,0.080674,6.14792,15.6246,9.20462,6.02601
XLarge (>2000 lines),florianajir__pi-pcloud__compose.yaml.yml,2591,117545,8496,8,9.54352,0.077509,6.03368,15.6547,9.36895,5.77254
XLarge (>2000 lines),florianajir__pi-pcloud__compose.yaml.yml,2591,117545,8496,9,9.30372,0.078175,5.93436,15.3163,8.98133,5.85284
XLarge (>2000 lines),florianajir__pi-pcloud__compose.yaml.yml,2591,117545,8496,10,9.11189,0.078319,5.95945,15.1497,9.07159,5.72329
XLarge (>2000 lines),florianajir__pi-pcloud__compose.yaml.yml,2591,117545,8496,11,9.27698,0.07778,7.14749,16.5022,11.5778,12.9419
XLarge (>2000 lines),florianajir__pi-pcloud__compose.yaml.yml,2591,117545,8496,12,9.5749,0.081747,6.51952,16.1762,9.6531,6.30514
XLarge (>2000 lines),florianajir__pi-pcloud__compose.yaml.yml,2591,117545,8496,13,10.2257,0.086722,6.38456,16.697,9.26992,6.0466
XLarge (>2000 lines),florianajir__pi-pcloud__compose.yaml.yml,2591,117545,8496,14,9.43303,0.080277,6.17081,15.6841,9.34006,5.91428
XLarge (>2000 lines),florianajir__pi-pcloud__compose.yaml.yml,2591,117545,8496,15,9.54895,0.079838,6.12004,15.7488,9.33249,6.04625
XLarge (>2000 lines),florianajir__pi-pcloud__compose.yaml.yml,2591,117545,8496,16,10.7518,0.096356,7.37108,18.2192,9.3229,5.91451
XLarge (>2000 lines),florianajir__pi-pcloud__compose.yaml.yml,2591,117545,8496,17,9.57121,0.081094,6.13795,15.7903,9.22838,6.02909
XLarge (>2000 lines),florianajir__pi-pcloud__compose.yaml.yml,2591,117545,8496,18,9.32968,0.079001,6.14473,15.5534,9.3215,5.8798
XLarge (>2000 lines),florianajir__pi-pcloud__compose.yaml.yml,2591,117545,8496,19,9.58043,0.080837,6.82939,16.4907,9.20326,6.01878
XLarge (>2000 lines),florianajir__pi-pcloud__compose.yaml.yml,2591,117545,8496,20,9.67214,0.09002,6.258,16.0202,9.44238,5.91632
XLarge (>2000 lines),florianajir__pi-pcloud__compose.yaml.yml,2591,117545,8496,21,9.55382,0.081505,6.05749,15.6928,9.18895,5.99584
XLarge (>2000 lines),florianajir__pi-pcloud__compose.yaml.yml,2591,117545,8496,22,9.702,0.085362,6.2836,16.071,9.49457,5.96287
XLarge (>2000 lines),florianajir__pi-pcloud__compose.yaml.yml,2591,117545,8496,23,9.73089,0.084726,6.20139,16.017,9.20343,6.08507
XLarge (>2000 lines),florianajir__pi-pcloud__compose.yaml.yml,2591,117545,8496,24,9.35542,0.07931,6.0859,15.5206,9.29536,5.94078
XLarge (>2000 lines),florianajir__pi-pcloud__compose.yaml.yml,2591,117545,8496,25,9.56992,0.079699,6.10425,15.7539,9.23084,5.99847
XLarge (>2000 lines),florianajir__pi-pcloud__compose.yaml.yml,2591,117545,8496,26,9.58381,0.081823,6.11955,15.7852,9.31597,5.90017
XLarge (>2000 lines),florianajir__pi-pcloud__compose.yaml.yml,2591,117545,8496,27,9.45803,0.077884,6.07411,15.61,9.28017,5.98393
XLarge (>2000 lines),florianajir__pi-pcloud__compose.yaml.yml,2591,117545,8496,28,9.57332,0.085697,6.17234,15.8314,9.34666,5.91623
XLarge (>2000 lines),florianajir__pi-pcloud__compose.yaml.yml,2591,117545,8496,29,9.49727,0.085473,6.07677,15.6595,9.50108,6.05965
